[2026-08-01 15:34:30,983][rllm.data.dataset][INFO] - Loaded dataset 'deepscaler_math' split 'train' with 40315 examples.
[2026-08-01 15:34:30,985][rllm.data.dataset][INFO] - Loaded dataset 'deepscaler_math' split 'train' with 40315 examples.
[2026-08-01 15:34:30,985][rllm.data.dataset][INFO] - Loaded dataset 'deepscaler_math' split 'train' with 40315 examples.
[2026-08-01 15:34:31,047][rllm.data.dataset][INFO] - Loaded dataset 'aime2024' split 'test' with 30 examples.
[2026-08-01 15:34:31,047][rllm.data.dataset][INFO] - Loaded dataset 'aime2024' split 'test' with 30 examples.
[2026-08-01 15:34:31,047][rllm.data.dataset][INFO] - Loaded dataset 'aime2024' split 'test' with 30 examples.
trial-302221042-trialrun-302221042-worker-0:1836:1836 [0] NCCL INFO NCCL_SOCKET_FAMILY set by environment to AF_INET6
trial-302221042-trialrun-302221042-worker-0:1836:1836 [0] NCCL INFO NCCL_SOCKET_IFNAME set by environment to =eth0
trial-302221042-trialrun-302221042-worker-0:1836:1836 [0] NCCL INFO cudaDriverVersion 12090
trial-302221042-trialrun-302221042-worker-0:1836:1836 [0] NCCL INFO NCCL version 2.27.3+cuda12.9
trial-302221042-trialrun-302221042-worker-0:1836:1836 [0] NCCL INFO Comm config Blocking set to 1
trial-302221042-trialrun-302221042-worker-0:1837:1837 [1] NCCL INFO cudaDriverVersion 12090
trial-302221042-trialrun-302221042-worker-0:1837:1837 [1] NCCL INFO NCCL_SOCKET_FAMILY set by environment to AF_INET6
trial-302221042-trialrun-302221042-worker-0:1837:1837 [1] NCCL INFO NCCL_SOCKET_IFNAME set by environment to =eth0
trial-302221042-trialrun-302221042-worker-0:1837:1837 [1] NCCL INFO NCCL version 2.27.3+cuda12.9
trial-302221042-trialrun-302221042-worker-0:1838:1838 [2] NCCL INFO cudaDriverVersion 12090
trial-302221042-trialrun-302221042-worker-0:1837:1837 [1] NCCL INFO Comm config Blocking set to 1
trial-302221042-trialrun-302221042-worker-0:1838:1838 [2] NCCL INFO NCCL_SOCKET_FAMILY set by environment to AF_INET6
trial-302221042-trialrun-302221042-worker-0:1838:1838 [2] NCCL INFO NCCL_SOCKET_IFNAME set by environment to =eth0
trial-302221042-trialrun-302221042-worker-0:1838:1838 [2] NCCL INFO NCCL version 2.27.3+cuda12.9
trial-302221042-trialrun-302221042-worker-0:1838:1838 [2] NCCL INFO Comm config Blocking set to 1
trial-302221042-trialrun-302221042-worker-0:1836:2188 [0] NCCL INFO NET/Plugin: Could not find: libnccl-net.so. 
trial-302221042-trialrun-302221042-worker-0:1836:2188 [0] NCCL INFO NCCL_IB_DISABLE set by environment to 0.
trial-302221042-trialrun-302221042-worker-0:1837:2189 [1] NCCL INFO NET/Plugin: Could not find: libnccl-net.so. 
trial-302221042-trialrun-302221042-worker-0:1838:2190 [2] NCCL INFO NET/Plugin: Could not find: libnccl-net.so. 
trial-302221042-trialrun-302221042-worker-0:1837:2189 [1] NCCL INFO NCCL_IB_DISABLE set by environment to 0.
trial-302221042-trialrun-302221042-worker-0:1838:2190 [2] NCCL INFO NCCL_IB_DISABLE set by environment to 0.
trial-302221042-trialrun-302221042-worker-0:1837:2189 [1] NCCL INFO NCCL_SOCKET_FAMILY set by environment to AF_INET6
trial-302221042-trialrun-302221042-worker-0:1837:2189 [1] NCCL INFO NCCL_SOCKET_IFNAME set by environment to =eth0
trial-302221042-trialrun-302221042-worker-0:1836:2188 [0] NCCL INFO NCCL_SOCKET_FAMILY set by environment to AF_INET6
trial-302221042-trialrun-302221042-worker-0:1836:2188 [0] NCCL INFO NCCL_SOCKET_IFNAME set by environment to =eth0
trial-302221042-trialrun-302221042-worker-0:1838:2190 [2] NCCL INFO NCCL_SOCKET_FAMILY set by environment to AF_INET6
trial-302221042-trialrun-302221042-worker-0:1838:2190 [2] NCCL INFO NCCL_SOCKET_IFNAME set by environment to =eth0
trial-302221042-trialrun-302221042-worker-0:1836:2188 [0] NCCL INFO NCCL_IB_HCA set to ^=mlx5_8
trial-302221042-trialrun-302221042-worker-0:1838:2190 [2] NCCL INFO NCCL_IB_HCA set to ^=mlx5_8
trial-302221042-trialrun-302221042-worker-0:1837:2189 [1] NCCL INFO NCCL_IB_HCA set to ^=mlx5_8
trial-302221042-trialrun-302221042-worker-0:1837:2189 [1] NCCL INFO NET/IB : Using [0]mlx5_0:1/IB [1]mlx5_1:1/IB [2]mlx5_2:1/IB [3]mlx5_3:1/IB [4]mlx5_4:1/IB [5]mlx5_5:1/IB [6]mlx5_6:1/IB [7]mlx5_7:1/IB [RO]; OOB eth0:fdbd:fdbd:fdbd:fdbd:ffff:ffff:0:14<0>
trial-302221042-trialrun-302221042-worker-0:1837:2189 [1] NCCL INFO Initialized NET plugin IB
trial-302221042-trialrun-302221042-worker-0:1837:2189 [1] NCCL INFO Assigned NET plugin IB to comm
trial-302221042-trialrun-302221042-worker-0:1837:2189 [1] NCCL INFO Using network IB
trial-302221042-trialrun-302221042-worker-0:1838:2190 [2] NCCL INFO NET/IB : Using [0]mlx5_0:1/IB [1]mlx5_1:1/IB [2]mlx5_2:1/IB [3]mlx5_3:1/IB [4]mlx5_4:1/IB [5]mlx5_5:1/IB [6]mlx5_6:1/IB [7]mlx5_7:1/IB [RO]; OOB eth0:fdbd:fdbd:fdbd:fdbd:ffff:ffff:0:14<0>
trial-302221042-trialrun-302221042-worker-0:1838:2190 [2] NCCL INFO Initialized NET plugin IB
trial-302221042-trialrun-302221042-worker-0:1838:2190 [2] NCCL INFO Assigned NET plugin IB to comm
trial-302221042-trialrun-302221042-worker-0:1838:2190 [2] NCCL INFO Using network IB
trial-302221042-trialrun-302221042-worker-0:1836:2188 [0] NCCL INFO NET/IB : Using [0]mlx5_0:1/IB [1]mlx5_1:1/IB [2]mlx5_2:1/IB [3]mlx5_3:1/IB [4]mlx5_4:1/IB [5]mlx5_5:1/IB [6]mlx5_6:1/IB [7]mlx5_7:1/IB [RO]; OOB eth0:fdbd:fdbd:fdbd:fdbd:ffff:ffff:0:14<0>
trial-302221042-trialrun-302221042-worker-0:1836:2188 [0] NCCL INFO Initialized NET plugin IB
trial-302221042-trialrun-302221042-worker-0:1836:2188 [0] NCCL INFO Assigned NET plugin IB to comm
trial-302221042-trialrun-302221042-worker-0:1836:2188 [0] NCCL INFO Using network IB
trial-302221042-trialrun-302221042-worker-0:1837:2189 [1] NCCL INFO ncclCommInitRankConfig comm 0xe856d50 rank 1 nranks 3 cudaDev 1 nvmlDev 2 busId b00000 commId 0x6641661e9950274c - Init START
trial-302221042-trialrun-302221042-worker-0:1838:2190 [2] NCCL INFO ncclCommInitRankConfig comm 0xfe4b0d0 rank 2 nranks 3 cudaDev 2 nvmlDev 3 busId c00000 commId 0x6641661e9950274c - Init START
trial-302221042-trialrun-302221042-worker-0:1836:2188 [0] NCCL INFO ncclCommInitRankConfig comm 0x132ff830 rank 0 nranks 3 cudaDev 0 nvmlDev 1 busId a00000 commId 0x6641661e9950274c - Init START
trial-302221042-trialrun-302221042-worker-0:1838:2190 [2] NCCL INFO RAS client listening socket at ::1<28028>
trial-302221042-trialrun-302221042-worker-0:1837:2189 [1] NCCL INFO RAS client listening socket at ::1<28028>
trial-302221042-trialrun-302221042-worker-0:1836:2188 [0] NCCL INFO RAS client listening socket at ::1<28028>
trial-302221042-trialrun-302221042-worker-0:1838:2190 [2] NCCL INFO NCCL_TOPO_FILE set by environment to /opt/tiger/arnold/arnold_entrypoint/nccl_topo_files/azure_ndv5_topo.xml
trial-302221042-trialrun-302221042-worker-0:1836:2188 [0] NCCL INFO NCCL_TOPO_FILE set by environment to /opt/tiger/arnold/arnold_entrypoint/nccl_topo_files/azure_ndv5_topo.xml
trial-302221042-trialrun-302221042-worker-0:1837:2189 [1] NCCL INFO NCCL_TOPO_FILE set by environment to /opt/tiger/arnold/arnold_entrypoint/nccl_topo_files/azure_ndv5_topo.xml
trial-302221042-trialrun-302221042-worker-0:1837:2189 [1] NCCL INFO Could not open XML topology file /opt/tiger/arnold/arnold_entrypoint/nccl_topo_files/azure_ndv5_topo.xml : No such file or directory
trial-302221042-trialrun-302221042-worker-0:1838:2190 [2] NCCL INFO Could not open XML topology file /opt/tiger/arnold/arnold_entrypoint/nccl_topo_files/azure_ndv5_topo.xml : No such file or directory
trial-302221042-trialrun-302221042-worker-0:1836:2188 [0] NCCL INFO Could not open XML topology file /opt/tiger/arnold/arnold_entrypoint/nccl_topo_files/azure_ndv5_topo.xml : No such file or directory
trial-302221042-trialrun-302221042-worker-0:1836:2188 [0] NCCL INFO Topology detection : could not read /sys/devices/LNXSYSTM:00/LNXSYBUS:00/ACPI0004:00/VMBUS:00/000000ad-000a-0001-3130-444500000000/pci000a:00/000a:00:00.0/../max_link_speed, ignoring
trial-302221042-trialrun-302221042-worker-0:1838:2190 [2] NCCL INFO Topology detection : could not read /sys/devices/LNXSYSTM:00/LNXSYBUS:00/ACPI0004:00/VMBUS:00/000000dd-000c-0001-3130-444500000000/pci000c:00/000c:00:00.0/../max_link_speed, ignoring
trial-302221042-trialrun-302221042-worker-0:1837:2189 [1] NCCL INFO Topology detection : could not read /sys/devices/LNXSYSTM:00/LNXSYBUS:00/ACPI0004:00/VMBUS:00/000000bd-000b-0001-3130-444500000000/pci000b:00/000b:00:00.0/../max_link_speed, ignoring
trial-302221042-trialrun-302221042-worker-0:1836:2188 [0] NCCL INFO Topology detection : could not read /sys/devices/LNXSYSTM:00/LNXSYBUS:00/ACPI0004:00/VMBUS:00/000000ad-000a-0001-3130-444500000000/pci000a:00/000a:00:00.0/../max_link_width, ignoring
trial-302221042-trialrun-302221042-worker-0:1838:2190 [2] NCCL INFO Topology detection : could not read /sys/devices/LNXSYSTM:00/LNXSYBUS:00/ACPI0004:00/VMBUS:00/000000dd-000c-0001-3130-444500000000/pci000c:00/000c:00:00.0/../max_link_width, ignoring
trial-302221042-trialrun-302221042-worker-0:1837:2189 [1] NCCL INFO Topology detection : could not read /sys/devices/LNXSYSTM:00/LNXSYBUS:00/ACPI0004:00/VMBUS:00/000000bd-000b-0001-3130-444500000000/pci000b:00/000b:00:00.0/../max_link_width, ignoring
trial-302221042-trialrun-302221042-worker-0:1836:2188 [0] NCCL INFO TOPO/NET : Importing network plugins to topology
trial-302221042-trialrun-302221042-worker-0:1836:2188 [0] NCCL INFO Retrieving state for IB
trial-302221042-trialrun-302221042-worker-0:1836:2188 [0] NCCL INFO Initialized state 0 for IB
trial-302221042-trialrun-302221042-worker-0:1836:2188 [0] NCCL INFO Topology detection : could not read /sys/devices/LNXSYSTM:00/LNXSYBUS:00/ACPI0004:00/VMBUS:00/00000007-0101-0000-3135-423331303142/pci0101:00/0101:00:00.0/../max_link_speed, ignoring
trial-302221042-trialrun-302221042-worker-0:1836:2188 [0] NCCL INFO Topology detection : could not read /sys/devices/LNXSYSTM:00/LNXSYBUS:00/ACPI0004:00/VMBUS:00/00000007-0101-0000-3135-423331303142/pci0101:00/0101:00:00.0/../max_link_width, ignoring
trial-302221042-trialrun-302221042-worker-0:1836:2188 [0] NCCL INFO ncclTopoPopulateNics : Filled mlx5_0 in topo with pciPath=/sys/devices/LNXSYSTM:00/LNXSYBUS:00/ACPI0004:00/VMBUS:00/00000007-0101-0000-3135-423331303142/pci0101:00/0101:00:00.0 keep=1 coll=(null)
trial-302221042-trialrun-302221042-worker-0:1836:2188 [0] NCCL INFO Topology detection : could not read /sys/devices/LNXSYSTM:00/LNXSYBUS:00/ACPI0004:00/VMBUS:00/0000000e-0102-0000-3135-423331303142/pci0102:00/0102:00:00.0/../max_link_speed, ignoring
trial-302221042-trialrun-302221042-worker-0:1836:2188 [0] NCCL INFO Topology detection : could not read /sys/devices/LNXSYSTM:00/LNXSYBUS:00/ACPI0004:00/VMBUS:00/0000000e-0102-0000-3135-423331303142/pci0102:00/0102:00:00.0/../max_link_width, ignoring
trial-302221042-trialrun-302221042-worker-0:1836:2188 [0] NCCL INFO ncclTopoPopulateNics : Filled mlx5_1 in topo with pciPath=/sys/devices/LNXSYSTM:00/LNXSYBUS:00/ACPI0004:00/VMBUS:00/0000000e-0102-0000-3135-423331303142/pci0102:00/0102:00:00.0 keep=1 coll=(null)
trial-302221042-trialrun-302221042-worker-0:1836:2188 [0] NCCL INFO Topology detection : could not read /sys/devices/LNXSYSTM:00/LNXSYBUS:00/ACPI0004:00/VMBUS:00/00000015-0103-0000-3135-423331303142/pci0103:00/0103:00:00.0/../max_link_speed, ignoring
trial-302221042-trialrun-302221042-worker-0:1836:2188 [0] NCCL INFO Topology detection : could not read /sys/devices/LNXSYSTM:00/LNXSYBUS:00/ACPI0004:00/VMBUS:00/00000015-0103-0000-3135-423331303142/pci0103:00/0103:00:00.0/../max_link_width, ignoring
trial-302221042-trialrun-302221042-worker-0:1836:2188 [0] NCCL INFO ncclTopoPopulateNics : Filled mlx5_2 in topo with pciPath=/sys/devices/LNXSYSTM:00/LNXSYBUS:00/ACPI0004:00/VMBUS:00/00000015-0103-0000-3135-423331303142/pci0103:00/0103:00:00.0 keep=1 coll=(null)
trial-302221042-trialrun-302221042-worker-0:1836:2188 [0] NCCL INFO Topology detection : could not read /sys/devices/LNXSYSTM:00/LNXSYBUS:00/ACPI0004:00/VMBUS:00/00000066-0104-0000-3135-423331303142/pci0104:00/0104:00:00.0/../max_link_speed, ignoring
trial-302221042-trialrun-302221042-worker-0:1836:2188 [0] NCCL INFO Topology detection : could not read /sys/devices/LNXSYSTM:00/LNXSYBUS:00/ACPI0004:00/VMBUS:00/00000066-0104-0000-3135-423331303142/pci0104:00/0104:00:00.0/../max_link_width, ignoring
trial-302221042-trialrun-302221042-worker-0:1836:2188 [0] NCCL INFO ncclTopoPopulateNics : Filled mlx5_3 in topo with pciPath=/sys/devices/LNXSYSTM:00/LNXSYBUS:00/ACPI0004:00/VMBUS:00/00000066-0104-0000-3135-423331303142/pci0104:00/0104:00:00.0 keep=1 coll=(null)
trial-302221042-trialrun-302221042-worker-0:1836:2188 [0] NCCL INFO Topology detection : could not read /sys/devices/LNXSYSTM:00/LNXSYBUS:00/ACPI0004:00/VMBUS:00/0000009a-0105-0001-3135-423331303142/pci0105:00/0105:00:00.0/../max_link_speed, ignoring
trial-302221042-trialrun-302221042-worker-0:1836:2188 [0] NCCL INFO Topology detection : could not read /sys/devices/LNXSYSTM:00/LNXSYBUS:00/ACPI0004:00/VMBUS:00/0000009a-0105-0001-3135-423331303142/pci0105:00/0105:00:00.0/../max_link_width, ignoring
trial-302221042-trialrun-302221042-worker-0:1836:2188 [0] NCCL INFO ncclTopoPopulateNics : Filled mlx5_4 in topo with pciPath=/sys/devices/LNXSYSTM:00/LNXSYBUS:00/ACPI0004:00/VMBUS:00/0000009a-0105-0001-3135-423331303142/pci0105:00/0105:00:00.0 keep=1 coll=(null)
trial-302221042-trialrun-302221042-worker-0:1836:2188 [0] NCCL INFO Topology detection : could not read /sys/devices/LNXSYSTM:00/LNXSYBUS:00/ACPI0004:00/VMBUS:00/000000aa-0106-0001-3135-423331303142/pci0106:00/0106:00:00.0/../max_link_speed, ignoring
trial-302221042-trialrun-302221042-worker-0:1836:2188 [0] NCCL INFO Topology detection : could not read /sys/devices/LNXSYSTM:00/LNXSYBUS:00/ACPI0004:00/VMBUS:00/000000aa-0106-0001-3135-423331303142/pci0106:00/0106:00:00.0/../max_link_width, ignoring
trial-302221042-trialrun-302221042-worker-0:1836:2188 [0] NCCL INFO ncclTopoPopulateNics : Filled mlx5_5 in topo with pciPath=/sys/devices/LNXSYSTM:00/LNXSYBUS:00/ACPI0004:00/VMBUS:00/000000aa-0106-0001-3135-423331303142/pci0106:00/0106:00:00.0 keep=1 coll=(null)
trial-302221042-trialrun-302221042-worker-0:1836:2188 [0] NCCL INFO Topology detection : could not read /sys/devices/LNXSYSTM:00/LNXSYBUS:00/ACPI0004:00/VMBUS:00/000000ba-0107-0001-3135-423331303142/pci0107:00/0107:00:00.0/../max_link_speed, ignoring
trial-302221042-trialrun-302221042-worker-0:1836:2188 [0] NCCL INFO Topology detection : could not read /sys/devices/LNXSYSTM:00/LNXSYBUS:00/ACPI0004:00/VMBUS:00/000000ba-0107-0001-3135-423331303142/pci0107:00/0107:00:00.0/../max_link_width, ignoring
trial-302221042-trialrun-302221042-worker-0:1836:2188 [0] NCCL INFO ncclTopoPopulateNics : Filled mlx5_6 in topo with pciPath=/sys/devices/LNXSYSTM:00/LNXSYBUS:00/ACPI0004:00/VMBUS:00/000000ba-0107-0001-3135-423331303142/pci0107:00/0107:00:00.0 keep=1 coll=(null)
trial-302221042-trialrun-302221042-worker-0:1836:2188 [0] NCCL INFO Topology detection : could not read /sys/devices/LNXSYSTM:00/LNXSYBUS:00/ACPI0004:00/VMBUS:00/000000da-0108-0001-3135-423331303142/pci0108:00/0108:00:00.0/../max_link_speed, ignoring
trial-302221042-trialrun-302221042-worker-0:1836:2188 [0] NCCL INFO Topology detection : could not read /sys/devices/LNXSYSTM:00/LNXSYBUS:00/ACPI0004:00/VMBUS:00/000000da-0108-0001-3135-423331303142/pci0108:00/0108:00:00.0/../max_link_width, ignoring
trial-302221042-trialrun-302221042-worker-0:1836:2188 [0] NCCL INFO ncclTopoPopulateNics : Filled mlx5_7 in topo with pciPath=/sys/devices/LNXSYSTM:00/LNXSYBUS:00/ACPI0004:00/VMBUS:00/000000da-0108-0001-3135-423331303142/pci0108:00/0108:00:00.0 keep=1 coll=(null)
trial-302221042-trialrun-302221042-worker-0:1837:2189 [1] NCCL INFO TOPO/NET : Importing network plugins to topology
trial-302221042-trialrun-302221042-worker-0:1837:2189 [1] NCCL INFO Retrieving state for IB
trial-302221042-trialrun-302221042-worker-0:1837:2189 [1] NCCL INFO Initialized state 0 for IB
trial-302221042-trialrun-302221042-worker-0:1837:2189 [1] NCCL INFO Topology detection : could not read /sys/devices/LNXSYSTM:00/LNXSYBUS:00/ACPI0004:00/VMBUS:00/00000007-0101-0000-3135-423331303142/pci0101:00/0101:00:00.0/../max_link_speed, ignoring
trial-302221042-trialrun-302221042-worker-0:1837:2189 [1] NCCL INFO Topology detection : could not read /sys/devices/LNXSYSTM:00/LNXSYBUS:00/ACPI0004:00/VMBUS:00/00000007-0101-0000-3135-423331303142/pci0101:00/0101:00:00.0/../max_link_width, ignoring
trial-302221042-trialrun-302221042-worker-0:1837:2189 [1] NCCL INFO ncclTopoPopulateNics : Filled mlx5_0 in topo with pciPath=/sys/devices/LNXSYSTM:00/LNXSYBUS:00/ACPI0004:00/VMBUS:00/00000007-0101-0000-3135-423331303142/pci0101:00/0101:00:00.0 keep=1 coll=(null)
trial-302221042-trialrun-302221042-worker-0:1837:2189 [1] NCCL INFO Topology detection : could not read /sys/devices/LNXSYSTM:00/LNXSYBUS:00/ACPI0004:00/VMBUS:00/0000000e-0102-0000-3135-423331303142/pci0102:00/0102:00:00.0/../max_link_speed, ignoring
trial-302221042-trialrun-302221042-worker-0:1837:2189 [1] NCCL INFO Topology detection : could not read /sys/devices/LNXSYSTM:00/LNXSYBUS:00/ACPI0004:00/VMBUS:00/0000000e-0102-0000-3135-423331303142/pci0102:00/0102:00:00.0/../max_link_width, ignoring
trial-302221042-trialrun-302221042-worker-0:1837:2189 [1] NCCL INFO ncclTopoPopulateNics : Filled mlx5_1 in topo with pciPath=/sys/devices/LNXSYSTM:00/LNXSYBUS:00/ACPI0004:00/VMBUS:00/0000000e-0102-0000-3135-423331303142/pci0102:00/0102:00:00.0 keep=1 coll=(null)
trial-302221042-trialrun-302221042-worker-0:1837:2189 [1] NCCL INFO Topology detection : could not read /sys/devices/LNXSYSTM:00/LNXSYBUS:00/ACPI0004:00/VMBUS:00/00000015-0103-0000-3135-423331303142/pci0103:00/0103:00:00.0/../max_link_speed, ignoring
trial-302221042-trialrun-302221042-worker-0:1837:2189 [1] NCCL INFO Topology detection : could not read /sys/devices/LNXSYSTM:00/LNXSYBUS:00/ACPI0004:00/VMBUS:00/00000015-0103-0000-3135-423331303142/pci0103:00/0103:00:00.0/../max_link_width, ignoring
trial-302221042-trialrun-302221042-worker-0:1837:2189 [1] NCCL INFO ncclTopoPopulateNics : Filled mlx5_2 in topo with pciPath=/sys/devices/LNXSYSTM:00/LNXSYBUS:00/ACPI0004:00/VMBUS:00/00000015-0103-0000-3135-423331303142/pci0103:00/0103:00:00.0 keep=1 coll=(null)
trial-302221042-trialrun-302221042-worker-0:1837:2189 [1] NCCL INFO Topology detection : could not read /sys/devices/LNXSYSTM:00/LNXSYBUS:00/ACPI0004:00/VMBUS:00/00000066-0104-0000-3135-423331303142/pci0104:00/0104:00:00.0/../max_link_speed, ignoring
trial-302221042-trialrun-302221042-worker-0:1837:2189 [1] NCCL INFO Topology detection : could not read /sys/devices/LNXSYSTM:00/LNXSYBUS:00/ACPI0004:00/VMBUS:00/00000066-0104-0000-3135-423331303142/pci0104:00/0104:00:00.0/../max_link_width, ignoring
trial-302221042-trialrun-302221042-worker-0:1837:2189 [1] NCCL INFO ncclTopoPopulateNics : Filled mlx5_3 in topo with pciPath=/sys/devices/LNXSYSTM:00/LNXSYBUS:00/ACPI0004:00/VMBUS:00/00000066-0104-0000-3135-423331303142/pci0104:00/0104:00:00.0 keep=1 coll=(null)
trial-302221042-trialrun-302221042-worker-0:1837:2189 [1] NCCL INFO Topology detection : could not read /sys/devices/LNXSYSTM:00/LNXSYBUS:00/ACPI0004:00/VMBUS:00/0000009a-0105-0001-3135-423331303142/pci0105:00/0105:00:00.0/../max_link_speed, ignoring
trial-302221042-trialrun-302221042-worker-0:1837:2189 [1] NCCL INFO Topology detection : could not read /sys/devices/LNXSYSTM:00/LNXSYBUS:00/ACPI0004:00/VMBUS:00/0000009a-0105-0001-3135-423331303142/pci0105:00/0105:00:00.0/../max_link_width, ignoring
trial-302221042-trialrun-302221042-worker-0:1837:2189 [1] NCCL INFO ncclTopoPopulateNics : Filled mlx5_4 in topo with pciPath=/sys/devices/LNXSYSTM:00/LNXSYBUS:00/ACPI0004:00/VMBUS:00/0000009a-0105-0001-3135-423331303142/pci0105:00/0105:00:00.0 keep=1 coll=(null)
trial-302221042-trialrun-302221042-worker-0:1837:2189 [1] NCCL INFO Topology detection : could not read /sys/devices/LNXSYSTM:00/LNXSYBUS:00/ACPI0004:00/VMBUS:00/000000aa-0106-0001-3135-423331303142/pci0106:00/0106:00:00.0/../max_link_speed, ignoring
trial-302221042-trialrun-302221042-worker-0:1837:2189 [1] NCCL INFO Topology detection : could not read /sys/devices/LNXSYSTM:00/LNXSYBUS:00/ACPI0004:00/VMBUS:00/000000aa-0106-0001-3135-423331303142/pci0106:00/0106:00:00.0/../max_link_width, ignoring
trial-302221042-trialrun-302221042-worker-0:1837:2189 [1] NCCL INFO ncclTopoPopulateNics : Filled mlx5_5 in topo with pciPath=/sys/devices/LNXSYSTM:00/LNXSYBUS:00/ACPI0004:00/VMBUS:00/000000aa-0106-0001-3135-423331303142/pci0106:00/0106:00:00.0 keep=1 coll=(null)
trial-302221042-trialrun-302221042-worker-0:1837:2189 [1] NCCL INFO Topology detection : could not read /sys/devices/LNXSYSTM:00/LNXSYBUS:00/ACPI0004:00/VMBUS:00/000000ba-0107-0001-3135-423331303142/pci0107:00/0107:00:00.0/../max_link_speed, ignoring
trial-302221042-trialrun-302221042-worker-0:1837:2189 [1] NCCL INFO Topology detection : could not read /sys/devices/LNXSYSTM:00/LNXSYBUS:00/ACPI0004:00/VMBUS:00/000000ba-0107-0001-3135-423331303142/pci0107:00/0107:00:00.0/../max_link_width, ignoring
trial-302221042-trialrun-302221042-worker-0:1837:2189 [1] NCCL INFO ncclTopoPopulateNics : Filled mlx5_6 in topo with pciPath=/sys/devices/LNXSYSTM:00/LNXSYBUS:00/ACPI0004:00/VMBUS:00/000000ba-0107-0001-3135-423331303142/pci0107:00/0107:00:00.0 keep=1 coll=(null)
trial-302221042-trialrun-302221042-worker-0:1837:2189 [1] NCCL INFO Topology detection : could not read /sys/devices/LNXSYSTM:00/LNXSYBUS:00/ACPI0004:00/VMBUS:00/000000da-0108-0001-3135-423331303142/pci0108:00/0108:00:00.0/../max_link_speed, ignoring
trial-302221042-trialrun-302221042-worker-0:1837:2189 [1] NCCL INFO Topology detection : could not read /sys/devices/LNXSYSTM:00/LNXSYBUS:00/ACPI0004:00/VMBUS:00/000000da-0108-0001-3135-423331303142/pci0108:00/0108:00:00.0/../max_link_width, ignoring
trial-302221042-trialrun-302221042-worker-0:1837:2189 [1] NCCL INFO ncclTopoPopulateNics : Filled mlx5_7 in topo with pciPath=/sys/devices/LNXSYSTM:00/LNXSYBUS:00/ACPI0004:00/VMBUS:00/000000da-0108-0001-3135-423331303142/pci0108:00/0108:00:00.0 keep=1 coll=(null)
trial-302221042-trialrun-302221042-worker-0:1838:2190 [2] NCCL INFO TOPO/NET : Importing network plugins to topology
trial-302221042-trialrun-302221042-worker-0:1838:2190 [2] NCCL INFO Retrieving state for IB
trial-302221042-trialrun-302221042-worker-0:1838:2190 [2] NCCL INFO Initialized state 0 for IB
trial-302221042-trialrun-302221042-worker-0:1838:2190 [2] NCCL INFO Topology detection : could not read /sys/devices/LNXSYSTM:00/LNXSYBUS:00/ACPI0004:00/VMBUS:00/00000007-0101-0000-3135-423331303142/pci0101:00/0101:00:00.0/../max_link_speed, ignoring
trial-302221042-trialrun-302221042-worker-0:1838:2190 [2] NCCL INFO Topology detection : could not read /sys/devices/LNXSYSTM:00/LNXSYBUS:00/ACPI0004:00/VMBUS:00/00000007-0101-0000-3135-423331303142/pci0101:00/0101:00:00.0/../max_link_width, ignoring
trial-302221042-trialrun-302221042-worker-0:1838:2190 [2] NCCL INFO ncclTopoPopulateNics : Filled mlx5_0 in topo with pciPath=/sys/devices/LNXSYSTM:00/LNXSYBUS:00/ACPI0004:00/VMBUS:00/00000007-0101-0000-3135-423331303142/pci0101:00/0101:00:00.0 keep=1 coll=(null)
trial-302221042-trialrun-302221042-worker-0:1838:2190 [2] NCCL INFO Topology detection : could not read /sys/devices/LNXSYSTM:00/LNXSYBUS:00/ACPI0004:00/VMBUS:00/0000000e-0102-0000-3135-423331303142/pci0102:00/0102:00:00.0/../max_link_speed, ignoring
trial-302221042-trialrun-302221042-worker-0:1838:2190 [2] NCCL INFO Topology detection : could not read /sys/devices/LNXSYSTM:00/LNXSYBUS:00/ACPI0004:00/VMBUS:00/0000000e-0102-0000-3135-423331303142/pci0102:00/0102:00:00.0/../max_link_width, ignoring
trial-302221042-trialrun-302221042-worker-0:1838:2190 [2] NCCL INFO ncclTopoPopulateNics : Filled mlx5_1 in topo with pciPath=/sys/devices/LNXSYSTM:00/LNXSYBUS:00/ACPI0004:00/VMBUS:00/0000000e-0102-0000-3135-423331303142/pci0102:00/0102:00:00.0 keep=1 coll=(null)
trial-302221042-trialrun-302221042-worker-0:1838:2190 [2] NCCL INFO Topology detection : could not read /sys/devices/LNXSYSTM:00/LNXSYBUS:00/ACPI0004:00/VMBUS:00/00000015-0103-0000-3135-423331303142/pci0103:00/0103:00:00.0/../max_link_speed, ignoring
trial-302221042-trialrun-302221042-worker-0:1838:2190 [2] NCCL INFO Topology detection : could not read /sys/devices/LNXSYSTM:00/LNXSYBUS:00/ACPI0004:00/VMBUS:00/00000015-0103-0000-3135-423331303142/pci0103:00/0103:00:00.0/../max_link_width, ignoring
trial-302221042-trialrun-302221042-worker-0:1838:2190 [2] NCCL INFO ncclTopoPopulateNics : Filled mlx5_2 in topo with pciPath=/sys/devices/LNXSYSTM:00/LNXSYBUS:00/ACPI0004:00/VMBUS:00/00000015-0103-0000-3135-423331303142/pci0103:00/0103:00:00.0 keep=1 coll=(null)
trial-302221042-trialrun-302221042-worker-0:1838:2190 [2] NCCL INFO Topology detection : could not read /sys/devices/LNXSYSTM:00/LNXSYBUS:00/ACPI0004:00/VMBUS:00/00000066-0104-0000-3135-423331303142/pci0104:00/0104:00:00.0/../max_link_speed, ignoring
trial-302221042-trialrun-302221042-worker-0:1838:2190 [2] NCCL INFO Topology detection : could not read /sys/devices/LNXSYSTM:00/LNXSYBUS:00/ACPI0004:00/VMBUS:00/00000066-0104-0000-3135-423331303142/pci0104:00/0104:00:00.0/../max_link_width, ignoring
trial-302221042-trialrun-302221042-worker-0:1838:2190 [2] NCCL INFO ncclTopoPopulateNics : Filled mlx5_3 in topo with pciPath=/sys/devices/LNXSYSTM:00/LNXSYBUS:00/ACPI0004:00/VMBUS:00/00000066-0104-0000-3135-423331303142/pci0104:00/0104:00:00.0 keep=1 coll=(null)
trial-302221042-trialrun-302221042-worker-0:1838:2190 [2] NCCL INFO Topology detection : could not read /sys/devices/LNXSYSTM:00/LNXSYBUS:00/ACPI0004:00/VMBUS:00/0000009a-0105-0001-3135-423331303142/pci0105:00/0105:00:00.0/../max_link_speed, ignoring
trial-302221042-trialrun-302221042-worker-0:1838:2190 [2] NCCL INFO Topology detection : could not read /sys/devices/LNXSYSTM:00/LNXSYBUS:00/ACPI0004:00/VMBUS:00/0000009a-0105-0001-3135-423331303142/pci0105:00/0105:00:00.0/../max_link_width, ignoring
trial-302221042-trialrun-302221042-worker-0:1838:2190 [2] NCCL INFO ncclTopoPopulateNics : Filled mlx5_4 in topo with pciPath=/sys/devices/LNXSYSTM:00/LNXSYBUS:00/ACPI0004:00/VMBUS:00/0000009a-0105-0001-3135-423331303142/pci0105:00/0105:00:00.0 keep=1 coll=(null)
trial-302221042-trialrun-302221042-worker-0:1838:2190 [2] NCCL INFO Topology detection : could not read /sys/devices/LNXSYSTM:00/LNXSYBUS:00/ACPI0004:00/VMBUS:00/000000aa-0106-0001-3135-423331303142/pci0106:00/0106:00:00.0/../max_link_speed, ignoring
trial-302221042-trialrun-302221042-worker-0:1838:2190 [2] NCCL INFO Topology detection : could not read /sys/devices/LNXSYSTM:00/LNXSYBUS:00/ACPI0004:00/VMBUS:00/000000aa-0106-0001-3135-423331303142/pci0106:00/0106:00:00.0/../max_link_width, ignoring
trial-302221042-trialrun-302221042-worker-0:1838:2190 [2] NCCL INFO ncclTopoPopulateNics : Filled mlx5_5 in topo with pciPath=/sys/devices/LNXSYSTM:00/LNXSYBUS:00/ACPI0004:00/VMBUS:00/000000aa-0106-0001-3135-423331303142/pci0106:00/0106:00:00.0 keep=1 coll=(null)
trial-302221042-trialrun-302221042-worker-0:1838:2190 [2] NCCL INFO Topology detection : could not read /sys/devices/LNXSYSTM:00/LNXSYBUS:00/ACPI0004:00/VMBUS:00/000000ba-0107-0001-3135-423331303142/pci0107:00/0107:00:00.0/../max_link_speed, ignoring
trial-302221042-trialrun-302221042-worker-0:1838:2190 [2] NCCL INFO Topology detection : could not read /sys/devices/LNXSYSTM:00/LNXSYBUS:00/ACPI0004:00/VMBUS:00/000000ba-0107-0001-3135-423331303142/pci0107:00/0107:00:00.0/../max_link_width, ignoring
trial-302221042-trialrun-302221042-worker-0:1838:2190 [2] NCCL INFO ncclTopoPopulateNics : Filled mlx5_6 in topo with pciPath=/sys/devices/LNXSYSTM:00/LNXSYBUS:00/ACPI0004:00/VMBUS:00/000000ba-0107-0001-3135-423331303142/pci0107:00/0107:00:00.0 keep=1 coll=(null)
trial-302221042-trialrun-302221042-worker-0:1838:2190 [2] NCCL INFO Topology detection : could not read /sys/devices/LNXSYSTM:00/LNXSYBUS:00/ACPI0004:00/VMBUS:00/000000da-0108-0001-3135-423331303142/pci0108:00/0108:00:00.0/../max_link_speed, ignoring
trial-302221042-trialrun-302221042-worker-0:1838:2190 [2] NCCL INFO Topology detection : could not read /sys/devices/LNXSYSTM:00/LNXSYBUS:00/ACPI0004:00/VMBUS:00/000000da-0108-0001-3135-423331303142/pci0108:00/0108:00:00.0/../max_link_width, ignoring
trial-302221042-trialrun-302221042-worker-0:1838:2190 [2] NCCL INFO ncclTopoPopulateNics : Filled mlx5_7 in topo with pciPath=/sys/devices/LNXSYSTM:00/LNXSYBUS:00/ACPI0004:00/VMBUS:00/000000da-0108-0001-3135-423331303142/pci0108:00/0108:00:00.0 keep=1 coll=(null)
trial-302221042-trialrun-302221042-worker-0:1837:2189 [1] NCCL INFO === System : maxBw 370.8 totalBw 370.8 ===
trial-302221042-trialrun-302221042-worker-0:1837:2189 [1] NCCL INFO CPU/0-1 (1/1/3)
trial-302221042-trialrun-302221042-worker-0:1837:2189 [1] NCCL INFO + PCI[48.0] - GPU/0-a00000 (0)
trial-302221042-trialrun-302221042-worker-0:1837:2189 [1] NCCL INFO               + NVL[370.8] - NVS/0-0
trial-302221042-trialrun-302221042-worker-0:1837:2189 [1] NCCL INFO + PCI[48.0] - NIC/0-10500000
trial-302221042-trialrun-302221042-worker-0:1837:2189 [1] NCCL INFO + PCI[48.0] - NIC/0-10600000
trial-302221042-trialrun-302221042-worker-0:1837:2189 [1] NCCL INFO + PCI[48.0] - NIC/0-10700000
trial-302221042-trialrun-302221042-worker-0:1837:2189 [1] NCCL INFO + PCI[48.0] - NIC/0-10800000
trial-302221042-trialrun-302221042-worker-0:1837:2189 [1] NCCL INFO + PCI[48.0] - GPU/0-b00000 (1)
trial-302221042-trialrun-302221042-worker-0:1837:2189 [1] NCCL INFO               + NVL[370.8] - NVS/0-0
trial-302221042-trialrun-302221042-worker-0:1837:2189 [1] NCCL INFO + PCI[48.0] - GPU/0-c00000 (2)
trial-302221042-trialrun-302221042-worker-0:1837:2189 [1] NCCL INFO               + NVL[370.8] - NVS/0-0
trial-302221042-trialrun-302221042-worker-0:1837:2189 [1] NCCL INFO + SYS[22.0] - CPU/0-0
trial-302221042-trialrun-302221042-worker-0:1837:2189 [1] NCCL INFO CPU/0-0 (1/1/3)
trial-302221042-trialrun-302221042-worker-0:1837:2189 [1] NCCL INFO + PCI[48.0] - NIC/0-10100000
trial-302221042-trialrun-302221042-worker-0:1837:2189 [1] NCCL INFO + PCI[48.0] - NIC/0-10200000
trial-302221042-trialrun-302221042-worker-0:1837:2189 [1] NCCL INFO + PCI[48.0] - NIC/0-10300000
trial-302221042-trialrun-302221042-worker-0:1837:2189 [1] NCCL INFO + PCI[48.0] - NIC/0-10400000
trial-302221042-trialrun-302221042-worker-0:1837:2189 [1] NCCL INFO + SYS[22.0] - CPU/0-1
trial-302221042-trialrun-302221042-worker-0:1837:2189 [1] NCCL INFO ==========================================
trial-302221042-trialrun-302221042-worker-0:1837:2189 [1] NCCL INFO GPU/0-a00000 :GPU/0-a00000 (0/5000.0/LOC) GPU/0-b00000 (2/370.8/NVL) GPU/0-c00000 (2/370.8/NVL) NVS/0-0 (1/370.8/NVL) CPU/0-1 (1/48.0/PHB) CPU/0-0 (2/22.0/SYS) 
trial-302221042-trialrun-302221042-worker-0:1837:2189 [1] NCCL INFO GPU/0-b00000 :GPU/0-a00000 (2/370.8/NVL) GPU/0-b00000 (0/5000.0/LOC) GPU/0-c00000 (2/370.8/NVL) NVS/0-0 (1/370.8/NVL) CPU/0-1 (1/48.0/PHB) CPU/0-0 (2/22.0/SYS) 
trial-302221042-trialrun-302221042-worker-0:1837:2189 [1] NCCL INFO GPU/0-c00000 :GPU/0-a00000 (2/370.8/NVL) GPU/0-b00000 (2/370.8/NVL) GPU/0-c00000 (0/5000.0/LOC) NVS/0-0 (1/370.8/NVL) CPU/0-1 (1/48.0/PHB) CPU/0-0 (2/22.0/SYS) 
trial-302221042-trialrun-302221042-worker-0:1837:2189 [1] NCCL INFO Setting affinity for GPU 2 to 48-95
trial-302221042-trialrun-302221042-worker-0:1837:2189 [1] NCCL INFO NCCL_NVLS_ENABLE set by environment to 0.
trial-302221042-trialrun-302221042-worker-0:1838:2190 [2] NCCL INFO === System : maxBw 370.8 totalBw 370.8 ===
trial-302221042-trialrun-302221042-worker-0:1838:2190 [2] NCCL INFO CPU/0-1 (1/1/3)
trial-302221042-trialrun-302221042-worker-0:1838:2190 [2] NCCL INFO + PCI[48.0] - GPU/0-a00000 (0)
trial-302221042-trialrun-302221042-worker-0:1838:2190 [2] NCCL INFO               + NVL[370.8] - NVS/0-0
trial-302221042-trialrun-302221042-worker-0:1838:2190 [2] NCCL INFO + PCI[48.0] - NIC/0-10500000
trial-302221042-trialrun-302221042-worker-0:1838:2190 [2] NCCL INFO + PCI[48.0] - NIC/0-10600000
trial-302221042-trialrun-302221042-worker-0:1838:2190 [2] NCCL INFO + PCI[48.0] - NIC/0-10700000
trial-302221042-trialrun-302221042-worker-0:1838:2190 [2] NCCL INFO + PCI[48.0] - NIC/0-10800000
trial-302221042-trialrun-302221042-worker-0:1838:2190 [2] NCCL INFO + PCI[48.0] - GPU/0-b00000 (1)
trial-302221042-trialrun-302221042-worker-0:1838:2190 [2] NCCL INFO               + NVL[370.8] - NVS/0-0
trial-302221042-trialrun-302221042-worker-0:1838:2190 [2] NCCL INFO + PCI[48.0] - GPU/0-c00000 (2)
trial-302221042-trialrun-302221042-worker-0:1838:2190 [2] NCCL INFO               + NVL[370.8] - NVS/0-0
trial-302221042-trialrun-302221042-worker-0:1838:2190 [2] NCCL INFO + SYS[22.0] - CPU/0-0
trial-302221042-trialrun-302221042-worker-0:1838:2190 [2] NCCL INFO CPU/0-0 (1/1/3)
trial-302221042-trialrun-302221042-worker-0:1838:2190 [2] NCCL INFO + PCI[48.0] - NIC/0-10100000
trial-302221042-trialrun-302221042-worker-0:1838:2190 [2] NCCL INFO + PCI[48.0] - NIC/0-10200000
trial-302221042-trialrun-302221042-worker-0:1838:2190 [2] NCCL INFO + PCI[48.0] - NIC/0-10300000
trial-302221042-trialrun-302221042-worker-0:1838:2190 [2] NCCL INFO + PCI[48.0] - NIC/0-10400000
trial-302221042-trialrun-302221042-worker-0:1838:2190 [2] NCCL INFO + SYS[22.0] - CPU/0-1
trial-302221042-trialrun-302221042-worker-0:1838:2190 [2] NCCL INFO ==========================================
trial-302221042-trialrun-302221042-worker-0:1838:2190 [2] NCCL INFO GPU/0-a00000 :GPU/0-a00000 (0/5000.0/LOC) GPU/0-b00000 (2/370.8/NVL) GPU/0-c00000 (2/370.8/NVL) NVS/0-0 (1/370.8/NVL) CPU/0-1 (1/48.0/PHB) CPU/0-0 (2/22.0/SYS) 
trial-302221042-trialrun-302221042-worker-0:1838:2190 [2] NCCL INFO GPU/0-b00000 :GPU/0-a00000 (2/370.8/NVL) GPU/0-b00000 (0/5000.0/LOC) GPU/0-c00000 (2/370.8/NVL) NVS/0-0 (1/370.8/NVL) CPU/0-1 (1/48.0/PHB) CPU/0-0 (2/22.0/SYS) 
trial-302221042-trialrun-302221042-worker-0:1838:2190 [2] NCCL INFO GPU/0-c00000 :GPU/0-a00000 (2/370.8/NVL) GPU/0-b00000 (2/370.8/NVL) GPU/0-c00000 (0/5000.0/LOC) NVS/0-0 (1/370.8/NVL) CPU/0-1 (1/48.0/PHB) CPU/0-0 (2/22.0/SYS) 
trial-302221042-trialrun-302221042-worker-0:1838:2190 [2] NCCL INFO Setting affinity for GPU 3 to 48-95
trial-302221042-trialrun-302221042-worker-0:1838:2190 [2] NCCL INFO NCCL_NVLS_ENABLE set by environment to 0.
trial-302221042-trialrun-302221042-worker-0:1837:2189 [1] NCCL INFO Pattern 4, crossNic 0, nChannels 12, bw 30.000000/30.000000, type NVL/PIX, sameChannels 1
trial-302221042-trialrun-302221042-worker-0:1837:2189 [1] NCCL INFO  0 : GPU/0 GPU/1 GPU/2
trial-302221042-trialrun-302221042-worker-0:1837:2189 [1] NCCL INFO  1 : GPU/0 GPU/1 GPU/2
trial-302221042-trialrun-302221042-worker-0:1837:2189 [1] NCCL INFO  2 : GPU/0 GPU/1 GPU/2
trial-302221042-trialrun-302221042-worker-0:1837:2189 [1] NCCL INFO  3 : GPU/0 GPU/1 GPU/2
trial-302221042-trialrun-302221042-worker-0:1837:2189 [1] NCCL INFO  4 : GPU/0 GPU/1 GPU/2
trial-302221042-trialrun-302221042-worker-0:1837:2189 [1] NCCL INFO  5 : GPU/0 GPU/1 GPU/2
trial-302221042-trialrun-302221042-worker-0:1837:2189 [1] NCCL INFO  6 : GPU/0 GPU/1 GPU/2
trial-302221042-trialrun-302221042-worker-0:1837:2189 [1] NCCL INFO  7 : GPU/0 GPU/1 GPU/2
trial-302221042-trialrun-302221042-worker-0:1837:2189 [1] NCCL INFO  8 : GPU/0 GPU/1 GPU/2
trial-302221042-trialrun-302221042-worker-0:1837:2189 [1] NCCL INFO  9 : GPU/0 GPU/1 GPU/2
trial-302221042-trialrun-302221042-worker-0:1837:2189 [1] NCCL INFO 10 : GPU/0 GPU/1 GPU/2
trial-302221042-trialrun-302221042-worker-0:1837:2189 [1] NCCL INFO 11 : GPU/0 GPU/1 GPU/2
trial-302221042-trialrun-302221042-worker-0:1836:2188 [0] NCCL INFO === System : maxBw 370.8 totalBw 370.8 ===
trial-302221042-trialrun-302221042-worker-0:1836:2188 [0] NCCL INFO CPU/0-1 (1/1/3)
trial-302221042-trialrun-302221042-worker-0:1836:2188 [0] NCCL INFO + PCI[48.0] - GPU/0-a00000 (0)
trial-302221042-trialrun-302221042-worker-0:1836:2188 [0] NCCL INFO               + NVL[370.8] - NVS/0-0
trial-302221042-trialrun-302221042-worker-0:1836:2188 [0] NCCL INFO + PCI[48.0] - NIC/0-10500000
trial-302221042-trialrun-302221042-worker-0:1836:2188 [0] NCCL INFO + PCI[48.0] - NIC/0-10600000
trial-302221042-trialrun-302221042-worker-0:1836:2188 [0] NCCL INFO + PCI[48.0] - NIC/0-10700000
trial-302221042-trialrun-302221042-worker-0:1836:2188 [0] NCCL INFO + PCI[48.0] - NIC/0-10800000
trial-302221042-trialrun-302221042-worker-0:1836:2188 [0] NCCL INFO + PCI[48.0] - GPU/0-b00000 (1)
trial-302221042-trialrun-302221042-worker-0:1836:2188 [0] NCCL INFO               + NVL[370.8] - NVS/0-0
trial-302221042-trialrun-302221042-worker-0:1836:2188 [0] NCCL INFO + PCI[48.0] - GPU/0-c00000 (2)
trial-302221042-trialrun-302221042-worker-0:1836:2188 [0] NCCL INFO               + NVL[370.8] - NVS/0-0
trial-302221042-trialrun-302221042-worker-0:1836:2188 [0] NCCL INFO + SYS[22.0] - CPU/0-0
trial-302221042-trialrun-302221042-worker-0:1836:2188 [0] NCCL INFO CPU/0-0 (1/1/3)
trial-302221042-trialrun-302221042-worker-0:1836:2188 [0] NCCL INFO + PCI[48.0] - NIC/0-10100000
trial-302221042-trialrun-302221042-worker-0:1836:2188 [0] NCCL INFO + PCI[48.0] - NIC/0-10200000
trial-302221042-trialrun-302221042-worker-0:1836:2188 [0] NCCL INFO + PCI[48.0] - NIC/0-10300000
trial-302221042-trialrun-302221042-worker-0:1836:2188 [0] NCCL INFO + PCI[48.0] - NIC/0-10400000
trial-302221042-trialrun-302221042-worker-0:1836:2188 [0] NCCL INFO + SYS[22.0] - CPU/0-1
trial-302221042-trialrun-302221042-worker-0:1836:2188 [0] NCCL INFO ==========================================
trial-302221042-trialrun-302221042-worker-0:1836:2188 [0] NCCL INFO GPU/0-a00000 :GPU/0-a00000 (0/5000.0/LOC) GPU/0-b00000 (2/370.8/NVL) GPU/0-c00000 (2/370.8/NVL) NVS/0-0 (1/370.8/NVL) CPU/0-1 (1/48.0/PHB) CPU/0-0 (2/22.0/SYS) 
trial-302221042-trialrun-302221042-worker-0:1836:2188 [0] NCCL INFO GPU/0-b00000 :GPU/0-a00000 (2/370.8/NVL) GPU/0-b00000 (0/5000.0/LOC) GPU/0-c00000 (2/370.8/NVL) NVS/0-0 (1/370.8/NVL) CPU/0-1 (1/48.0/PHB) CPU/0-0 (2/22.0/SYS) 
trial-302221042-trialrun-302221042-worker-0:1836:2188 [0] NCCL INFO GPU/0-c00000 :GPU/0-a00000 (2/370.8/NVL) GPU/0-b00000 (2/370.8/NVL) GPU/0-c00000 (0/5000.0/LOC) NVS/0-0 (1/370.8/NVL) CPU/0-1 (1/48.0/PHB) CPU/0-0 (2/22.0/SYS) 
trial-302221042-trialrun-302221042-worker-0:1836:2188 [0] NCCL INFO Setting affinity for GPU 1 to 48-95
trial-302221042-trialrun-302221042-worker-0:1836:2188 [0] NCCL INFO NCCL_NVLS_ENABLE set by environment to 0.
trial-302221042-trialrun-302221042-worker-0:1838:2190 [2] NCCL INFO Pattern 4, crossNic 0, nChannels 12, bw 30.000000/30.000000, type NVL/PIX, sameChannels 1
trial-302221042-trialrun-302221042-worker-0:1838:2190 [2] NCCL INFO  0 : GPU/0 GPU/1 GPU/2
trial-302221042-trialrun-302221042-worker-0:1838:2190 [2] NCCL INFO  1 : GPU/0 GPU/1 GPU/2
trial-302221042-trialrun-302221042-worker-0:1838:2190 [2] NCCL INFO  2 : GPU/0 GPU/1 GPU/2
trial-302221042-trialrun-302221042-worker-0:1838:2190 [2] NCCL INFO  3 : GPU/0 GPU/1 GPU/2
trial-302221042-trialrun-302221042-worker-0:1838:2190 [2] NCCL INFO  4 : GPU/0 GPU/1 GPU/2
trial-302221042-trialrun-302221042-worker-0:1838:2190 [2] NCCL INFO  5 : GPU/0 GPU/1 GPU/2
trial-302221042-trialrun-302221042-worker-0:1838:2190 [2] NCCL INFO  6 : GPU/0 GPU/1 GPU/2
trial-302221042-trialrun-302221042-worker-0:1838:2190 [2] NCCL INFO  7 : GPU/0 GPU/1 GPU/2
trial-302221042-trialrun-302221042-worker-0:1838:2190 [2] NCCL INFO  8 : GPU/0 GPU/1 GPU/2
trial-302221042-trialrun-302221042-worker-0:1838:2190 [2] NCCL INFO  9 : GPU/0 GPU/1 GPU/2
trial-302221042-trialrun-302221042-worker-0:1838:2190 [2] NCCL INFO 10 : GPU/0 GPU/1 GPU/2
trial-302221042-trialrun-302221042-worker-0:1838:2190 [2] NCCL INFO 11 : GPU/0 GPU/1 GPU/2
trial-302221042-trialrun-302221042-worker-0:1837:2189 [1] NCCL INFO Pattern 1, crossNic 0, nChannels 12, bw 40.000000/40.000000, type NVL/PIX, sameChannels 0
trial-302221042-trialrun-302221042-worker-0:1837:2189 [1] NCCL INFO  0 : GPU/0 GPU/1 GPU/2
trial-302221042-trialrun-302221042-worker-0:1837:2189 [1] NCCL INFO  1 : GPU/0 GPU/1 GPU/2
trial-302221042-trialrun-302221042-worker-0:1837:2189 [1] NCCL INFO  2 : GPU/0 GPU/1 GPU/2
trial-302221042-trialrun-302221042-worker-0:1837:2189 [1] NCCL INFO  3 : GPU/0 GPU/1 GPU/2
trial-302221042-trialrun-302221042-worker-0:1837:2189 [1] NCCL INFO  4 : GPU/0 GPU/1 GPU/2
trial-302221042-trialrun-302221042-worker-0:1837:2189 [1] NCCL INFO  5 : GPU/0 GPU/1 GPU/2
trial-302221042-trialrun-302221042-worker-0:1837:2189 [1] NCCL INFO  6 : GPU/1 GPU/2 GPU/0
trial-302221042-trialrun-302221042-worker-0:1837:2189 [1] NCCL INFO  7 : GPU/1 GPU/2 GPU/0
trial-302221042-trialrun-302221042-worker-0:1837:2189 [1] NCCL INFO  8 : GPU/1 GPU/2 GPU/0
trial-302221042-trialrun-302221042-worker-0:1837:2189 [1] NCCL INFO  9 : GPU/2 GPU/0 GPU/1
trial-302221042-trialrun-302221042-worker-0:1837:2189 [1] NCCL INFO 10 : GPU/2 GPU/0 GPU/1
trial-302221042-trialrun-302221042-worker-0:1837:2189 [1] NCCL INFO 11 : GPU/2 GPU/0 GPU/1
trial-302221042-trialrun-302221042-worker-0:1838:2190 [2] NCCL INFO Pattern 1, crossNic 0, nChannels 12, bw 40.000000/40.000000, type NVL/PIX, sameChannels 0
trial-302221042-trialrun-302221042-worker-0:1838:2190 [2] NCCL INFO  0 : GPU/0 GPU/1 GPU/2
trial-302221042-trialrun-302221042-worker-0:1838:2190 [2] NCCL INFO  1 : GPU/0 GPU/1 GPU/2
trial-302221042-trialrun-302221042-worker-0:1838:2190 [2] NCCL INFO  2 : GPU/0 GPU/1 GPU/2
trial-302221042-trialrun-302221042-worker-0:1838:2190 [2] NCCL INFO  3 : GPU/0 GPU/1 GPU/2
trial-302221042-trialrun-302221042-worker-0:1838:2190 [2] NCCL INFO  4 : GPU/0 GPU/1 GPU/2
trial-302221042-trialrun-302221042-worker-0:1838:2190 [2] NCCL INFO  5 : GPU/0 GPU/1 GPU/2
trial-302221042-trialrun-302221042-worker-0:1838:2190 [2] NCCL INFO  6 : GPU/1 GPU/2 GPU/0
trial-302221042-trialrun-302221042-worker-0:1838:2190 [2] NCCL INFO  7 : GPU/1 GPU/2 GPU/0
trial-302221042-trialrun-302221042-worker-0:1838:2190 [2] NCCL INFO  8 : GPU/1 GPU/2 GPU/0
trial-302221042-trialrun-302221042-worker-0:1838:2190 [2] NCCL INFO  9 : GPU/2 GPU/0 GPU/1
trial-302221042-trialrun-302221042-worker-0:1838:2190 [2] NCCL INFO 10 : GPU/2 GPU/0 GPU/1
trial-302221042-trialrun-302221042-worker-0:1838:2190 [2] NCCL INFO 11 : GPU/2 GPU/0 GPU/1
trial-302221042-trialrun-302221042-worker-0:1836:2188 [0] NCCL INFO Pattern 4, crossNic 0, nChannels 12, bw 30.000000/30.000000, type NVL/PIX, sameChannels 1
trial-302221042-trialrun-302221042-worker-0:1836:2188 [0] NCCL INFO  0 : GPU/0 GPU/1 GPU/2
trial-302221042-trialrun-302221042-worker-0:1836:2188 [0] NCCL INFO  1 : GPU/0 GPU/1 GPU/2
trial-302221042-trialrun-302221042-worker-0:1836:2188 [0] NCCL INFO  2 : GPU/0 GPU/1 GPU/2
trial-302221042-trialrun-302221042-worker-0:1836:2188 [0] NCCL INFO  3 : GPU/0 GPU/1 GPU/2
trial-302221042-trialrun-302221042-worker-0:1836:2188 [0] NCCL INFO  4 : GPU/0 GPU/1 GPU/2
trial-302221042-trialrun-302221042-worker-0:1836:2188 [0] NCCL INFO  5 : GPU/0 GPU/1 GPU/2
trial-302221042-trialrun-302221042-worker-0:1836:2188 [0] NCCL INFO  6 : GPU/0 GPU/1 GPU/2
trial-302221042-trialrun-302221042-worker-0:1836:2188 [0] NCCL INFO  7 : GPU/0 GPU/1 GPU/2
trial-302221042-trialrun-302221042-worker-0:1836:2188 [0] NCCL INFO  8 : GPU/0 GPU/1 GPU/2
trial-302221042-trialrun-302221042-worker-0:1836:2188 [0] NCCL INFO  9 : GPU/0 GPU/1 GPU/2
trial-302221042-trialrun-302221042-worker-0:1836:2188 [0] NCCL INFO 10 : GPU/0 GPU/1 GPU/2
trial-302221042-trialrun-302221042-worker-0:1836:2188 [0] NCCL INFO 11 : GPU/0 GPU/1 GPU/2
trial-302221042-trialrun-302221042-worker-0:1836:2188 [0] NCCL INFO Pattern 1, crossNic 0, nChannels 12, bw 40.000000/40.000000, type NVL/PIX, sameChannels 0
trial-302221042-trialrun-302221042-worker-0:1836:2188 [0] NCCL INFO  0 : GPU/0 GPU/1 GPU/2
trial-302221042-trialrun-302221042-worker-0:1836:2188 [0] NCCL INFO  1 : GPU/0 GPU/1 GPU/2
trial-302221042-trialrun-302221042-worker-0:1836:2188 [0] NCCL INFO  2 : GPU/0 GPU/1 GPU/2
trial-302221042-trialrun-302221042-worker-0:1836:2188 [0] NCCL INFO  3 : GPU/0 GPU/1 GPU/2
trial-302221042-trialrun-302221042-worker-0:1836:2188 [0] NCCL INFO  4 : GPU/0 GPU/1 GPU/2
trial-302221042-trialrun-302221042-worker-0:1836:2188 [0] NCCL INFO  5 : GPU/0 GPU/1 GPU/2
trial-302221042-trialrun-302221042-worker-0:1836:2188 [0] NCCL INFO  6 : GPU/1 GPU/2 GPU/0
trial-302221042-trialrun-302221042-worker-0:1836:2188 [0] NCCL INFO  7 : GPU/1 GPU/2 GPU/0
trial-302221042-trialrun-302221042-worker-0:1836:2188 [0] NCCL INFO  8 : GPU/1 GPU/2 GPU/0
trial-302221042-trialrun-302221042-worker-0:1836:2188 [0] NCCL INFO  9 : GPU/2 GPU/0 GPU/1
trial-302221042-trialrun-302221042-worker-0:1836:2188 [0] NCCL INFO 10 : GPU/2 GPU/0 GPU/1
trial-302221042-trialrun-302221042-worker-0:1836:2188 [0] NCCL INFO 11 : GPU/2 GPU/0 GPU/1
trial-302221042-trialrun-302221042-worker-0:1838:2190 [2] NCCL INFO comm 0xfe4b0d0 rank 2 nRanks 3 nNodes 1 localRanks 3 localRank 2 MNNVL 0
trial-302221042-trialrun-302221042-worker-0:1838:2190 [2] NCCL INFO Tree 6 : 1 -> 2 -> 0/-1/-1
trial-302221042-trialrun-302221042-worker-0:1838:2190 [2] NCCL INFO Tree 18 : 1 -> 2 -> 0/-1/-1
trial-302221042-trialrun-302221042-worker-0:1838:2190 [2] NCCL INFO Tree 7 : 1 -> 2 -> 0/-1/-1
trial-302221042-trialrun-302221042-worker-0:1838:2190 [2] NCCL INFO Tree 19 : 1 -> 2 -> 0/-1/-1
trial-302221042-trialrun-302221042-worker-0:1838:2190 [2] NCCL INFO Tree 8 : 1 -> 2 -> 0/-1/-1
trial-302221042-trialrun-302221042-worker-0:1838:2190 [2] NCCL INFO Tree 20 : 1 -> 2 -> 0/-1/-1
trial-302221042-trialrun-302221042-worker-0:1838:2190 [2] NCCL INFO Tree 9 : -1 -> 2 -> 0/-1/-1
trial-302221042-trialrun-302221042-worker-0:1838:2190 [2] NCCL INFO Tree 21 : -1 -> 2 -> 0/-1/-1
trial-302221042-trialrun-302221042-worker-0:1838:2190 [2] NCCL INFO Tree 10 : -1 -> 2 -> 0/-1/-1
trial-302221042-trialrun-302221042-worker-0:1838:2190 [2] NCCL INFO Tree 22 : -1 -> 2 -> 0/-1/-1
trial-302221042-trialrun-302221042-worker-0:1838:2190 [2] NCCL INFO Tree 11 : -1 -> 2 -> 0/-1/-1
trial-302221042-trialrun-302221042-worker-0:1838:2190 [2] NCCL INFO Tree 23 : -1 -> 2 -> 0/-1/-1
trial-302221042-trialrun-302221042-worker-0:1836:2188 [0] NCCL INFO comm 0x132ff830 rank 0 nRanks 3 nNodes 1 localRanks 3 localRank 0 MNNVL 0
trial-302221042-trialrun-302221042-worker-0:1836:2188 [0] NCCL INFO Tree 0 : -1 -> 0 -> 1/-1/-1
trial-302221042-trialrun-302221042-worker-0:1836:2188 [0] NCCL INFO Tree 12 : -1 -> 0 -> 1/-1/-1
trial-302221042-trialrun-302221042-worker-0:1838:2190 [2] NCCL INFO Ring 00 : 1 -> 2 -> 0
trial-302221042-trialrun-302221042-worker-0:1836:2188 [0] NCCL INFO Tree 1 : -1 -> 0 -> 1/-1/-1
trial-302221042-trialrun-302221042-worker-0:1838:2190 [2] NCCL INFO Ring 01 : 1 -> 2 -> 0
trial-302221042-trialrun-302221042-worker-0:1836:2188 [0] NCCL INFO Tree 13 : -1 -> 0 -> 1/-1/-1
trial-302221042-trialrun-302221042-worker-0:1838:2190 [2] NCCL INFO Ring 02 : 1 -> 2 -> 0
trial-302221042-trialrun-302221042-worker-0:1836:2188 [0] NCCL INFO Tree 2 : -1 -> 0 -> 1/-1/-1
trial-302221042-trialrun-302221042-worker-0:1838:2190 [2] NCCL INFO Ring 03 : 1 -> 2 -> 0
trial-302221042-trialrun-302221042-worker-0:1836:2188 [0] NCCL INFO Tree 14 : -1 -> 0 -> 1/-1/-1
trial-302221042-trialrun-302221042-worker-0:1838:2190 [2] NCCL INFO Ring 04 : 1 -> 2 -> 0
trial-302221042-trialrun-302221042-worker-0:1836:2188 [0] NCCL INFO Tree 3 : -1 -> 0 -> 1/-1/-1
trial-302221042-trialrun-302221042-worker-0:1838:2190 [2] NCCL INFO Ring 05 : 1 -> 2 -> 0
trial-302221042-trialrun-302221042-worker-0:1836:2188 [0] NCCL INFO Tree 15 : -1 -> 0 -> 1/-1/-1
trial-302221042-trialrun-302221042-worker-0:1838:2190 [2] NCCL INFO Ring 06 : 1 -> 2 -> 0
trial-302221042-trialrun-302221042-worker-0:1836:2188 [0] NCCL INFO Tree 4 : -1 -> 0 -> 1/-1/-1
trial-302221042-trialrun-302221042-worker-0:1836:2188 [0] NCCL INFO Tree 16 : -1 -> 0 -> 1/-1/-1
trial-302221042-trialrun-302221042-worker-0:1838:2190 [2] NCCL INFO Ring 07 : 1 -> 2 -> 0
trial-302221042-trialrun-302221042-worker-0:1836:2188 [0] NCCL INFO Tree 5 : -1 -> 0 -> 1/-1/-1
trial-302221042-trialrun-302221042-worker-0:1838:2190 [2] NCCL INFO Ring 08 : 1 -> 2 -> 0
trial-302221042-trialrun-302221042-worker-0:1836:2188 [0] NCCL INFO Tree 17 : -1 -> 0 -> 1/-1/-1
trial-302221042-trialrun-302221042-worker-0:1838:2190 [2] NCCL INFO Ring 09 : 1 -> 2 -> 0
trial-302221042-trialrun-302221042-worker-0:1836:2188 [0] NCCL INFO Tree 9 : 2 -> 0 -> 1/-1/-1
trial-302221042-trialrun-302221042-worker-0:1838:2190 [2] NCCL INFO Ring 10 : 1 -> 2 -> 0
trial-302221042-trialrun-302221042-worker-0:1836:2188 [0] NCCL INFO Tree 21 : 2 -> 0 -> 1/-1/-1
trial-302221042-trialrun-302221042-worker-0:1837:2189 [1] NCCL INFO comm 0xe856d50 rank 1 nRanks 3 nNodes 1 localRanks 3 localRank 1 MNNVL 0
trial-302221042-trialrun-302221042-worker-0:1838:2190 [2] NCCL INFO Ring 11 : 1 -> 2 -> 0
trial-302221042-trialrun-302221042-worker-0:1836:2188 [0] NCCL INFO Tree 10 : 2 -> 0 -> 1/-1/-1
trial-302221042-trialrun-302221042-worker-0:1838:2190 [2] NCCL INFO Ring 12 : 1 -> 2 -> 0
trial-302221042-trialrun-302221042-worker-0:1836:2188 [0] NCCL INFO Tree 22 : 2 -> 0 -> 1/-1/-1
trial-302221042-trialrun-302221042-worker-0:1836:2188 [0] NCCL INFO Tree 11 : 2 -> 0 -> 1/-1/-1
trial-302221042-trialrun-302221042-worker-0:1838:2190 [2] NCCL INFO Ring 13 : 1 -> 2 -> 0
trial-302221042-trialrun-302221042-worker-0:1837:2189 [1] NCCL INFO Tree 0 : 0 -> 1 -> 2/-1/-1
trial-302221042-trialrun-302221042-worker-0:1836:2188 [0] NCCL INFO Tree 23 : 2 -> 0 -> 1/-1/-1
trial-302221042-trialrun-302221042-worker-0:1838:2190 [2] NCCL INFO Ring 14 : 1 -> 2 -> 0
trial-302221042-trialrun-302221042-worker-0:1837:2189 [1] NCCL INFO Tree 12 : 0 -> 1 -> 2/-1/-1
trial-302221042-trialrun-302221042-worker-0:1838:2190 [2] NCCL INFO Ring 15 : 1 -> 2 -> 0
trial-302221042-trialrun-302221042-worker-0:1837:2189 [1] NCCL INFO Tree 1 : 0 -> 1 -> 2/-1/-1
trial-302221042-trialrun-302221042-worker-0:1838:2190 [2] NCCL INFO Ring 16 : 1 -> 2 -> 0
trial-302221042-trialrun-302221042-worker-0:1837:2189 [1] NCCL INFO Tree 13 : 0 -> 1 -> 2/-1/-1
trial-302221042-trialrun-302221042-worker-0:1837:2189 [1] NCCL INFO Tree 2 : 0 -> 1 -> 2/-1/-1
trial-302221042-trialrun-302221042-worker-0:1838:2190 [2] NCCL INFO Ring 17 : 1 -> 2 -> 0
trial-302221042-trialrun-302221042-worker-0:1836:2188 [0] NCCL INFO Channel 00/24 : 0 1 2
trial-302221042-trialrun-302221042-worker-0:1837:2189 [1] NCCL INFO Tree 14 : 0 -> 1 -> 2/-1/-1
trial-302221042-trialrun-302221042-worker-0:1838:2190 [2] NCCL INFO Ring 18 : 1 -> 2 -> 0
trial-302221042-trialrun-302221042-worker-0:1836:2188 [0] NCCL INFO Channel 01/24 : 0 1 2
trial-302221042-trialrun-302221042-worker-0:1837:2189 [1] NCCL INFO Tree 3 : 0 -> 1 -> 2/-1/-1
trial-302221042-trialrun-302221042-worker-0:1838:2190 [2] NCCL INFO Ring 19 : 1 -> 2 -> 0
trial-302221042-trialrun-302221042-worker-0:1836:2188 [0] NCCL INFO Channel 02/24 : 0 1 2
trial-302221042-trialrun-302221042-worker-0:1838:2190 [2] NCCL INFO Ring 20 : 1 -> 2 -> 0
trial-302221042-trialrun-302221042-worker-0:1837:2189 [1] NCCL INFO Tree 15 : 0 -> 1 -> 2/-1/-1
trial-302221042-trialrun-302221042-worker-0:1836:2188 [0] NCCL INFO Channel 03/24 : 0 1 2
trial-302221042-trialrun-302221042-worker-0:1838:2190 [2] NCCL INFO Ring 21 : 1 -> 2 -> 0
trial-302221042-trialrun-302221042-worker-0:1836:2188 [0] NCCL INFO Channel 04/24 : 0 1 2
trial-302221042-trialrun-302221042-worker-0:1837:2189 [1] NCCL INFO Tree 4 : 0 -> 1 -> 2/-1/-1
trial-302221042-trialrun-302221042-worker-0:1838:2190 [2] NCCL INFO Ring 22 : 1 -> 2 -> 0
trial-302221042-trialrun-302221042-worker-0:1836:2188 [0] NCCL INFO Channel 05/24 : 0 1 2
trial-302221042-trialrun-302221042-worker-0:1837:2189 [1] NCCL INFO Tree 16 : 0 -> 1 -> 2/-1/-1
trial-302221042-trialrun-302221042-worker-0:1838:2190 [2] NCCL INFO Ring 23 : 1 -> 2 -> 0
trial-302221042-trialrun-302221042-worker-0:1837:2189 [1] NCCL INFO Tree 5 : 0 -> 1 -> 2/-1/-1
trial-302221042-trialrun-302221042-worker-0:1836:2188 [0] NCCL INFO Channel 06/24 : 0 1 2
trial-302221042-trialrun-302221042-worker-0:1838:2190 [2] NCCL INFO Trees [0] -1/-1/-1->2->1 [1] -1/-1/-1->2->1 [2] -1/-1/-1->2->1 [3] -1/-1/-1->2->1 [4] -1/-1/-1->2->1 [5] -1/-1/-1->2->1 [6] 0/-1/-1->2->1 [7] 0/-1/-1->2->1 [8] 0/-1/-1->2->1 [9] 0/-1/-1->2->-1 [10] 0/-1/-1->2->-1 [11] 0/-1/-1->2->-1 [12] -1/-1/-1->2->1 [13] -1/-1/-1->2->1 [14] -1/-1/-1->2->1 [15] -1/-1/-1->2->1 [16] -1/-1/-1->2->1 [17] -1/-1/-1->2->1 [18] 0/-1/-1->2->1 [19] 0/-1/-1->2->1 [20] 0/-1/-1->2->1 [21] 0/-1/-1->2->-1 [22] 0/-1/-1->2->-1 [23] 0/-1/-1->2->-1
trial-302221042-trialrun-302221042-worker-0:1837:2189 [1] NCCL INFO Tree 17 : 0 -> 1 -> 2/-1/-1
trial-302221042-trialrun-302221042-worker-0:1836:2188 [0] NCCL INFO Channel 07/24 : 0 1 2
trial-302221042-trialrun-302221042-worker-0:1837:2189 [1] NCCL INFO Tree 6 : -1 -> 1 -> 2/-1/-1
trial-302221042-trialrun-302221042-worker-0:1838:2190 [2] NCCL INFO P2P Chunksize set to 524288
trial-302221042-trialrun-302221042-worker-0:1836:2188 [0] NCCL INFO Channel 08/24 : 0 1 2
trial-302221042-trialrun-302221042-worker-0:1837:2189 [1] NCCL INFO Tree 18 : -1 -> 1 -> 2/-1/-1
trial-302221042-trialrun-302221042-worker-0:1836:2188 [0] NCCL INFO Channel 09/24 : 0 1 2
trial-302221042-trialrun-302221042-worker-0:1837:2189 [1] NCCL INFO Tree 7 : -1 -> 1 -> 2/-1/-1
trial-302221042-trialrun-302221042-worker-0:1837:2189 [1] NCCL INFO Tree 19 : -1 -> 1 -> 2/-1/-1
trial-302221042-trialrun-302221042-worker-0:1836:2188 [0] NCCL INFO Channel 10/24 : 0 1 2
trial-302221042-trialrun-302221042-worker-0:1837:2189 [1] NCCL INFO Tree 8 : -1 -> 1 -> 2/-1/-1
trial-302221042-trialrun-302221042-worker-0:1836:2188 [0] NCCL INFO Channel 11/24 : 0 1 2
trial-302221042-trialrun-302221042-worker-0:1837:2189 [1] NCCL INFO Tree 20 : -1 -> 1 -> 2/-1/-1
trial-302221042-trialrun-302221042-worker-0:1836:2188 [0] NCCL INFO Channel 12/24 : 0 1 2
trial-302221042-trialrun-302221042-worker-0:1836:2188 [0] NCCL INFO Channel 13/24 : 0 1 2
trial-302221042-trialrun-302221042-worker-0:1836:2188 [0] NCCL INFO Channel 14/24 : 0 1 2
trial-302221042-trialrun-302221042-worker-0:1836:2188 [0] NCCL INFO Channel 15/24 : 0 1 2
trial-302221042-trialrun-302221042-worker-0:1836:2188 [0] NCCL INFO Channel 16/24 : 0 1 2
trial-302221042-trialrun-302221042-worker-0:1836:2188 [0] NCCL INFO Channel 17/24 : 0 1 2
trial-302221042-trialrun-302221042-worker-0:1836:2188 [0] NCCL INFO Channel 18/24 : 0 1 2
trial-302221042-trialrun-302221042-worker-0:1837:2189 [1] NCCL INFO Ring 00 : 0 -> 1 -> 2
trial-302221042-trialrun-302221042-worker-0:1836:2188 [0] NCCL INFO Channel 19/24 : 0 1 2
trial-302221042-trialrun-302221042-worker-0:1837:2189 [1] NCCL INFO Ring 01 : 0 -> 1 -> 2
trial-302221042-trialrun-302221042-worker-0:1836:2188 [0] NCCL INFO Channel 20/24 : 0 1 2
trial-302221042-trialrun-302221042-worker-0:1837:2189 [1] NCCL INFO Ring 02 : 0 -> 1 -> 2
trial-302221042-trialrun-302221042-worker-0:1836:2188 [0] NCCL INFO Channel 21/24 : 0 1 2
trial-302221042-trialrun-302221042-worker-0:1837:2189 [1] NCCL INFO Ring 03 : 0 -> 1 -> 2
trial-302221042-trialrun-302221042-worker-0:1836:2188 [0] NCCL INFO Channel 22/24 : 0 1 2
trial-302221042-trialrun-302221042-worker-0:1837:2189 [1] NCCL INFO Ring 04 : 0 -> 1 -> 2
trial-302221042-trialrun-302221042-worker-0:1836:2188 [0] NCCL INFO Channel 23/24 : 0 1 2
trial-302221042-trialrun-302221042-worker-0:1837:2189 [1] NCCL INFO Ring 05 : 0 -> 1 -> 2
trial-302221042-trialrun-302221042-worker-0:1837:2189 [1] NCCL INFO Ring 06 : 0 -> 1 -> 2
trial-302221042-trialrun-302221042-worker-0:1836:2188 [0] NCCL INFO Ring 00 : 2 -> 0 -> 1
trial-302221042-trialrun-302221042-worker-0:1837:2189 [1] NCCL INFO Ring 07 : 0 -> 1 -> 2
trial-302221042-trialrun-302221042-worker-0:1836:2188 [0] NCCL INFO Ring 01 : 2 -> 0 -> 1
trial-302221042-trialrun-302221042-worker-0:1837:2189 [1] NCCL INFO Ring 08 : 0 -> 1 -> 2
trial-302221042-trialrun-302221042-worker-0:1836:2188 [0] NCCL INFO Ring 02 : 2 -> 0 -> 1
trial-302221042-trialrun-302221042-worker-0:1837:2189 [1] NCCL INFO Ring 09 : 0 -> 1 -> 2
trial-302221042-trialrun-302221042-worker-0:1836:2188 [0] NCCL INFO Ring 03 : 2 -> 0 -> 1
trial-302221042-trialrun-302221042-worker-0:1837:2189 [1] NCCL INFO Ring 10 : 0 -> 1 -> 2
trial-302221042-trialrun-302221042-worker-0:1836:2188 [0] NCCL INFO Ring 04 : 2 -> 0 -> 1
trial-302221042-trialrun-302221042-worker-0:1837:2189 [1] NCCL INFO Ring 11 : 0 -> 1 -> 2
trial-302221042-trialrun-302221042-worker-0:1836:2188 [0] NCCL INFO Ring 05 : 2 -> 0 -> 1
trial-302221042-trialrun-302221042-worker-0:1837:2189 [1] NCCL INFO Ring 12 : 0 -> 1 -> 2
trial-302221042-trialrun-302221042-worker-0:1836:2188 [0] NCCL INFO Ring 06 : 2 -> 0 -> 1
trial-302221042-trialrun-302221042-worker-0:1837:2189 [1] NCCL INFO Ring 13 : 0 -> 1 -> 2
trial-302221042-trialrun-302221042-worker-0:1836:2188 [0] NCCL INFO Ring 07 : 2 -> 0 -> 1
trial-302221042-trialrun-302221042-worker-0:1837:2189 [1] NCCL INFO Ring 14 : 0 -> 1 -> 2
trial-302221042-trialrun-302221042-worker-0:1836:2188 [0] NCCL INFO Ring 08 : 2 -> 0 -> 1
trial-302221042-trialrun-302221042-worker-0:1837:2189 [1] NCCL INFO Ring 15 : 0 -> 1 -> 2
trial-302221042-trialrun-302221042-worker-0:1836:2188 [0] NCCL INFO Ring 09 : 2 -> 0 -> 1
trial-302221042-trialrun-302221042-worker-0:1837:2189 [1] NCCL INFO Ring 16 : 0 -> 1 -> 2
trial-302221042-trialrun-302221042-worker-0:1836:2188 [0] NCCL INFO Ring 10 : 2 -> 0 -> 1
trial-302221042-trialrun-302221042-worker-0:1837:2189 [1] NCCL INFO Ring 17 : 0 -> 1 -> 2
trial-302221042-trialrun-302221042-worker-0:1836:2188 [0] NCCL INFO Ring 11 : 2 -> 0 -> 1
trial-302221042-trialrun-302221042-worker-0:1837:2189 [1] NCCL INFO Ring 18 : 0 -> 1 -> 2
trial-302221042-trialrun-302221042-worker-0:1836:2188 [0] NCCL INFO Ring 12 : 2 -> 0 -> 1
trial-302221042-trialrun-302221042-worker-0:1837:2189 [1] NCCL INFO Ring 19 : 0 -> 1 -> 2
trial-302221042-trialrun-302221042-worker-0:1836:2188 [0] NCCL INFO Ring 13 : 2 -> 0 -> 1
trial-302221042-trialrun-302221042-worker-0:1837:2189 [1] NCCL INFO Ring 20 : 0 -> 1 -> 2
trial-302221042-trialrun-302221042-worker-0:1836:2188 [0] NCCL INFO Ring 14 : 2 -> 0 -> 1
trial-302221042-trialrun-302221042-worker-0:1837:2189 [1] NCCL INFO Ring 21 : 0 -> 1 -> 2
trial-302221042-trialrun-302221042-worker-0:1836:2188 [0] NCCL INFO Ring 15 : 2 -> 0 -> 1
trial-302221042-trialrun-302221042-worker-0:1837:2189 [1] NCCL INFO Ring 22 : 0 -> 1 -> 2
trial-302221042-trialrun-302221042-worker-0:1836:2188 [0] NCCL INFO Ring 16 : 2 -> 0 -> 1
trial-302221042-trialrun-302221042-worker-0:1837:2189 [1] NCCL INFO Ring 23 : 0 -> 1 -> 2
trial-302221042-trialrun-302221042-worker-0:1836:2188 [0] NCCL INFO Ring 17 : 2 -> 0 -> 1
trial-302221042-trialrun-302221042-worker-0:1837:2189 [1] NCCL INFO Trees [0] 2/-1/-1->1->0 [1] 2/-1/-1->1->0 [2] 2/-1/-1->1->0 [3] 2/-1/-1->1->0 [4] 2/-1/-1->1->0 [5] 2/-1/-1->1->0 [6] 2/-1/-1->1->-1 [7] 2/-1/-1->1->-1 [8] 2/-1/-1->1->-1 [9] -1/-1/-1->1->0 [10] -1/-1/-1->1->0 [11] -1/-1/-1->1->0 [12] 2/-1/-1->1->0 [13] 2/-1/-1->1->0 [14] 2/-1/-1->1->0 [15] 2/-1/-1->1->0 [16] 2/-1/-1->1->0 [17] 2/-1/-1->1->0 [18] 2/-1/-1->1->-1 [19] 2/-1/-1->1->-1 [20] 2/-1/-1->1->-1 [21] -1/-1/-1->1->0 [22] -1/-1/-1->1->0 [23] -1/-1/-1->1->0
trial-302221042-trialrun-302221042-worker-0:1836:2188 [0] NCCL INFO Ring 18 : 2 -> 0 -> 1
trial-302221042-trialrun-302221042-worker-0:1836:2188 [0] NCCL INFO Ring 19 : 2 -> 0 -> 1
trial-302221042-trialrun-302221042-worker-0:1837:2189 [1] NCCL INFO P2P Chunksize set to 524288
trial-302221042-trialrun-302221042-worker-0:1836:2188 [0] NCCL INFO Ring 20 : 2 -> 0 -> 1
trial-302221042-trialrun-302221042-worker-0:1836:2188 [0] NCCL INFO Ring 21 : 2 -> 0 -> 1
trial-302221042-trialrun-302221042-worker-0:1836:2188 [0] NCCL INFO Ring 22 : 2 -> 0 -> 1
trial-302221042-trialrun-302221042-worker-0:1836:2188 [0] NCCL INFO Ring 23 : 2 -> 0 -> 1
trial-302221042-trialrun-302221042-worker-0:1836:2188 [0] NCCL INFO Trees [0] 1/-1/-1->0->-1 [1] 1/-1/-1->0->-1 [2] 1/-1/-1->0->-1 [3] 1/-1/-1->0->-1 [4] 1/-1/-1->0->-1 [5] 1/-1/-1->0->-1 [6] -1/-1/-1->0->2 [7] -1/-1/-1->0->2 [8] -1/-1/-1->0->2 [9] 1/-1/-1->0->2 [10] 1/-1/-1->0->2 [11] 1/-1/-1->0->2 [12] 1/-1/-1->0->-1 [13] 1/-1/-1->0->-1 [14] 1/-1/-1->0->-1 [15] 1/-1/-1->0->-1 [16] 1/-1/-1->0->-1 [17] 1/-1/-1->0->-1 [18] -1/-1/-1->0->2 [19] -1/-1/-1->0->2 [20] -1/-1/-1->0->2 [21] 1/-1/-1->0->2 [22] 1/-1/-1->0->2 [23] 1/-1/-1->0->2
trial-302221042-trialrun-302221042-worker-0:1836:2188 [0] NCCL INFO P2P Chunksize set to 524288
trial-302221042-trialrun-302221042-worker-0:1836:2188 [0] NCCL INFO PROFILER/Plugin: Could not find: libnccl-profiler.so. 
trial-302221042-trialrun-302221042-worker-0:1836:2188 [0] NCCL INFO Check P2P Type isAllDirectP2p 1 directMode 0
trial-302221042-trialrun-302221042-worker-0:1836:2219 [0] NCCL INFO [Proxy Service UDS] Device 0 CPU core 88
trial-302221042-trialrun-302221042-worker-0:1836:2218 [0] NCCL INFO [Proxy Service] Device 0 CPU core 63
trial-302221042-trialrun-302221042-worker-0:1837:2189 [1] NCCL INFO PROFILER/Plugin: Could not find: libnccl-profiler.so. 
trial-302221042-trialrun-302221042-worker-0:1837:2220 [1] NCCL INFO [Proxy Service] Device 1 CPU core 52
trial-302221042-trialrun-302221042-worker-0:1837:2221 [1] NCCL INFO [Proxy Service UDS] Device 1 CPU core 59
trial-302221042-trialrun-302221042-worker-0:1836:2188 [0] NCCL INFO threadThresholds 8/8/64 | 24/8/64 | 512 | 512
trial-302221042-trialrun-302221042-worker-0:1836:2188 [0] NCCL INFO 24 coll channels, 24 collnet channels, 0 nvls channels, 32 p2p channels, 32 p2p channels per peer
trial-302221042-trialrun-302221042-worker-0:1836:2188 [0] NCCL INFO CC Off, workFifoBytes 1048576
trial-302221042-trialrun-302221042-worker-0:1838:2190 [2] NCCL INFO PROFILER/Plugin: Could not find: libnccl-profiler.so. 
trial-302221042-trialrun-302221042-worker-0:1838:2222 [2] NCCL INFO [Proxy Service] Device 2 CPU core 81
trial-302221042-trialrun-302221042-worker-0:1838:2223 [2] NCCL INFO [Proxy Service UDS] Device 2 CPU core 57
trial-302221042-trialrun-302221042-worker-0:1837:2189 [1] NCCL INFO threadThresholds 8/8/64 | 24/8/64 | 512 | 512
trial-302221042-trialrun-302221042-worker-0:1837:2189 [1] NCCL INFO 24 coll channels, 24 collnet channels, 0 nvls channels, 32 p2p channels, 32 p2p channels per peer
trial-302221042-trialrun-302221042-worker-0:1838:2190 [2] NCCL INFO threadThresholds 8/8/64 | 24/8/64 | 512 | 512
trial-302221042-trialrun-302221042-worker-0:1838:2190 [2] NCCL INFO 24 coll channels, 24 collnet channels, 0 nvls channels, 32 p2p channels, 32 p2p channels per peer
trial-302221042-trialrun-302221042-worker-0:1837:2189 [1] NCCL INFO TUNER/Plugin: Could not find: libnccl-tuner.so. Using internal tuner plugin.
trial-302221042-trialrun-302221042-worker-0:1837:2189 [1] NCCL INFO ncclCommInitRankConfig comm 0xe856d50 rank 1 nranks 3 cudaDev 1 nvmlDev 2 busId b00000 commId 0x6641661e9950274c - Init COMPLETE
trial-302221042-trialrun-302221042-worker-0:1837:2189 [1] NCCL INFO Init timings - ncclCommInitRankConfig: rank 1 nranks 3 total 3.71 (kernels 1.47, alloc 1.24, bootstrap 0.15, allgathers 0.01, topo 0.27, graphs 0.01, connections 0.02, rest 0.55)
trial-302221042-trialrun-302221042-worker-0:1838:2190 [2] NCCL INFO TUNER/Plugin: Could not find: libnccl-tuner.so. Using internal tuner plugin.
trial-302221042-trialrun-302221042-worker-0:1838:2190 [2] NCCL INFO ncclCommInitRankConfig comm 0xfe4b0d0 rank 2 nranks 3 cudaDev 2 nvmlDev 3 busId c00000 commId 0x6641661e9950274c - Init COMPLETE
trial-302221042-trialrun-302221042-worker-0:1838:2190 [2] NCCL INFO Init timings - ncclCommInitRankConfig: rank 2 nranks 3 total 3.72 (kernels 1.47, alloc 1.26, bootstrap 0.13, allgathers 0.01, topo 0.27, graphs 0.01, connections 0.01, rest 0.56)
trial-302221042-trialrun-302221042-worker-0:1836:2188 [0] NCCL INFO TUNER/Plugin: Could not find: libnccl-tuner.so. Using internal tuner plugin.
trial-302221042-trialrun-302221042-worker-0:1836:2188 [0] NCCL INFO ncclCommInitRankConfig comm 0x132ff830 rank 0 nranks 3 cudaDev 0 nvmlDev 1 busId a00000 commId 0x6641661e9950274c - Init COMPLETE
trial-302221042-trialrun-302221042-worker-0:1836:2188 [0] NCCL INFO Init timings - ncclCommInitRankConfig: rank 0 nranks 3 total 3.73 (kernels 1.48, alloc 1.28, bootstrap 0.10, allgathers 0.00, topo 0.28, graphs 0.01, connections 0.01, rest 0.57)
trial-302221042-trialrun-302221042-worker-0:1837:2224 [1] NCCL INFO Channel 00/0 : 1[2] -> 2[3] via P2P/CUMEM
trial-302221042-trialrun-302221042-worker-0:1837:2224 [1] NCCL INFO Channel 01/0 : 1[2] -> 2[3] via P2P/CUMEM
trial-302221042-trialrun-302221042-worker-0:1837:2224 [1] NCCL INFO Channel 02/0 : 1[2] -> 2[3] via P2P/CUMEM
trial-302221042-trialrun-302221042-worker-0:1837:2224 [1] NCCL INFO Channel 03/0 : 1[2] -> 2[3] via P2P/CUMEM
trial-302221042-trialrun-302221042-worker-0:1837:2224 [1] NCCL INFO Channel 04/0 : 1[2] -> 2[3] via P2P/CUMEM
trial-302221042-trialrun-302221042-worker-0:1837:2224 [1] NCCL INFO Channel 05/0 : 1[2] -> 2[3] via P2P/CUMEM
trial-302221042-trialrun-302221042-worker-0:1837:2224 [1] NCCL INFO Channel 06/0 : 1[2] -> 2[3] via P2P/CUMEM
trial-302221042-trialrun-302221042-worker-0:1837:2224 [1] NCCL INFO Channel 07/0 : 1[2] -> 2[3] via P2P/CUMEM
trial-302221042-trialrun-302221042-worker-0:1837:2224 [1] NCCL INFO Channel 08/0 : 1[2] -> 2[3] via P2P/CUMEM
trial-302221042-trialrun-302221042-worker-0:1837:2224 [1] NCCL INFO Channel 09/0 : 1[2] -> 2[3] via P2P/CUMEM
trial-302221042-trialrun-302221042-worker-0:1837:2224 [1] NCCL INFO Channel 10/0 : 1[2] -> 2[3] via P2P/CUMEM
trial-302221042-trialrun-302221042-worker-0:1837:2224 [1] NCCL INFO Channel 11/0 : 1[2] -> 2[3] via P2P/CUMEM
trial-302221042-trialrun-302221042-worker-0:1837:2224 [1] NCCL INFO Channel 12/0 : 1[2] -> 2[3] via P2P/CUMEM
trial-302221042-trialrun-302221042-worker-0:1837:2224 [1] NCCL INFO Channel 13/0 : 1[2] -> 2[3] via P2P/CUMEM
trial-302221042-trialrun-302221042-worker-0:1838:2225 [2] NCCL INFO Channel 00/0 : 2[3] -> 0[1] via P2P/CUMEM
trial-302221042-trialrun-302221042-worker-0:1837:2224 [1] NCCL INFO Channel 14/0 : 1[2] -> 2[3] via P2P/CUMEM
trial-302221042-trialrun-302221042-worker-0:1838:2225 [2] NCCL INFO Channel 01/0 : 2[3] -> 0[1] via P2P/CUMEM
trial-302221042-trialrun-302221042-worker-0:1837:2224 [1] NCCL INFO Channel 15/0 : 1[2] -> 2[3] via P2P/CUMEM
trial-302221042-trialrun-302221042-worker-0:1838:2225 [2] NCCL INFO Channel 02/0 : 2[3] -> 0[1] via P2P/CUMEM
trial-302221042-trialrun-302221042-worker-0:1837:2224 [1] NCCL INFO Channel 16/0 : 1[2] -> 2[3] via P2P/CUMEM
trial-302221042-trialrun-302221042-worker-0:1838:2225 [2] NCCL INFO Channel 03/0 : 2[3] -> 0[1] via P2P/CUMEM
trial-302221042-trialrun-302221042-worker-0:1837:2224 [1] NCCL INFO Channel 17/0 : 1[2] -> 2[3] via P2P/CUMEM
trial-302221042-trialrun-302221042-worker-0:1838:2225 [2] NCCL INFO Channel 04/0 : 2[3] -> 0[1] via P2P/CUMEM
trial-302221042-trialrun-302221042-worker-0:1837:2224 [1] NCCL INFO Channel 18/0 : 1[2] -> 2[3] via P2P/CUMEM
trial-302221042-trialrun-302221042-worker-0:1838:2225 [2] NCCL INFO Channel 05/0 : 2[3] -> 0[1] via P2P/CUMEM
trial-302221042-trialrun-302221042-worker-0:1837:2224 [1] NCCL INFO Channel 19/0 : 1[2] -> 2[3] via P2P/CUMEM
trial-302221042-trialrun-302221042-worker-0:1838:2225 [2] NCCL INFO Channel 06/0 : 2[3] -> 0[1] via P2P/CUMEM
trial-302221042-trialrun-302221042-worker-0:1837:2224 [1] NCCL INFO Channel 20/0 : 1[2] -> 2[3] via P2P/CUMEM
trial-302221042-trialrun-302221042-worker-0:1838:2225 [2] NCCL INFO Channel 07/0 : 2[3] -> 0[1] via P2P/CUMEM
trial-302221042-trialrun-302221042-worker-0:1837:2224 [1] NCCL INFO Channel 21/0 : 1[2] -> 2[3] via P2P/CUMEM
trial-302221042-trialrun-302221042-worker-0:1838:2225 [2] NCCL INFO Channel 08/0 : 2[3] -> 0[1] via P2P/CUMEM
trial-302221042-trialrun-302221042-worker-0:1837:2224 [1] NCCL INFO Channel 22/0 : 1[2] -> 2[3] via P2P/CUMEM
trial-302221042-trialrun-302221042-worker-0:1838:2225 [2] NCCL INFO Channel 09/0 : 2[3] -> 0[1] via P2P/CUMEM
trial-302221042-trialrun-302221042-worker-0:1837:2224 [1] NCCL INFO Channel 23/0 : 1[2] -> 2[3] via P2P/CUMEM
trial-302221042-trialrun-302221042-worker-0:1838:2225 [2] NCCL INFO Channel 10/0 : 2[3] -> 0[1] via P2P/CUMEM
trial-302221042-trialrun-302221042-worker-0:1838:2225 [2] NCCL INFO Channel 11/0 : 2[3] -> 0[1] via P2P/CUMEM
trial-302221042-trialrun-302221042-worker-0:1838:2225 [2] NCCL INFO Channel 12/0 : 2[3] -> 0[1] via P2P/CUMEM
trial-302221042-trialrun-302221042-worker-0:1838:2225 [2] NCCL INFO Channel 13/0 : 2[3] -> 0[1] via P2P/CUMEM
trial-302221042-trialrun-302221042-worker-0:1838:2225 [2] NCCL INFO Channel 14/0 : 2[3] -> 0[1] via P2P/CUMEM
trial-302221042-trialrun-302221042-worker-0:1836:2226 [0] NCCL INFO Channel 00/0 : 0[1] -> 1[2] via P2P/CUMEM
trial-302221042-trialrun-302221042-worker-0:1838:2225 [2] NCCL INFO Channel 15/0 : 2[3] -> 0[1] via P2P/CUMEM
trial-302221042-trialrun-302221042-worker-0:1836:2226 [0] NCCL INFO Channel 01/0 : 0[1] -> 1[2] via P2P/CUMEM
trial-302221042-trialrun-302221042-worker-0:1838:2225 [2] NCCL INFO Channel 16/0 : 2[3] -> 0[1] via P2P/CUMEM
trial-302221042-trialrun-302221042-worker-0:1836:2226 [0] NCCL INFO Channel 02/0 : 0[1] -> 1[2] via P2P/CUMEM
trial-302221042-trialrun-302221042-worker-0:1838:2225 [2] NCCL INFO Channel 17/0 : 2[3] -> 0[1] via P2P/CUMEM
trial-302221042-trialrun-302221042-worker-0:1836:2226 [0] NCCL INFO Channel 03/0 : 0[1] -> 1[2] via P2P/CUMEM
trial-302221042-trialrun-302221042-worker-0:1838:2225 [2] NCCL INFO Channel 18/0 : 2[3] -> 0[1] via P2P/CUMEM
trial-302221042-trialrun-302221042-worker-0:1836:2226 [0] NCCL INFO Channel 04/0 : 0[1] -> 1[2] via P2P/CUMEM
trial-302221042-trialrun-302221042-worker-0:1838:2225 [2] NCCL INFO Channel 19/0 : 2[3] -> 0[1] via P2P/CUMEM
trial-302221042-trialrun-302221042-worker-0:1836:2226 [0] NCCL INFO Channel 05/0 : 0[1] -> 1[2] via P2P/CUMEM
trial-302221042-trialrun-302221042-worker-0:1838:2225 [2] NCCL INFO Channel 20/0 : 2[3] -> 0[1] via P2P/CUMEM
trial-302221042-trialrun-302221042-worker-0:1836:2226 [0] NCCL INFO Channel 06/0 : 0[1] -> 1[2] via P2P/CUMEM
trial-302221042-trialrun-302221042-worker-0:1838:2225 [2] NCCL INFO Channel 21/0 : 2[3] -> 0[1] via P2P/CUMEM
trial-302221042-trialrun-302221042-worker-0:1836:2226 [0] NCCL INFO Channel 07/0 : 0[1] -> 1[2] via P2P/CUMEM
trial-302221042-trialrun-302221042-worker-0:1838:2225 [2] NCCL INFO Channel 22/0 : 2[3] -> 0[1] via P2P/CUMEM
trial-302221042-trialrun-302221042-worker-0:1836:2226 [0] NCCL INFO Channel 08/0 : 0[1] -> 1[2] via P2P/CUMEM
trial-302221042-trialrun-302221042-worker-0:1838:2225 [2] NCCL INFO Channel 23/0 : 2[3] -> 0[1] via P2P/CUMEM
trial-302221042-trialrun-302221042-worker-0:1836:2226 [0] NCCL INFO Channel 09/0 : 0[1] -> 1[2] via P2P/CUMEM
trial-302221042-trialrun-302221042-worker-0:1836:2226 [0] NCCL INFO Channel 10/0 : 0[1] -> 1[2] via P2P/CUMEM
trial-302221042-trialrun-302221042-worker-0:1836:2226 [0] NCCL INFO Channel 11/0 : 0[1] -> 1[2] via P2P/CUMEM
trial-302221042-trialrun-302221042-worker-0:1836:2226 [0] NCCL INFO Channel 12/0 : 0[1] -> 1[2] via P2P/CUMEM
trial-302221042-trialrun-302221042-worker-0:1836:2226 [0] NCCL INFO Channel 13/0 : 0[1] -> 1[2] via P2P/CUMEM
trial-302221042-trialrun-302221042-worker-0:1836:2226 [0] NCCL INFO Channel 14/0 : 0[1] -> 1[2] via P2P/CUMEM
trial-302221042-trialrun-302221042-worker-0:1836:2226 [0] NCCL INFO Channel 15/0 : 0[1] -> 1[2] via P2P/CUMEM
trial-302221042-trialrun-302221042-worker-0:1836:2226 [0] NCCL INFO Channel 16/0 : 0[1] -> 1[2] via P2P/CUMEM
trial-302221042-trialrun-302221042-worker-0:1836:2226 [0] NCCL INFO Channel 17/0 : 0[1] -> 1[2] via P2P/CUMEM
trial-302221042-trialrun-302221042-worker-0:1836:2226 [0] NCCL INFO Channel 18/0 : 0[1] -> 1[2] via P2P/CUMEM
trial-302221042-trialrun-302221042-worker-0:1836:2226 [0] NCCL INFO Channel 19/0 : 0[1] -> 1[2] via P2P/CUMEM
trial-302221042-trialrun-302221042-worker-0:1836:2226 [0] NCCL INFO Channel 20/0 : 0[1] -> 1[2] via P2P/CUMEM
trial-302221042-trialrun-302221042-worker-0:1836:2226 [0] NCCL INFO Channel 21/0 : 0[1] -> 1[2] via P2P/CUMEM
trial-302221042-trialrun-302221042-worker-0:1836:2226 [0] NCCL INFO Channel 22/0 : 0[1] -> 1[2] via P2P/CUMEM
trial-302221042-trialrun-302221042-worker-0:1836:2226 [0] NCCL INFO Channel 23/0 : 0[1] -> 1[2] via P2P/CUMEM
trial-302221042-trialrun-302221042-worker-0:1837:2224 [1] NCCL INFO Connected all rings, use ring PXN 0 GDR 1
trial-302221042-trialrun-302221042-worker-0:1838:2225 [2] NCCL INFO Connected all rings, use ring PXN 0 GDR 1
trial-302221042-trialrun-302221042-worker-0:1836:2226 [0] NCCL INFO Connected all rings, use ring PXN 0 GDR 1
[2026-08-01 15:43:49,017][rllm.trainer.swift.swift_policy_trainer][INFO] - Initialized Swift policy trainer: num_processes=3, device=cuda:0
[2026-08-01 15:43:49,018][rllm.parser.chat_template_parser][INFO] - model_name: /mnt/hdfs/lixingzuo/qwen_model/origin/qwen3-4b-instruct, tokenizer_cls: qwen2tokenizerfast
[2026-08-01 15:43:49,018][rllm.parser.chat_template_parser][INFO] - model_name: /mnt/hdfs/lixingzuo/qwen_model/origin/qwen3-4b-instruct, tokenizer_cls: qwen2tokenizerfast
[2026-08-01 15:43:49,024][rllm.parser.chat_template_parser][INFO] - Using QwenChatTemplateParser for /mnt/hdfs/lixingzuo/qwen_model/origin/Qwen3-4B-Instruct
[2026-08-01 15:43:49,024][rllm.parser.chat_template_parser][INFO] - Using QwenChatTemplateParser for /mnt/hdfs/lixingzuo/qwen_model/origin/Qwen3-4B-Instruct
[2026-08-01 15:43:49,024][rllm.parser.chat_template_parser][INFO] - model_name: /mnt/hdfs/lixingzuo/qwen_model/origin/qwen3-4b-instruct, tokenizer_cls: qwen2tokenizerfast
[2026-08-01 15:43:49,024][rllm.parser.chat_template_parser][INFO] - Using QwenChatTemplateParser for /mnt/hdfs/lixingzuo/qwen_model/origin/Qwen3-4B-Instruct
[2026-08-01 15:43:49,108][rllm.parser.chat_template_parser][INFO] - model_name: /mnt/hdfs/lixingzuo/qwen_model/origin/qwen3-4b-instruct, tokenizer_cls: qwen2tokenizerfast
[2026-08-01 15:43:49,108][rllm.parser.chat_template_parser][INFO] - model_name: /mnt/hdfs/lixingzuo/qwen_model/origin/qwen3-4b-instruct, tokenizer_cls: qwen2tokenizerfast
[2026-08-01 15:43:49,108][rllm.parser.chat_template_parser][INFO] - Using QwenChatTemplateParser for /mnt/hdfs/lixingzuo/qwen_model/origin/Qwen3-4B-Instruct
[2026-08-01 15:43:49,108][rllm.parser.chat_template_parser][INFO] - Using QwenChatTemplateParser for /mnt/hdfs/lixingzuo/qwen_model/origin/Qwen3-4B-Instruct
[2026-08-01 15:43:49,113][rllm.parser.chat_template_parser][INFO] - model_name: /mnt/hdfs/lixingzuo/qwen_model/origin/qwen3-4b-instruct, tokenizer_cls: qwen2tokenizerfast
[2026-08-01 15:43:49,113][rllm.parser.chat_template_parser][INFO] - Using QwenChatTemplateParser for /mnt/hdfs/lixingzuo/qwen_model/origin/Qwen3-4B-Instruct
INFO 08-01 15:44:18 [__init__.py:216] Automatically detected platform cuda.
INFO 08-01 15:44:18 [__init__.py:216] Automatically detected platform cuda.
INFO 08-01 15:44:18 [__init__.py:216] Automatically detected platform cuda.
INFO 08-01 15:44:35 [__init__.py:1384] Found nccl from library libnccl.so.2
INFO 08-01 15:44:35 [pynccl.py:103] vLLM is using nccl==2.27.3
trial-302221042-trialrun-302221042-worker-0:1836:1836 [0] NCCL INFO Assigned NET plugin IB to comm
trial-302221042-trialrun-302221042-worker-0:1836:1836 [0] NCCL INFO Using network IB
trial-302221042-trialrun-302221042-worker-0:1836:1836 [0] NCCL INFO ncclCommInitRank comm 0x2b743d60 rank 1 nranks 2 cudaDev 0 nvmlDev 1 busId a00000 commId 0xa09165a74a6d2b85 - Init START
trial-302221042-trialrun-302221042-worker-0:1836:1836 [0] NCCL INFO NCCL_TOPO_FILE set by environment to /opt/tiger/arnold/arnold_entrypoint/nccl_topo_files/azure_ndv5_topo.xml
trial-302221042-trialrun-302221042-worker-0:1836:1836 [0] NCCL INFO Could not open XML topology file /opt/tiger/arnold/arnold_entrypoint/nccl_topo_files/azure_ndv5_topo.xml : No such file or directory
trial-302221042-trialrun-302221042-worker-0:1836:1836 [0] NCCL INFO Topology detection : could not read /sys/devices/LNXSYSTM:00/LNXSYBUS:00/ACPI0004:00/VMBUS:00/000000ad-000a-0001-3130-444500000000/pci000a:00/000a:00:00.0/../max_link_speed, ignoring
trial-302221042-trialrun-302221042-worker-0:1836:1836 [0] NCCL INFO Topology detection : could not read /sys/devices/LNXSYSTM:00/LNXSYBUS:00/ACPI0004:00/VMBUS:00/000000ad-000a-0001-3130-444500000000/pci000a:00/000a:00:00.0/../max_link_width, ignoring
trial-302221042-trialrun-302221042-worker-0:1836:1836 [0] NCCL INFO TOPO/NET : Importing network plugins to topology
trial-302221042-trialrun-302221042-worker-0:1836:1836 [0] NCCL INFO Retrieving state for IB
trial-302221042-trialrun-302221042-worker-0:1836:1836 [0] NCCL INFO Topology detection : could not read /sys/devices/LNXSYSTM:00/LNXSYBUS:00/ACPI0004:00/VMBUS:00/00000007-0101-0000-3135-423331303142/pci0101:00/0101:00:00.0/../max_link_speed, ignoring
trial-302221042-trialrun-302221042-worker-0:1836:1836 [0] NCCL INFO Topology detection : could not read /sys/devices/LNXSYSTM:00/LNXSYBUS:00/ACPI0004:00/VMBUS:00/00000007-0101-0000-3135-423331303142/pci0101:00/0101:00:00.0/../max_link_width, ignoring
trial-302221042-trialrun-302221042-worker-0:1836:1836 [0] NCCL INFO ncclTopoPopulateNics : Filled mlx5_0 in topo with pciPath=/sys/devices/LNXSYSTM:00/LNXSYBUS:00/ACPI0004:00/VMBUS:00/00000007-0101-0000-3135-423331303142/pci0101:00/0101:00:00.0 keep=1 coll=(null)
trial-302221042-trialrun-302221042-worker-0:1836:1836 [0] NCCL INFO Topology detection : could not read /sys/devices/LNXSYSTM:00/LNXSYBUS:00/ACPI0004:00/VMBUS:00/0000000e-0102-0000-3135-423331303142/pci0102:00/0102:00:00.0/../max_link_speed, ignoring
trial-302221042-trialrun-302221042-worker-0:1836:1836 [0] NCCL INFO Topology detection : could not read /sys/devices/LNXSYSTM:00/LNXSYBUS:00/ACPI0004:00/VMBUS:00/0000000e-0102-0000-3135-423331303142/pci0102:00/0102:00:00.0/../max_link_width, ignoring
trial-302221042-trialrun-302221042-worker-0:1836:1836 [0] NCCL INFO ncclTopoPopulateNics : Filled mlx5_1 in topo with pciPath=/sys/devices/LNXSYSTM:00/LNXSYBUS:00/ACPI0004:00/VMBUS:00/0000000e-0102-0000-3135-423331303142/pci0102:00/0102:00:00.0 keep=1 coll=(null)
trial-302221042-trialrun-302221042-worker-0:1836:1836 [0] NCCL INFO Topology detection : could not read /sys/devices/LNXSYSTM:00/LNXSYBUS:00/ACPI0004:00/VMBUS:00/00000015-0103-0000-3135-423331303142/pci0103:00/0103:00:00.0/../max_link_speed, ignoring
trial-302221042-trialrun-302221042-worker-0:1836:1836 [0] NCCL INFO Topology detection : could not read /sys/devices/LNXSYSTM:00/LNXSYBUS:00/ACPI0004:00/VMBUS:00/00000015-0103-0000-3135-423331303142/pci0103:00/0103:00:00.0/../max_link_width, ignoring
trial-302221042-trialrun-302221042-worker-0:1836:1836 [0] NCCL INFO ncclTopoPopulateNics : Filled mlx5_2 in topo with pciPath=/sys/devices/LNXSYSTM:00/LNXSYBUS:00/ACPI0004:00/VMBUS:00/00000015-0103-0000-3135-423331303142/pci0103:00/0103:00:00.0 keep=1 coll=(null)
trial-302221042-trialrun-302221042-worker-0:1836:1836 [0] NCCL INFO Topology detection : could not read /sys/devices/LNXSYSTM:00/LNXSYBUS:00/ACPI0004:00/VMBUS:00/00000066-0104-0000-3135-423331303142/pci0104:00/0104:00:00.0/../max_link_speed, ignoring
trial-302221042-trialrun-302221042-worker-0:1836:1836 [0] NCCL INFO Topology detection : could not read /sys/devices/LNXSYSTM:00/LNXSYBUS:00/ACPI0004:00/VMBUS:00/00000066-0104-0000-3135-423331303142/pci0104:00/0104:00:00.0/../max_link_width, ignoring
trial-302221042-trialrun-302221042-worker-0:1836:1836 [0] NCCL INFO ncclTopoPopulateNics : Filled mlx5_3 in topo with pciPath=/sys/devices/LNXSYSTM:00/LNXSYBUS:00/ACPI0004:00/VMBUS:00/00000066-0104-0000-3135-423331303142/pci0104:00/0104:00:00.0 keep=1 coll=(null)
trial-302221042-trialrun-302221042-worker-0:1836:1836 [0] NCCL INFO Topology detection : could not read /sys/devices/LNXSYSTM:00/LNXSYBUS:00/ACPI0004:00/VMBUS:00/0000009a-0105-0001-3135-423331303142/pci0105:00/0105:00:00.0/../max_link_speed, ignoring
trial-302221042-trialrun-302221042-worker-0:1836:1836 [0] NCCL INFO Topology detection : could not read /sys/devices/LNXSYSTM:00/LNXSYBUS:00/ACPI0004:00/VMBUS:00/0000009a-0105-0001-3135-423331303142/pci0105:00/0105:00:00.0/../max_link_width, ignoring
trial-302221042-trialrun-302221042-worker-0:1836:1836 [0] NCCL INFO ncclTopoPopulateNics : Filled mlx5_4 in topo with pciPath=/sys/devices/LNXSYSTM:00/LNXSYBUS:00/ACPI0004:00/VMBUS:00/0000009a-0105-0001-3135-423331303142/pci0105:00/0105:00:00.0 keep=1 coll=(null)
trial-302221042-trialrun-302221042-worker-0:1836:1836 [0] NCCL INFO Topology detection : could not read /sys/devices/LNXSYSTM:00/LNXSYBUS:00/ACPI0004:00/VMBUS:00/000000aa-0106-0001-3135-423331303142/pci0106:00/0106:00:00.0/../max_link_speed, ignoring
trial-302221042-trialrun-302221042-worker-0:1836:1836 [0] NCCL INFO Topology detection : could not read /sys/devices/LNXSYSTM:00/LNXSYBUS:00/ACPI0004:00/VMBUS:00/000000aa-0106-0001-3135-423331303142/pci0106:00/0106:00:00.0/../max_link_width, ignoring
trial-302221042-trialrun-302221042-worker-0:1836:1836 [0] NCCL INFO ncclTopoPopulateNics : Filled mlx5_5 in topo with pciPath=/sys/devices/LNXSYSTM:00/LNXSYBUS:00/ACPI0004:00/VMBUS:00/000000aa-0106-0001-3135-423331303142/pci0106:00/0106:00:00.0 keep=1 coll=(null)
trial-302221042-trialrun-302221042-worker-0:1836:1836 [0] NCCL INFO Topology detection : could not read /sys/devices/LNXSYSTM:00/LNXSYBUS:00/ACPI0004:00/VMBUS:00/000000ba-0107-0001-3135-423331303142/pci0107:00/0107:00:00.0/../max_link_speed, ignoring
trial-302221042-trialrun-302221042-worker-0:1836:1836 [0] NCCL INFO Topology detection : could not read /sys/devices/LNXSYSTM:00/LNXSYBUS:00/ACPI0004:00/VMBUS:00/000000ba-0107-0001-3135-423331303142/pci0107:00/0107:00:00.0/../max_link_width, ignoring
trial-302221042-trialrun-302221042-worker-0:1836:1836 [0] NCCL INFO ncclTopoPopulateNics : Filled mlx5_6 in topo with pciPath=/sys/devices/LNXSYSTM:00/LNXSYBUS:00/ACPI0004:00/VMBUS:00/000000ba-0107-0001-3135-423331303142/pci0107:00/0107:00:00.0 keep=1 coll=(null)
trial-302221042-trialrun-302221042-worker-0:1836:1836 [0] NCCL INFO Topology detection : could not read /sys/devices/LNXSYSTM:00/LNXSYBUS:00/ACPI0004:00/VMBUS:00/000000da-0108-0001-3135-423331303142/pci0108:00/0108:00:00.0/../max_link_speed, ignoring
trial-302221042-trialrun-302221042-worker-0:1836:1836 [0] NCCL INFO Topology detection : could not read /sys/devices/LNXSYSTM:00/LNXSYBUS:00/ACPI0004:00/VMBUS:00/000000da-0108-0001-3135-423331303142/pci0108:00/0108:00:00.0/../max_link_width, ignoring
trial-302221042-trialrun-302221042-worker-0:1836:1836 [0] NCCL INFO ncclTopoPopulateNics : Filled mlx5_7 in topo with pciPath=/sys/devices/LNXSYSTM:00/LNXSYBUS:00/ACPI0004:00/VMBUS:00/000000da-0108-0001-3135-423331303142/pci0108:00/0108:00:00.0 keep=1 coll=(null)
trial-302221042-trialrun-302221042-worker-0:1836:1836 [0] NCCL INFO === System : maxBw 370.8 totalBw 370.8 ===
trial-302221042-trialrun-302221042-worker-0:1836:1836 [0] NCCL INFO CPU/0-1 (1/1/3)
trial-302221042-trialrun-302221042-worker-0:1836:1836 [0] NCCL INFO + PCI[48.0] - GPU/0-900000 (0)
trial-302221042-trialrun-302221042-worker-0:1836:1836 [0] NCCL INFO               + NVL[370.8] - NVS/0-0
trial-302221042-trialrun-302221042-worker-0:1836:1836 [0] NCCL INFO + PCI[48.0] - NIC/0-10500000
trial-302221042-trialrun-302221042-worker-0:1836:1836 [0] NCCL INFO + PCI[48.0] - NIC/0-10600000
trial-302221042-trialrun-302221042-worker-0:1836:1836 [0] NCCL INFO + PCI[48.0] - NIC/0-10700000
trial-302221042-trialrun-302221042-worker-0:1836:1836 [0] NCCL INFO + PCI[48.0] - NIC/0-10800000
trial-302221042-trialrun-302221042-worker-0:1836:1836 [0] NCCL INFO + PCI[48.0] - GPU/0-a00000 (1)
trial-302221042-trialrun-302221042-worker-0:1836:1836 [0] NCCL INFO               + NVL[370.8] - NVS/0-0
trial-302221042-trialrun-302221042-worker-0:1836:1836 [0] NCCL INFO + SYS[22.0] - CPU/0-0
trial-302221042-trialrun-302221042-worker-0:1836:1836 [0] NCCL INFO CPU/0-0 (1/1/3)
trial-302221042-trialrun-302221042-worker-0:1836:1836 [0] NCCL INFO + PCI[48.0] - NIC/0-10100000
trial-302221042-trialrun-302221042-worker-0:1836:1836 [0] NCCL INFO + PCI[48.0] - NIC/0-10200000
trial-302221042-trialrun-302221042-worker-0:1836:1836 [0] NCCL INFO + PCI[48.0] - NIC/0-10300000
trial-302221042-trialrun-302221042-worker-0:1836:1836 [0] NCCL INFO + PCI[48.0] - NIC/0-10400000
trial-302221042-trialrun-302221042-worker-0:1836:1836 [0] NCCL INFO + SYS[22.0] - CPU/0-1
trial-302221042-trialrun-302221042-worker-0:1836:1836 [0] NCCL INFO ==========================================
trial-302221042-trialrun-302221042-worker-0:1836:1836 [0] NCCL INFO GPU/0-900000 :GPU/0-900000 (0/5000.0/LOC) GPU/0-a00000 (2/370.8/NVL) NVS/0-0 (1/370.8/NVL) CPU/0-1 (1/48.0/PHB) CPU/0-0 (2/22.0/SYS) 
trial-302221042-trialrun-302221042-worker-0:1836:1836 [0] NCCL INFO GPU/0-a00000 :GPU/0-900000 (2/370.8/NVL) GPU/0-a00000 (0/5000.0/LOC) NVS/0-0 (1/370.8/NVL) CPU/0-1 (1/48.0/PHB) CPU/0-0 (2/22.0/SYS) 
trial-302221042-trialrun-302221042-worker-0:1836:1836 [0] NCCL INFO Setting affinity for GPU 1 to 48-95
trial-302221042-trialrun-302221042-worker-0:1836:1836 [0] NCCL INFO Pattern 4, crossNic 0, nChannels 12, bw 30.000000/30.000000, type NVL/PIX, sameChannels 1
trial-302221042-trialrun-302221042-worker-0:1836:1836 [0] NCCL INFO  0 : GPU/0 GPU/1
trial-302221042-trialrun-302221042-worker-0:1836:1836 [0] NCCL INFO  1 : GPU/0 GPU/1
trial-302221042-trialrun-302221042-worker-0:1836:1836 [0] NCCL INFO  2 : GPU/0 GPU/1
trial-302221042-trialrun-302221042-worker-0:1836:1836 [0] NCCL INFO  3 : GPU/0 GPU/1
trial-302221042-trialrun-302221042-worker-0:1836:1836 [0] NCCL INFO  4 : GPU/0 GPU/1
trial-302221042-trialrun-302221042-worker-0:1836:1836 [0] NCCL INFO  5 : GPU/0 GPU/1
trial-302221042-trialrun-302221042-worker-0:1836:1836 [0] NCCL INFO  6 : GPU/0 GPU/1
trial-302221042-trialrun-302221042-worker-0:1836:1836 [0] NCCL INFO  7 : GPU/0 GPU/1
trial-302221042-trialrun-302221042-worker-0:1836:1836 [0] NCCL INFO  8 : GPU/0 GPU/1
trial-302221042-trialrun-302221042-worker-0:1836:1836 [0] NCCL INFO  9 : GPU/0 GPU/1
trial-302221042-trialrun-302221042-worker-0:1836:1836 [0] NCCL INFO 10 : GPU/0 GPU/1
trial-302221042-trialrun-302221042-worker-0:1836:1836 [0] NCCL INFO 11 : GPU/0 GPU/1
trial-302221042-trialrun-302221042-worker-0:1836:1836 [0] NCCL INFO Pattern 1, crossNic 0, nChannels 12, bw 60.000000/60.000000, type NVL/PIX, sameChannels 0
trial-302221042-trialrun-302221042-worker-0:1836:1836 [0] NCCL INFO  0 : GPU/0 GPU/1
trial-302221042-trialrun-302221042-worker-0:1836:1836 [0] NCCL INFO  1 : GPU/0 GPU/1
trial-302221042-trialrun-302221042-worker-0:1836:1836 [0] NCCL INFO  2 : GPU/0 GPU/1
trial-302221042-trialrun-302221042-worker-0:1836:1836 [0] NCCL INFO  3 : GPU/0 GPU/1
trial-302221042-trialrun-302221042-worker-0:1836:1836 [0] NCCL INFO  4 : GPU/0 GPU/1
trial-302221042-trialrun-302221042-worker-0:1836:1836 [0] NCCL INFO  5 : GPU/0 GPU/1
trial-302221042-trialrun-302221042-worker-0:1836:1836 [0] NCCL INFO  6 : GPU/1 GPU/0
trial-302221042-trialrun-302221042-worker-0:1836:1836 [0] NCCL INFO  7 : GPU/1 GPU/0
trial-302221042-trialrun-302221042-worker-0:1836:1836 [0] NCCL INFO  8 : GPU/1 GPU/0
trial-302221042-trialrun-302221042-worker-0:1836:1836 [0] NCCL INFO  9 : GPU/1 GPU/0
trial-302221042-trialrun-302221042-worker-0:1836:1836 [0] NCCL INFO 10 : GPU/1 GPU/0
trial-302221042-trialrun-302221042-worker-0:1836:1836 [0] NCCL INFO 11 : GPU/1 GPU/0
trial-302221042-trialrun-302221042-worker-0:1836:1836 [0] NCCL INFO comm 0x2b743d60 rank 1 nRanks 2 nNodes 1 localRanks 2 localRank 1 MNNVL 0
trial-302221042-trialrun-302221042-worker-0:1836:1836 [0] NCCL INFO Tree 0 : 0 -> 1 -> -1/-1/-1
trial-302221042-trialrun-302221042-worker-0:1836:1836 [0] NCCL INFO Tree 12 : 0 -> 1 -> -1/-1/-1
trial-302221042-trialrun-302221042-worker-0:1836:1836 [0] NCCL INFO Tree 1 : 0 -> 1 -> -1/-1/-1
trial-302221042-trialrun-302221042-worker-0:1836:1836 [0] NCCL INFO Tree 13 : 0 -> 1 -> -1/-1/-1
trial-302221042-trialrun-302221042-worker-0:1836:1836 [0] NCCL INFO Tree 2 : 0 -> 1 -> -1/-1/-1
trial-302221042-trialrun-302221042-worker-0:1836:1836 [0] NCCL INFO Tree 14 : 0 -> 1 -> -1/-1/-1
trial-302221042-trialrun-302221042-worker-0:1836:1836 [0] NCCL INFO Tree 3 : 0 -> 1 -> -1/-1/-1
trial-302221042-trialrun-302221042-worker-0:1836:1836 [0] NCCL INFO Tree 15 : 0 -> 1 -> -1/-1/-1
trial-302221042-trialrun-302221042-worker-0:1836:1836 [0] NCCL INFO Tree 4 : 0 -> 1 -> -1/-1/-1
trial-302221042-trialrun-302221042-worker-0:1836:1836 [0] NCCL INFO Tree 16 : 0 -> 1 -> -1/-1/-1
trial-302221042-trialrun-302221042-worker-0:1836:1836 [0] NCCL INFO Tree 5 : 0 -> 1 -> -1/-1/-1
trial-302221042-trialrun-302221042-worker-0:1836:1836 [0] NCCL INFO Tree 17 : 0 -> 1 -> -1/-1/-1
trial-302221042-trialrun-302221042-worker-0:1836:1836 [0] NCCL INFO Tree 6 : -1 -> 1 -> 0/-1/-1
trial-302221042-trialrun-302221042-worker-0:1836:1836 [0] NCCL INFO Tree 18 : -1 -> 1 -> 0/-1/-1
trial-302221042-trialrun-302221042-worker-0:1836:1836 [0] NCCL INFO Tree 7 : -1 -> 1 -> 0/-1/-1
trial-302221042-trialrun-302221042-worker-0:1836:1836 [0] NCCL INFO Tree 19 : -1 -> 1 -> 0/-1/-1
trial-302221042-trialrun-302221042-worker-0:1836:1836 [0] NCCL INFO Tree 8 : -1 -> 1 -> 0/-1/-1
trial-302221042-trialrun-302221042-worker-0:1836:1836 [0] NCCL INFO Tree 20 : -1 -> 1 -> 0/-1/-1
trial-302221042-trialrun-302221042-worker-0:1836:1836 [0] NCCL INFO Tree 9 : -1 -> 1 -> 0/-1/-1
trial-302221042-trialrun-302221042-worker-0:1836:1836 [0] NCCL INFO Tree 21 : -1 -> 1 -> 0/-1/-1
trial-302221042-trialrun-302221042-worker-0:1836:1836 [0] NCCL INFO Tree 10 : -1 -> 1 -> 0/-1/-1
trial-302221042-trialrun-302221042-worker-0:1836:1836 [0] NCCL INFO Tree 22 : -1 -> 1 -> 0/-1/-1
trial-302221042-trialrun-302221042-worker-0:1836:1836 [0] NCCL INFO Tree 11 : -1 -> 1 -> 0/-1/-1
trial-302221042-trialrun-302221042-worker-0:1836:1836 [0] NCCL INFO Tree 23 : -1 -> 1 -> 0/-1/-1
trial-302221042-trialrun-302221042-worker-0:1836:1836 [0] NCCL INFO Ring 00 : 0 -> 1 -> 0
trial-302221042-trialrun-302221042-worker-0:1836:1836 [0] NCCL INFO Ring 01 : 0 -> 1 -> 0
trial-302221042-trialrun-302221042-worker-0:1836:1836 [0] NCCL INFO Ring 02 : 0 -> 1 -> 0
trial-302221042-trialrun-302221042-worker-0:1836:1836 [0] NCCL INFO Ring 03 : 0 -> 1 -> 0
trial-302221042-trialrun-302221042-worker-0:1836:1836 [0] NCCL INFO Ring 04 : 0 -> 1 -> 0
trial-302221042-trialrun-302221042-worker-0:1836:1836 [0] NCCL INFO Ring 05 : 0 -> 1 -> 0
trial-302221042-trialrun-302221042-worker-0:1836:1836 [0] NCCL INFO Ring 06 : 0 -> 1 -> 0
trial-302221042-trialrun-302221042-worker-0:1836:1836 [0] NCCL INFO Ring 07 : 0 -> 1 -> 0
trial-302221042-trialrun-302221042-worker-0:1836:1836 [0] NCCL INFO Ring 08 : 0 -> 1 -> 0
trial-302221042-trialrun-302221042-worker-0:1836:1836 [0] NCCL INFO Ring 09 : 0 -> 1 -> 0
trial-302221042-trialrun-302221042-worker-0:1836:1836 [0] NCCL INFO Ring 10 : 0 -> 1 -> 0
trial-302221042-trialrun-302221042-worker-0:1836:1836 [0] NCCL INFO Ring 11 : 0 -> 1 -> 0
trial-302221042-trialrun-302221042-worker-0:1836:1836 [0] NCCL INFO Ring 12 : 0 -> 1 -> 0
trial-302221042-trialrun-302221042-worker-0:1836:1836 [0] NCCL INFO Ring 13 : 0 -> 1 -> 0
trial-302221042-trialrun-302221042-worker-0:1836:1836 [0] NCCL INFO Ring 14 : 0 -> 1 -> 0
trial-302221042-trialrun-302221042-worker-0:1836:1836 [0] NCCL INFO Ring 15 : 0 -> 1 -> 0
trial-302221042-trialrun-302221042-worker-0:1836:1836 [0] NCCL INFO Ring 16 : 0 -> 1 -> 0
trial-302221042-trialrun-302221042-worker-0:1836:1836 [0] NCCL INFO Ring 17 : 0 -> 1 -> 0
trial-302221042-trialrun-302221042-worker-0:1836:1836 [0] NCCL INFO Ring 18 : 0 -> 1 -> 0
trial-302221042-trialrun-302221042-worker-0:1836:1836 [0] NCCL INFO Ring 19 : 0 -> 1 -> 0
trial-302221042-trialrun-302221042-worker-0:1836:1836 [0] NCCL INFO Ring 20 : 0 -> 1 -> 0
trial-302221042-trialrun-302221042-worker-0:1836:1836 [0] NCCL INFO Ring 21 : 0 -> 1 -> 0
trial-302221042-trialrun-302221042-worker-0:1836:1836 [0] NCCL INFO Ring 22 : 0 -> 1 -> 0
trial-302221042-trialrun-302221042-worker-0:1836:1836 [0] NCCL INFO Ring 23 : 0 -> 1 -> 0
trial-302221042-trialrun-302221042-worker-0:1836:1836 [0] NCCL INFO Trees [0] -1/-1/-1->1->0 [1] -1/-1/-1->1->0 [2] -1/-1/-1->1->0 [3] -1/-1/-1->1->0 [4] -1/-1/-1->1->0 [5] -1/-1/-1->1->0 [6] 0/-1/-1->1->-1 [7] 0/-1/-1->1->-1 [8] 0/-1/-1->1->-1 [9] 0/-1/-1->1->-1 [10] 0/-1/-1->1->-1 [11] 0/-1/-1->1->-1 [12] -1/-1/-1->1->0 [13] -1/-1/-1->1->0 [14] -1/-1/-1->1->0 [15] -1/-1/-1->1->0 [16] -1/-1/-1->1->0 [17] -1/-1/-1->1->0 [18] 0/-1/-1->1->-1 [19] 0/-1/-1->1->-1 [20] 0/-1/-1->1->-1 [21] 0/-1/-1->1->-1 [22] 0/-1/-1->1->-1 [23] 0/-1/-1->1->-1
trial-302221042-trialrun-302221042-worker-0:1836:1836 [0] NCCL INFO P2P Chunksize set to 524288
trial-302221042-trialrun-302221042-worker-0:1836:2375 [0] NCCL INFO [Proxy Service] Device 0 CPU core 77
trial-302221042-trialrun-302221042-worker-0:1836:2376 [0] NCCL INFO [Proxy Service UDS] Device 0 CPU core 69
trial-302221042-trialrun-302221042-worker-0:1836:1836 [0] NCCL INFO threadThresholds 8/8/64 | 16/8/64 | 512 | 512
trial-302221042-trialrun-302221042-worker-0:1836:1836 [0] NCCL INFO 24 coll channels, 24 collnet channels, 0 nvls channels, 32 p2p channels, 32 p2p channels per peer
trial-302221042-trialrun-302221042-worker-0:1836:1836 [0] NCCL INFO ncclCommInitRank comm 0x2b743d60 rank 1 nranks 2 cudaDev 0 nvmlDev 1 busId a00000 commId 0xa09165a74a6d2b85 - Init COMPLETE
trial-302221042-trialrun-302221042-worker-0:1836:1836 [0] NCCL INFO Init timings - ncclCommInitRank: rank 1 nranks 2 total 0.85 (kernels 0.00, alloc 0.00, bootstrap 0.65, allgathers 0.00, topo 0.18, graphs 0.00, connections 0.01, rest 0.00)
trial-302221042-trialrun-302221042-worker-0:1836:2379 [0] NCCL INFO Channel 00/0 : 1[1] -> 0[0] via P2P/CUMEM
trial-302221042-trialrun-302221042-worker-0:1836:2379 [0] NCCL INFO Channel 01/0 : 1[1] -> 0[0] via P2P/CUMEM
trial-302221042-trialrun-302221042-worker-0:1836:2379 [0] NCCL INFO Channel 02/0 : 1[1] -> 0[0] via P2P/CUMEM
trial-302221042-trialrun-302221042-worker-0:1836:2379 [0] NCCL INFO Channel 03/0 : 1[1] -> 0[0] via P2P/CUMEM
trial-302221042-trialrun-302221042-worker-0:1836:2379 [0] NCCL INFO Channel 04/0 : 1[1] -> 0[0] via P2P/CUMEM
trial-302221042-trialrun-302221042-worker-0:1836:2379 [0] NCCL INFO Channel 05/0 : 1[1] -> 0[0] via P2P/CUMEM
trial-302221042-trialrun-302221042-worker-0:1836:2379 [0] NCCL INFO Channel 06/0 : 1[1] -> 0[0] via P2P/CUMEM
trial-302221042-trialrun-302221042-worker-0:1836:2379 [0] NCCL INFO Channel 07/0 : 1[1] -> 0[0] via P2P/CUMEM
trial-302221042-trialrun-302221042-worker-0:1836:2379 [0] NCCL INFO Channel 08/0 : 1[1] -> 0[0] via P2P/CUMEM
trial-302221042-trialrun-302221042-worker-0:1836:2379 [0] NCCL INFO Channel 09/0 : 1[1] -> 0[0] via P2P/CUMEM
trial-302221042-trialrun-302221042-worker-0:1836:2379 [0] NCCL INFO Channel 10/0 : 1[1] -> 0[0] via P2P/CUMEM
trial-302221042-trialrun-302221042-worker-0:1836:2379 [0] NCCL INFO Channel 11/0 : 1[1] -> 0[0] via P2P/CUMEM
trial-302221042-trialrun-302221042-worker-0:1836:2379 [0] NCCL INFO Channel 12/0 : 1[1] -> 0[0] via P2P/CUMEM
trial-302221042-trialrun-302221042-worker-0:1836:2379 [0] NCCL INFO Channel 13/0 : 1[1] -> 0[0] via P2P/CUMEM
trial-302221042-trialrun-302221042-worker-0:1836:2379 [0] NCCL INFO Channel 14/0 : 1[1] -> 0[0] via P2P/CUMEM
trial-302221042-trialrun-302221042-worker-0:1836:2379 [0] NCCL INFO Channel 15/0 : 1[1] -> 0[0] via P2P/CUMEM
trial-302221042-trialrun-302221042-worker-0:1836:2379 [0] NCCL INFO Channel 16/0 : 1[1] -> 0[0] via P2P/CUMEM
trial-302221042-trialrun-302221042-worker-0:1836:2379 [0] NCCL INFO Channel 17/0 : 1[1] -> 0[0] via P2P/CUMEM
trial-302221042-trialrun-302221042-worker-0:1836:2379 [0] NCCL INFO Channel 18/0 : 1[1] -> 0[0] via P2P/CUMEM
trial-302221042-trialrun-302221042-worker-0:1836:2379 [0] NCCL INFO Channel 19/0 : 1[1] -> 0[0] via P2P/CUMEM
trial-302221042-trialrun-302221042-worker-0:1836:2379 [0] NCCL INFO Channel 20/0 : 1[1] -> 0[0] via P2P/CUMEM
trial-302221042-trialrun-302221042-worker-0:1836:2379 [0] NCCL INFO Channel 21/0 : 1[1] -> 0[0] via P2P/CUMEM
trial-302221042-trialrun-302221042-worker-0:1836:2379 [0] NCCL INFO Channel 22/0 : 1[1] -> 0[0] via P2P/CUMEM
trial-302221042-trialrun-302221042-worker-0:1836:2379 [0] NCCL INFO Channel 23/0 : 1[1] -> 0[0] via P2P/CUMEM
trial-302221042-trialrun-302221042-worker-0:1836:2379 [0] NCCL INFO Connected all rings, use ring PXN 0 GDR 1
[33mTrajectory 6 completed due to: TRUNCATION. Reward is 0.0. 
[0m
[33mTrajectory 1 completed due to: TRUNCATION. Reward is 0.0. 
[0m
[32mTrajectory 3 completed due to: ENV_DONE. Reward is 1.0. 
[0m
[33mTrajectory 5 completed due to: TRUNCATION. Reward is 0.0. 
[0m
[33mTrajectory 0 completed due to: TRUNCATION. Reward is 0.0. 
[0m
[33mTrajectory 7 completed due to: TRUNCATION. Reward is 0.0. 
[0m
[33mTrajectory 2 completed due to: TRUNCATION. Reward is 0.0. 
[0m
[32mTrajectory 4 completed due to: ENV_DONE. Reward is 1.0. 
[0m
[36mNumber of Trajectories 1/8 completed[0m
[36mNumber of Trajectories 2/8 completed[0m
[36mNumber of Trajectories 3/8 completed[0m
[36mNumber of Trajectories 4/8 completed[0m
[36mNumber of Trajectories 5/8 completed[0m
[36mNumber of Trajectories 6/8 completed[0m
[36mNumber of Trajectories 7/8 completed[0m
[36mNumber of Trajectories 8/8 completed[0m
[32mTrajectory 6 completed due to: ENV_DONE. Reward is 1.0. 
[0m
[33mTrajectory 1 completed due to: TRUNCATION. Reward is 0.0. 
[0m
[33mTrajectory 3 completed due to: TRUNCATION. Reward is 0.0. 
[0m
[33mTrajectory 6 completed due to: TRUNCATION. Reward is 0.0. 
[0m
[33mTrajectory 1 completed due to: TRUNCATION. Reward is 0.0. 
[0m
[32mTrajectory 3 completed due to: ENV_DONE. Reward is 1.0. 
[0m
[33mTrajectory 5 completed due to: ENV_DONE. Reward is 0.0. 
[0m
[32mTrajectory 0 completed due to: ENV_DONE. Reward is 1.0. 
[0m
[33mTrajectory 7 completed due to: TRUNCATION. Reward is 0.0. 
[0m
[33mTrajectory 2 completed due to: TRUNCATION. Reward is 0.0. 
[0m
[32mTrajectory 4 completed due to: ENV_DONE. Reward is 1.0. 
[0m
[36mNumber of Trajectories 1/8 completed[0m
[36mNumber of Trajectories 2/8 completed[0m
[36mNumber of Trajectories 3/8 completed[0m
[36mNumber of Trajectories 4/8 completed[0m
[36mNumber of Trajectories 5/8 completed[0m
[36mNumber of Trajectories 6/8 completed[0m
[36mNumber of Trajectories 7/8 completed[0m
[36mNumber of Trajectories 8/8 completed[0m
[33mTrajectory 5 completed due to: TRUNCATION. Reward is 0.0. 
[0m
[33mTrajectory 0 completed due to: TRUNCATION. Reward is 0.0. 
[0m
[33mTrajectory 7 completed due to: TRUNCATION. Reward is 0.0. 
[0m
[32mTrajectory 2 completed due to: ENV_DONE. Reward is 1.0. 
[0m
[36mNumber of Trajectories 1/8 completed[0m
[36mNumber of Trajectories 2/8 completed[0m
[36mNumber of Trajectories 3/8 completed[0m
[33mTrajectory 4 completed due to: TRUNCATION. Reward is 0.0. 
[0m
[36mNumber of Trajectories 4/8 completed[0m
[36mNumber of Trajectories 5/8 completed[0m
[36mNumber of Trajectories 6/8 completed[0m
[36mNumber of Trajectories 7/8 completed[0m
[36mNumber of Trajectories 8/8 completed[0m
[33mTrajectory 1 completed due to: TRUNCATION. Reward is 0.0. 
[0m
[32mTrajectory 0 completed due to: ENV_DONE. Reward is 1.0. 
[0m
[36mNumber of Trajectories 1/2 completed[0m
[36mNumber of Trajectories 2/2 completed[0m
[32mTrajectory 0 completed due to: ENV_DONE. Reward is 1.0. 
[0m
[33mTrajectory 1 completed due to: TRUNCATION. Reward is 0.0. 
[0m
[36mNumber of Trajectories 1/2 completed[0m
[36mNumber of Trajectories 2/2 completed[0m
[33mTrajectory 0 completed due to: TRUNCATION. Reward is 0.0. 
[0m
[33mTrajectory 1 completed due to: TRUNCATION. Reward is 0.0. 
[0m
[36mNumber of Trajectories 1/2 completed[0m
[36mNumber of Trajectories 2/2 completed[0m
step:0 - val/reward_mean:0.30000001192092896 - val/reward_std:0.4898979485566356 - val/reward_min:0.0 - val/reward_max:1.0 - val/turns_mean:1.0
[33mTrajectory 7 completed due to: ENV_DONE. Reward is 0.0. 
[0m
[33mTrajectory 2 completed due to: ENV_DONE. Reward is 0.0. 
[0m
[33mTrajectory 3 completed due to: ENV_DONE. Reward is 0.0. 
[0m
[33mTrajectory 0 completed due to: ENV_DONE. Reward is 0.0. 
[0m
[33mTrajectory 5 completed due to: ENV_DONE. Reward is 0.0. 
[0m
[33mTrajectory 1 completed due to: ENV_DONE. Reward is 0.0. 
[0m
[33mTrajectory 4 completed due to: ENV_DONE. Reward is 0.0. 
[0m
[36mNumber of Trajectories 1/8 completed[0m
[36mNumber of Trajectories 2/8 completed[0m
[36mNumber of Trajectories 3/8 completed[0m
[33mTrajectory 6 completed due to: ENV_DONE. Reward is 0.0. 
[0m
[36mNumber of Trajectories 4/8 completed[0m
[36mNumber of Trajectories 5/8 completed[0m
[36mNumber of Trajectories 6/8 completed[0m
[36mNumber of Trajectories 7/8 completed[0m
[36mNumber of Trajectories 8/8 completed[0m
[33mTrajectory 7 completed due to: ENV_DONE. Reward is 0.0. 
[0m
[33mTrajectory 2 completed due to: ENV_DONE. Reward is 0.0. 
[0m
[33mTrajectory 3 completed due to: ENV_DONE. Reward is 0.0. 
[0m
[33mTrajectory 0 completed due to: ENV_DONE. Reward is 0.0. 
[0m
[33mTrajectory 5 completed due to: ENV_DONE. Reward is 0.0. 
[0m
[33mTrajectory 1 completed due to: ENV_DONE. Reward is 0.0. 
[0m
[33mTrajectory 4 completed due to: ENV_DONE. Reward is 0.0. 
[0m
[33mTrajectory 6 completed due to: ENV_DONE. Reward is 0.0. 
[0m
[36mNumber of Trajectories 1/8 completed[0m
[36mNumber of Trajectories 2/8 completed[0m
[36mNumber of Trajectories 3/8 completed[0m
[36mNumber of Trajectories 4/8 completed[0m
[36mNumber of Trajectories 5/8 completed[0m
[36mNumber of Trajectories 6/8 completed[0m
[36mNumber of Trajectories 7/8 completed[0m
[36mNumber of Trajectories 8/8 completed[0m
[32mTrajectory 0 completed due to: ENV_DONE. Reward is 1.0. 
[0m
[32mTrajectory 5 completed due to: ENV_DONE. Reward is 1.0. 
[0m
[32mTrajectory 4 completed due to: ENV_DONE. Reward is 1.0. 
[0m
[32mTrajectory 2 completed due to: ENV_DONE. Reward is 1.0. 
[0m
[32mTrajectory 6 completed due to: ENV_DONE. Reward is 1.0. 
[0m
[32mTrajectory 3 completed due to: ENV_DONE. Reward is 1.0. 
[0m
[32mTrajectory 1 completed due to: ENV_DONE. Reward is 1.0. 
[0m
[32mTrajectory 7 completed due to: ENV_DONE. Reward is 1.0. 
[0m
[36mNumber of Trajectories 1/8 completed[0m
[36mNumber of Trajectories 2/8 completed[0m
[36mNumber of Trajectories 3/8 completed[0m
[36mNumber of Trajectories 4/8 completed[0m
[36mNumber of Trajectories 5/8 completed[0m
[36mNumber of Trajectories 6/8 completed[0m
[36mNumber of Trajectories 7/8 completed[0m
[36mNumber of Trajectories 8/8 completed[0m
step:0 - grouping/num_groups:1 - grouping/num_samples:8 - advantage/mean:0.0 - advantage/std:0.0 - loss/grad_norm:0.0 - loss/policy:0.0 - policy/ratio_mean:0.9926527142524719 - time/sample:26.30014729499817 - time/train:6.37743878364563 - time/total:32.737791538238525 - reward/mean:0.3333333432674408 - reward/max:1.0 - reward/min:1.0 - batch/num_episodes:1 - distributed/num_processes:3 - distributed/rank:0
[32mTrajectory 3 completed due to: ENV_DONE. Reward is 1.0. 
[0m
[32mTrajectory 1 completed due to: ENV_DONE. Reward is 1.0. 
[0m
[32mTrajectory 2 completed due to: ENV_DONE. Reward is 1.0. 
[0m
[32mTrajectory 4 completed due to: ENV_DONE. Reward is 1.0. 
[0m
[32mTrajectory 0 completed due to: ENV_DONE. Reward is 1.0. 
[0m
[32mTrajectory 6 completed due to: ENV_DONE. Reward is 1.0. 
[0m
[32mTrajectory 5 completed due to: ENV_DONE. Reward is 1.0. 
[0m
[36mNumber of Trajectories 1/8 completed[0m
[32mTrajectory 7 completed due to: ENV_DONE. Reward is 1.0. 
[0m
[36mNumber of Trajectories 2/8 completed[0m
[36mNumber of Trajectories 3/8 completed[0m
[36mNumber of Trajectories 4/8 completed[0m
[36mNumber of Trajectories 5/8 completed[0m
[36mNumber of Trajectories 6/8 completed[0m
[36mNumber of Trajectories 7/8 completed[0m
[36mNumber of Trajectories 8/8 completed[0m
[33mTrajectory 7 completed due to: ENV_DONE. Reward is 0.0. 
[0m
[33mTrajectory 2 completed due to: ENV_DONE. Reward is 0.0. 
[0m
[33mTrajectory 0 completed due to: ENV_DONE. Reward is 0.0. 
[0m
[33mTrajectory 1 completed due to: ENV_DONE. Reward is 0.0. 
[0m
[33mTrajectory 6 completed due to: ENV_DONE. Reward is 0.0. 
[0m
[33mTrajectory 4 completed due to: ENV_DONE. Reward is 0.0. 
[0m
[33mTrajectory 5 completed due to: ENV_DONE. Reward is 0.0. 
[0m
[33mTrajectory 3 completed due to: ENV_DONE. Reward is 0.0. 
[0m
[36mNumber of Trajectories 1/8 completed[0m
[36mNumber of Trajectories 2/8 completed[0m
[36mNumber of Trajectories 3/8 completed[0m
[36mNumber of Trajectories 4/8 completed[0m
[36mNumber of Trajectories 5/8 completed[0m
[36mNumber of Trajectories 6/8 completed[0m
[36mNumber of Trajectories 7/8 completed[0m
[36mNumber of Trajectories 8/8 completed[0m
[32mTrajectory 1 completed due to: ENV_DONE. Reward is 1.0. 
[0m
[32mTrajectory 6 completed due to: ENV_DONE. Reward is 1.0. 
[0m
[32mTrajectory 0 completed due to: ENV_DONE. Reward is 1.0. 
[0m
[32mTrajectory 5 completed due to: ENV_DONE. Reward is 1.0. 
[0m
[32mTrajectory 3 completed due to: ENV_DONE. Reward is 1.0. 
[0m
[32mTrajectory 4 completed due to: ENV_DONE. Reward is 1.0. 
[0m
[32mTrajectory 7 completed due to: ENV_DONE. Reward is 1.0. 
[0m
[36mNumber of Trajectories 1/8 completed[0m
[36mNumber of Trajectories 2/8 completed[0m
[36mNumber of Trajectories 3/8 completed[0m
[32mTrajectory 2 completed due to: ENV_DONE. Reward is 1.0. 
[0m
[36mNumber of Trajectories 4/8 completed[0m
[36mNumber of Trajectories 5/8 completed[0m
[36mNumber of Trajectories 6/8 completed[0m
[36mNumber of Trajectories 7/8 completed[0m
[36mNumber of Trajectories 8/8 completed[0m
step:1 - grouping/num_groups:1 - grouping/num_samples:8 - advantage/mean:0.0 - advantage/std:0.0 - loss/grad_norm:0.0 - loss/policy:0.0 - policy/ratio_mean:0.9830606579780579 - time/sample:47.758153676986694 - time/train:3.5605454444885254 - time/total:51.37991952896118 - reward/mean:0.6666666865348816 - reward/max:1.0 - reward/min:1.0 - batch/num_episodes:1 - distributed/num_processes:3 - distributed/rank:0
[32mTrajectory 4 completed due to: ENV_DONE. Reward is 1.0. 
[0m
[32mTrajectory 5 completed due to: ENV_DONE. Reward is 1.0. 
[0m
[32mTrajectory 0 completed due to: ENV_DONE. Reward is 1.0. 
[0m
[32mTrajectory 2 completed due to: ENV_DONE. Reward is 1.0. 
[0m
[32mTrajectory 1 completed due to: ENV_DONE. Reward is 1.0. 
[0m
[32mTrajectory 7 completed due to: ENV_DONE. Reward is 1.0. 
[0m
[32mTrajectory 3 completed due to: ENV_DONE. Reward is 1.0. 
[0m
[36mNumber of Trajectories 1/8 completed[0m
[36mNumber of Trajectories 2/8 completed[0m
[36mNumber of Trajectories 3/8 completed[0m
[32mTrajectory 6 completed due to: ENV_DONE. Reward is 1.0. 
[0m
[36mNumber of Trajectories 4/8 completed[0m
[36mNumber of Trajectories 5/8 completed[0m
[36mNumber of Trajectories 6/8 completed[0m
[36mNumber of Trajectories 7/8 completed[0m
[36mNumber of Trajectories 8/8 completed[0m
[32mTrajectory 3 completed due to: ENV_DONE. Reward is 1.0. 
[0m
[32mTrajectory 4 completed due to: ENV_DONE. Reward is 1.0. 
[0m
[32mTrajectory 1 completed due to: ENV_DONE. Reward is 1.0. 
[0m
[32mTrajectory 6 completed due to: ENV_DONE. Reward is 1.0. 
[0m
[32mTrajectory 2 completed due to: ENV_DONE. Reward is 1.0. 
[0m
[32mTrajectory 5 completed due to: ENV_DONE. Reward is 1.0. 
[0m
[32mTrajectory 0 completed due to: ENV_DONE. Reward is 1.0. 
[0m
[32mTrajectory 7 completed due to: ENV_DONE. Reward is 1.0. 
[0m
[36mNumber of Trajectories 1/8 completed[0m
[36mNumber of Trajectories 2/8 completed[0m
[36mNumber of Trajectories 3/8 completed[0m
[36mNumber of Trajectories 4/8 completed[0m
[36mNumber of Trajectories 5/8 completed[0m
[36mNumber of Trajectories 6/8 completed[0m
[36mNumber of Trajectories 7/8 completed[0m
[36mNumber of Trajectories 8/8 completed[0m
[32mTrajectory 7 completed due to: ENV_DONE. Reward is 1.0. 
[0m
[32mTrajectory 2 completed due to: ENV_DONE. Reward is 1.0. 
[0m
[33mTrajectory 3 completed due to: TRUNCATION. Reward is 0.0. 
[0m
[33mTrajectory 0 completed due to: TRUNCATION. Reward is 0.0. 
[0m
[33mTrajectory 5 completed due to: TRUNCATION. Reward is 0.0. 
[0m
[33mTrajectory 1 completed due to: TRUNCATION. Reward is 0.0. 
[0m
[33mTrajectory 4 completed due to: TRUNCATION. Reward is 0.0. 
[0m
[36mNumber of Trajectories 1/8 completed[0m
[36mNumber of Trajectories 2/8 completed[0m
[36mNumber of Trajectories 3/8 completed[0m
[36mNumber of Trajectories 4/8 completed[0m
[36mNumber of Trajectories 5/8 completed[0m
[36mNumber of Trajectories 6/8 completed[0m
[36mNumber of Trajectories 7/8 completed[0m
[33mTrajectory 6 completed due to: TRUNCATION. Reward is 0.0. 
[0m
[36mNumber of Trajectories 8/8 completed[0m
step:2 - grouping/num_groups:1 - grouping/num_samples:8 - advantage/mean:0.0 - advantage/std:0.0 - loss/grad_norm:0.224609375 - loss/policy:0.0 - policy/ratio_mean:0.9957740306854248 - time/sample:2.6405527591705322 - time/train:36.92934441566467 - time/total:39.57730555534363 - reward/mean:0.75 - reward/max:1.0 - reward/min:1.0 - batch/num_episodes:1 - distributed/num_processes:3 - distributed/rank:0
[32mTrajectory 7 completed due to: ENV_DONE. Reward is 1.0. 
[0m
[32mTrajectory 2 completed due to: ENV_DONE. Reward is 1.0. 
[0m
[32mTrajectory 3 completed due to: ENV_DONE. Reward is 1.0. 
[0m
[32mTrajectory 0 completed due to: ENV_DONE. Reward is 1.0. 
[0m
[32mTrajectory 5 completed due to: ENV_DONE. Reward is 1.0. 
[0m
[32mTrajectory 1 completed due to: ENV_DONE. Reward is 1.0. 
[0m
[32mTrajectory 4 completed due to: ENV_DONE. Reward is 1.0. 
[0m
[32mTrajectory 6 completed due to: ENV_DONE. Reward is 1.0. 
[0m
[36mNumber of Trajectories 1/8 completed[0m
[36mNumber of Trajectories 2/8 completed[0m
[36mNumber of Trajectories 3/8 completed[0m
[36mNumber of Trajectories 4/8 completed[0m
[36mNumber of Trajectories 5/8 completed[0m
[36mNumber of Trajectories 6/8 completed[0m
[36mNumber of Trajectories 7/8 completed[0m
[36mNumber of Trajectories 8/8 completed[0m
[33mTrajectory 3 completed due to: TRUNCATION. Reward is 0.0. 
[0m
[33mTrajectory 4 completed due to: TRUNCATION. Reward is 0.0. 
[0m
[33mTrajectory 1 completed due to: TRUNCATION. Reward is 0.0. 
[0m
[33mTrajectory 6 completed due to: TRUNCATION. Reward is 0.0. 
[0m
[33mTrajectory 2 completed due to: TRUNCATION. Reward is 0.0. 
[0m
[33mTrajectory 5 completed due to: ENV_DONE. Reward is 0.0. 
[0m
[33mTrajectory 0 completed due to: TRUNCATION. Reward is 0.0. 
[0m
[33mTrajectory 7 completed due to: TRUNCATION. Reward is 0.0. 
[0m
[36mNumber of Trajectories 1/8 completed[0m
[36mNumber of Trajectories 2/8 completed[0m
[36mNumber of Trajectories 3/8 completed[0m
[36mNumber of Trajectories 4/8 completed[0m
[36mNumber of Trajectories 5/8 completed[0m
[36mNumber of Trajectories 6/8 completed[0m
[36mNumber of Trajectories 7/8 completed[0m
[36mNumber of Trajectories 8/8 completed[0m
[33mTrajectory 4 completed due to: TRUNCATION. Reward is 0.0. 
[0m
[33mTrajectory 5 completed due to: TRUNCATION. Reward is 0.0. 
[0m
[33mTrajectory 0 completed due to: TRUNCATION. Reward is 0.0. 
[0m
[33mTrajectory 2 completed due to: TRUNCATION. Reward is 0.0. 
[0m
[33mTrajectory 1 completed due to: TRUNCATION. Reward is 0.0. 
[0m
[33mTrajectory 7 completed due to: TRUNCATION. Reward is 0.0. 
[0m
[33mTrajectory 3 completed due to: TRUNCATION. Reward is 0.0. 
[0m
[36mNumber of Trajectories 1/8 completed[0m
[36mNumber of Trajectories 2/8 completed[0m
[36mNumber of Trajectories 3/8 completed[0m
[36mNumber of Trajectories 4/8 completed[0m
[36mNumber of Trajectories 5/8 completed[0m
[36mNumber of Trajectories 6/8 completed[0m
[36mNumber of Trajectories 7/8 completed[0m
[33mTrajectory 6 completed due to: TRUNCATION. Reward is 0.0. 
[0m
[36mNumber of Trajectories 8/8 completed[0m
step:3 - grouping/num_groups:1 - grouping/num_samples:8 - advantage/mean:0.0 - advantage/std:0.0 - loss/grad_norm:0.0 - loss/policy:0.0 - policy/ratio_mean:0.9595668315887451 - time/sample:81.96228337287903 - time/train:4.936268329620361 - time/total:86.90366339683533 - reward/mean:0.3333333432674408 - reward/max:0.0 - reward/min:0.0 - batch/num_episodes:1 - distributed/num_processes:3 - distributed/rank:0
[32mTrajectory 3 completed due to: ENV_DONE. Reward is 1.0. 
[0m
[32mTrajectory 4 completed due to: ENV_DONE. Reward is 1.0. 
[0m
[32mTrajectory 1 completed due to: ENV_DONE. Reward is 1.0. 
[0m
[32mTrajectory 6 completed due to: ENV_DONE. Reward is 1.0. 
[0m
[32mTrajectory 2 completed due to: ENV_DONE. Reward is 1.0. 
[0m
[32mTrajectory 5 completed due to: ENV_DONE. Reward is 1.0. 
[0m
[32mTrajectory 0 completed due to: ENV_DONE. Reward is 1.0. 
[0m
[32mTrajectory 7 completed due to: ENV_DONE. Reward is 1.0. 
[0m
[36mNumber of Trajectories 1/8 completed[0m
[36mNumber of Trajectories 2/8 completed[0m
[36mNumber of Trajectories 3/8 completed[0m
[36mNumber of Trajectories 4/8 completed[0m
[36mNumber of Trajectories 5/8 completed[0m
[36mNumber of Trajectories 6/8 completed[0m
[36mNumber of Trajectories 7/8 completed[0m
[36mNumber of Trajectories 8/8 completed[0m
[33mTrajectory 4 completed due to: TRUNCATION. Reward is 0.0. 
[0m
[33mTrajectory 5 completed due to: TRUNCATION. Reward is 0.0. 
[0m
[32mTrajectory 0 completed due to: ENV_DONE. Reward is 1.0. 
[0m
[33mTrajectory 2 completed due to: TRUNCATION. Reward is 0.0. 
[0m
[33mTrajectory 1 completed due to: TRUNCATION. Reward is 0.0. 
[0m
[33mTrajectory 7 completed due to: TRUNCATION. Reward is 0.0. 
[0m
[32mTrajectory 3 completed due to: TRUNCATION. Reward is 1.0. 
[0m
[36mNumber of Trajectories 1/8 completed[0m
[36mNumber of Trajectories 2/8 completed[0m
[36mNumber of Trajectories 3/8 completed[0m
[33mTrajectory 6 completed due to: TRUNCATION. Reward is 0.0. 
[0m
[36mNumber of Trajectories 4/8 completed[0m
[36mNumber of Trajectories 5/8 completed[0m
[36mNumber of Trajectories 6/8 completed[0m
[36mNumber of Trajectories 7/8 completed[0m
[36mNumber of Trajectories 8/8 completed[0m
[33mTrajectory 2 completed due to: ENV_DONE. Reward is 0.0. 
[0m
[33mTrajectory 0 completed due to: ENV_DONE. Reward is 0.0. 
[0m
[33mTrajectory 7 completed due to: TRUNCATION. Reward is 0.0. 
[0m
[33mTrajectory 3 completed due to: TRUNCATION. Reward is 0.0. 
[0m
[33mTrajectory 5 completed due to: TRUNCATION. Reward is 0.0. 
[0m
[33mTrajectory 4 completed due to: TRUNCATION. Reward is 0.0. 
[0m
[33mTrajectory 6 completed due to: ENV_DONE. Reward is 0.0. 
[0m
[36mNumber of Trajectories 1/8 completed[0m
[36mNumber of Trajectories 2/8 completed[0m
[36mNumber of Trajectories 3/8 completed[0m
[36mNumber of Trajectories 4/8 completed[0m
[36mNumber of Trajectories 5/8 completed[0m
[36mNumber of Trajectories 6/8 completed[0m
[36mNumber of Trajectories 7/8 completed[0m
[33mTrajectory 1 completed due to: TRUNCATION. Reward is 0.0. 
[0m
[36mNumber of Trajectories 8/8 completed[0m
step:4 - grouping/num_groups:1 - grouping/num_samples:8 - advantage/mean:0.0 - advantage/std:0.33071891388307384 - loss/grad_norm:0.1201171875 - loss/policy:0.12111499905586243 - policy/ratio_mean:0.9588758945465088 - time/sample:46.48046278953552 - time/train:33.92016243934631 - time/total:80.4077799320221 - reward/mean:0.375 - reward/max:1.0 - reward/min:0.0 - batch/num_episodes:1 - distributed/num_processes:3 - distributed/rank:0
[33mTrajectory 7 completed due to: ENV_DONE. Reward is 0.0. 
[0m
[33mTrajectory 2 completed due to: ENV_DONE. Reward is 0.0. 
[0m
[33mTrajectory 3 completed due to: ENV_DONE. Reward is 0.0. 
[0m
[33mTrajectory 0 completed due to: ENV_DONE. Reward is 0.0. 
[0m
[33mTrajectory 5 completed due to: ENV_DONE. Reward is 0.0. 
[0m
[33mTrajectory 1 completed due to: ENV_DONE. Reward is 0.0. 
[0m
[33mTrajectory 4 completed due to: ENV_DONE. Reward is 0.0. 
[0m
[33mTrajectory 6 completed due to: ENV_DONE. Reward is 0.0. 
[0m
[36mNumber of Trajectories 1/8 completed[0m
[36mNumber of Trajectories 2/8 completed[0m
[36mNumber of Trajectories 3/8 completed[0m
[36mNumber of Trajectories 4/8 completed[0m
[36mNumber of Trajectories 5/8 completed[0m
[36mNumber of Trajectories 6/8 completed[0m
[36mNumber of Trajectories 7/8 completed[0m
[36mNumber of Trajectories 8/8 completed[0m
[33mTrajectory 1 completed due to: TRUNCATION. Reward is 0.0. 
[0m
[33mTrajectory 6 completed due to: TRUNCATION. Reward is 0.0. 
[0m
[33mTrajectory 0 completed due to: TRUNCATION. Reward is 0.0. 
[0m
[33mTrajectory 5 completed due to: TRUNCATION. Reward is 0.0. 
[0m
[33mTrajectory 3 completed due to: TRUNCATION. Reward is 0.0. 
[0m
[33mTrajectory 4 completed due to: TRUNCATION. Reward is 0.0. 
[0m
[33mTrajectory 7 completed due to: TRUNCATION. Reward is 0.0. 
[0m
[33mTrajectory 2 completed due to: TRUNCATION. Reward is 0.0. 
[0m
[36mNumber of Trajectories 1/8 completed[0m
[36mNumber of Trajectories 2/8 completed[0m
[36mNumber of Trajectories 3/8 completed[0m
[36mNumber of Trajectories 4/8 completed[0m
[36mNumber of Trajectories 5/8 completed[0m
[36mNumber of Trajectories 6/8 completed[0m
[36mNumber of Trajectories 7/8 completed[0m
[36mNumber of Trajectories 8/8 completed[0m
[33mTrajectory 3 completed due to: TRUNCATION. Reward is 0.0. 
[0m
[33mTrajectory 4 completed due to: TRUNCATION. Reward is 0.0. 
[0m
[33mTrajectory 1 completed due to: TRUNCATION. Reward is 0.0. 
[0m
[33mTrajectory 6 completed due to: TRUNCATION. Reward is 0.0. 
[0m
[33mTrajectory 2 completed due to: TRUNCATION. Reward is 0.0. 
[0m
[33mTrajectory 5 completed due to: TRUNCATION. Reward is 0.0. 
[0m
[33mTrajectory 0 completed due to: TRUNCATION. Reward is 0.0. 
[0m
[36mNumber of Trajectories 1/8 completed[0m
[36mNumber of Trajectories 2/8 completed[0m
[36mNumber of Trajectories 3/8 completed[0m
[36mNumber of Trajectories 4/8 completed[0m
[36mNumber of Trajectories 5/8 completed[0m
[36mNumber of Trajectories 6/8 completed[0m
[36mNumber of Trajectories 7/8 completed[0m
[33mTrajectory 7 completed due to: TRUNCATION. Reward is 0.0. 
[0m
[36mNumber of Trajectories 8/8 completed[0m
step:5 - grouping/num_groups:1 - grouping/num_samples:8 - advantage/mean:0.0 - advantage/std:0.0 - loss/grad_norm:0.0 - loss/policy:0.0 - policy/ratio_mean:0.9618120193481445 - time/sample:35.69173979759216 - time/train:35.91423010826111 - time/total:71.61185240745544 - reward/mean:0.0 - reward/max:0.0 - reward/min:0.0 - batch/num_episodes:1 - distributed/num_processes:3 - distributed/rank:0
[32mTrajectory 5 completed due to: ENV_DONE. Reward is 1.0. 
[0m
[32mTrajectory 0 completed due to: ENV_DONE. Reward is 1.0. 
[0m
[32mTrajectory 2 completed due to: ENV_DONE. Reward is 1.0. 
[0m
[32mTrajectory 3 completed due to: ENV_DONE. Reward is 1.0. 
[0m
[36mNumber of Trajectories 1/8 completed[0m
[36mNumber of Trajectories 2/8 completed[0m
[36mNumber of Trajectories 3/8 completed[0m
[36mNumber of Trajectories 4/8 completed[0m
[32mTrajectory 6 completed due to: ENV_DONE. Reward is 1.0. 
[0m
[36mNumber of Trajectories 5/8 completed[0m
[33mTrajectory 4 completed due to: ENV_DONE. Reward is 0.0. 
[0m
[33mTrajectory 1 completed due to: ENV_DONE. Reward is 0.0. 
[0m
[36mNumber of Trajectories 6/8 completed[0m
[36mNumber of Trajectories 7/8 completed[0m
[33mTrajectory 7 completed due to: ENV_DONE. Reward is 0.0. 
[0m
[36mNumber of Trajectories 8/8 completed[0m
[33mTrajectory 3 completed due to: TRUNCATION. Reward is 0.0. 
[0m
[33mTrajectory 4 completed due to: TRUNCATION. Reward is 0.0. 
[0m
[33mTrajectory 1 completed due to: TRUNCATION. Reward is 0.0. 
[0m
[33mTrajectory 6 completed due to: TRUNCATION. Reward is 0.0. 
[0m
[33mTrajectory 2 completed due to: TRUNCATION. Reward is 0.0. 
[0m
[33mTrajectory 5 completed due to: TRUNCATION. Reward is 0.0. 
[0m
[33mTrajectory 0 completed due to: TRUNCATION. Reward is 0.0. 
[0m
[36mNumber of Trajectories 1/8 completed[0m
[36mNumber of Trajectories 2/8 completed[0m
[36mNumber of Trajectories 3/8 completed[0m
[36mNumber of Trajectories 4/8 completed[0m
[33mTrajectory 7 completed due to: TRUNCATION. Reward is 0.0. 
[0m
[36mNumber of Trajectories 5/8 completed[0m
[36mNumber of Trajectories 6/8 completed[0m
[36mNumber of Trajectories 7/8 completed[0m
[36mNumber of Trajectories 8/8 completed[0m
[33mTrajectory 7 completed due to: TRUNCATION. Reward is 0.0. 
[0m
[33mTrajectory 2 completed due to: TRUNCATION. Reward is 0.0. 
[0m
[33mTrajectory 3 completed due to: TRUNCATION. Reward is 0.0. 
[0m
[33mTrajectory 0 completed due to: TRUNCATION. Reward is 0.0. 
[0m
[33mTrajectory 5 completed due to: TRUNCATION. Reward is 0.0. 
[0m
[33mTrajectory 1 completed due to: TRUNCATION. Reward is 0.0. 
[0m
[33mTrajectory 4 completed due to: TRUNCATION. Reward is 0.0. 
[0m
[33mTrajectory 6 completed due to: TRUNCATION. Reward is 0.0. 
[0m
[36mNumber of Trajectories 1/8 completed[0m
[36mNumber of Trajectories 2/8 completed[0m
[36mNumber of Trajectories 3/8 completed[0m
[36mNumber of Trajectories 4/8 completed[0m
[36mNumber of Trajectories 5/8 completed[0m
[36mNumber of Trajectories 6/8 completed[0m
[36mNumber of Trajectories 7/8 completed[0m
[36mNumber of Trajectories 8/8 completed[0m
step:6 - grouping/num_groups:1 - grouping/num_samples:8 - advantage/mean:0.0 - advantage/std:0.4841229182759271 - loss/grad_norm:0.71875 - loss/policy:0.6240391731262207 - policy/ratio_mean:0.9972213506698608 - time/sample:7.308156490325928 - time/train:66.77135944366455 - time/total:74.08539366722107 - reward/mean:0.2083333432674408 - reward/max:1.0 - reward/min:0.0 - batch/num_episodes:1 - distributed/num_processes:3 - distributed/rank:0
[33mTrajectory 0 completed due to: TRUNCATION. Reward is 0.0. 
[0m
[36mNumber of Trajectories 1/8 completed[0m
[33mTrajectory 1 completed due to: TRUNCATION. Reward is 0.0. 
[0m
[33mTrajectory 6 completed due to: TRUNCATION. Reward is 0.0. 
[0m
[33mTrajectory 0 completed due to: TRUNCATION. Reward is 0.0. 
[0m
[33mTrajectory 5 completed due to: TRUNCATION. Reward is 0.0. 
[0m
[33mTrajectory 3 completed due to: TRUNCATION. Reward is 0.0. 
[0m
[33mTrajectory 4 completed due to: TRUNCATION. Reward is 0.0. 
[0m
[33mTrajectory 7 completed due to: TRUNCATION. Reward is 0.0. 
[0m
[33mTrajectory 2 completed due to: TRUNCATION. Reward is 0.0. 
[0m
[36mNumber of Trajectories 1/8 completed[0m
[36mNumber of Trajectories 2/8 completed[0m
[36mNumber of Trajectories 3/8 completed[0m
[36mNumber of Trajectories 4/8 completed[0m
[36mNumber of Trajectories 5/8 completed[0m
[36mNumber of Trajectories 6/8 completed[0m
[36mNumber of Trajectories 7/8 completed[0m
[36mNumber of Trajectories 8/8 completed[0m
[33mTrajectory 4 completed due to: TRUNCATION. Reward is 0.0. 
[0m
[33mTrajectory 3 completed due to: ENV_DONE. Reward is 0.0. 
[0m
[33mTrajectory 1 completed due to: ENV_DONE. Reward is 0.0. 
[0m
[33mTrajectory 2 completed due to: ENV_DONE. Reward is 0.0. 
[0m
[33mTrajectory 5 completed due to: ENV_DONE. Reward is 0.0. 
[0m
[33mTrajectory 6 completed due to: ENV_DONE. Reward is 0.0. 
[0m
[36mNumber of Trajectories 2/8 completed[0m
[36mNumber of Trajectories 3/8 completed[0m
[36mNumber of Trajectories 4/8 completed[0m
[36mNumber of Trajectories 5/8 completed[0m
[36mNumber of Trajectories 6/8 completed[0m
[36mNumber of Trajectories 7/8 completed[0m
[33mTrajectory 7 completed due to: ENV_DONE. Reward is 0.0. 
[0m
[36mNumber of Trajectories 8/8 completed[0m
[33mTrajectory 2 completed due to: TRUNCATION. Reward is 0.0. 
[0m
[33mTrajectory 3 completed due to: TRUNCATION. Reward is 0.0. 
[0m
[33mTrajectory 0 completed due to: TRUNCATION. Reward is 0.0. 
[0m
[32mTrajectory 7 completed due to: TRUNCATION. Reward is 1.0. 
[0m
[33mTrajectory 5 completed due to: TRUNCATION. Reward is 0.0. 
[0m
[33mTrajectory 4 completed due to: TRUNCATION. Reward is 0.0. 
[0m
[33mTrajectory 6 completed due to: TRUNCATION. Reward is 0.0. 
[0m
[33mTrajectory 1 completed due to: ENV_DONE. Reward is 0.0. 
[0m
[36mNumber of Trajectories 1/8 completed[0m
[36mNumber of Trajectories 2/8 completed[0m
[36mNumber of Trajectories 3/8 completed[0m
[36mNumber of Trajectories 4/8 completed[0m
[36mNumber of Trajectories 5/8 completed[0m
[36mNumber of Trajectories 6/8 completed[0m
[36mNumber of Trajectories 7/8 completed[0m
[36mNumber of Trajectories 8/8 completed[0m
step:7 - grouping/num_groups:1 - grouping/num_samples:8 - advantage/mean:0.0 - advantage/std:0.0 - loss/grad_norm:0.0 - loss/policy:0.0 - policy/ratio_mean:0.9580466151237488 - time/sample:60.74716138839722 - time/train:35.277080059051514 - time/total:96.03001713752747 - reward/mean:0.0 - reward/max:0.0 - reward/min:0.0 - batch/num_episodes:1 - distributed/num_processes:3 - distributed/rank:0
[33mTrajectory 4 completed due to: TRUNCATION. Reward is 0.0. 
[0m
[32mTrajectory 5 completed due to: ENV_DONE. Reward is 1.0. 
[0m
[32mTrajectory 0 completed due to: ENV_DONE. Reward is 1.0. 
[0m
[33mTrajectory 2 completed due to: TRUNCATION. Reward is 0.0. 
[0m
[32mTrajectory 1 completed due to: ENV_DONE. Reward is 1.0. 
[0m
[33mTrajectory 7 completed due to: TRUNCATION. Reward is 0.0. 
[0m
[32mTrajectory 3 completed due to: ENV_DONE. Reward is 1.0. 
[0m
[33mTrajectory 6 completed due to: TRUNCATION. Reward is 0.0. 
[0m
[36mNumber of Trajectories 1/8 completed[0m
[36mNumber of Trajectories 2/8 completed[0m
[36mNumber of Trajectories 3/8 completed[0m
[36mNumber of Trajectories 4/8 completed[0m
[36mNumber of Trajectories 5/8 completed[0m
[36mNumber of Trajectories 6/8 completed[0m
[36mNumber of Trajectories 7/8 completed[0m
[36mNumber of Trajectories 8/8 completed[0m
[33mTrajectory 7 completed due to: ENV_DONE. Reward is 0.0. 
[0m
[33mTrajectory 2 completed due to: ENV_DONE. Reward is 0.0. 
[0m
[33mTrajectory 3 completed due to: ENV_DONE. Reward is 0.0. 
[0m
[33mTrajectory 0 completed due to: ENV_DONE. Reward is 0.0. 
[0m
[33mTrajectory 5 completed due to: ENV_DONE. Reward is 0.0. 
[0m
[33mTrajectory 1 completed due to: ENV_DONE. Reward is 0.0. 
[0m
[33mTrajectory 4 completed due to: ENV_DONE. Reward is 0.0. 
[0m
[33mTrajectory 6 completed due to: ENV_DONE. Reward is 0.0. 
[0m
[36mNumber of Trajectories 1/8 completed[0m
[36mNumber of Trajectories 2/8 completed[0m
[36mNumber of Trajectories 3/8 completed[0m
[36mNumber of Trajectories 4/8 completed[0m
[36mNumber of Trajectories 5/8 completed[0m
[36mNumber of Trajectories 6/8 completed[0m
[36mNumber of Trajectories 7/8 completed[0m
[36mNumber of Trajectories 8/8 completed[0m
[32mTrajectory 3 completed due to: ENV_DONE. Reward is 1.0. 
[0m
[32mTrajectory 4 completed due to: ENV_DONE. Reward is 1.0. 
[0m
[32mTrajectory 1 completed due to: ENV_DONE. Reward is 1.0. 
[0m
[32mTrajectory 6 completed due to: ENV_DONE. Reward is 1.0. 
[0m
[32mTrajectory 2 completed due to: ENV_DONE. Reward is 1.0. 
[0m
[32mTrajectory 5 completed due to: ENV_DONE. Reward is 1.0. 
[0m
[32mTrajectory 0 completed due to: ENV_DONE. Reward is 1.0. 
[0m
[36mNumber of Trajectories 1/8 completed[0m
[36mNumber of Trajectories 2/8 completed[0m
[36mNumber of Trajectories 3/8 completed[0m
[32mTrajectory 7 completed due to: ENV_DONE. Reward is 1.0. 
[0m
[36mNumber of Trajectories 4/8 completed[0m
[36mNumber of Trajectories 5/8 completed[0m
[36mNumber of Trajectories 6/8 completed[0m
[36mNumber of Trajectories 7/8 completed[0m
[36mNumber of Trajectories 8/8 completed[0m
step:8 - grouping/num_groups:1 - grouping/num_samples:8 - advantage/mean:0.0 - advantage/std:0.5 - loss/grad_norm:0.38671875 - loss/policy:0.4889878034591675 - policy/ratio_mean:0.9698476791381836 - time/sample:49.89890670776367 - time/train:16.500476360321045 - time/total:66.4053680896759 - reward/mean:0.5 - reward/max:1.0 - reward/min:0.0 - batch/num_episodes:1 - distributed/num_processes:3 - distributed/rank:0
[32mTrajectory 7 completed due to: ENV_DONE. Reward is 1.0. 
[0m
[33mTrajectory 2 completed due to: ENV_DONE. Reward is 0.0. 
[0m
[32mTrajectory 3 completed due to: ENV_DONE. Reward is 1.0. 
[0m
[32mTrajectory 0 completed due to: ENV_DONE. Reward is 1.0. 
[0m
[33mTrajectory 5 completed due to: ENV_DONE. Reward is 0.0. 
[0m
[33mTrajectory 1 completed due to: ENV_DONE. Reward is 0.0. 
[0m
[32mTrajectory 4 completed due to: ENV_DONE. Reward is 1.0. 
[0m
[36mNumber of Trajectories 1/8 completed[0m
[36mNumber of Trajectories 2/8 completed[0m
[36mNumber of Trajectories 3/8 completed[0m
[36mNumber of Trajectories 4/8 completed[0m
[33mTrajectory 6 completed due to: ENV_DONE. Reward is 0.0. 
[0m
[36mNumber of Trajectories 5/8 completed[0m
[36mNumber of Trajectories 6/8 completed[0m
[36mNumber of Trajectories 7/8 completed[0m
[36mNumber of Trajectories 8/8 completed[0m
[32mTrajectory 4 completed due to: ENV_DONE. Reward is 1.0. 
[0m
[33mTrajectory 5 completed due to: TRUNCATION. Reward is 0.0. 
[0m
[32mTrajectory 0 completed due to: ENV_DONE. Reward is 1.0. 
[0m
[32mTrajectory 2 completed due to: ENV_DONE. Reward is 1.0. 
[0m
[32mTrajectory 1 completed due to: ENV_DONE. Reward is 1.0. 
[0m
[32mTrajectory 7 completed due to: ENV_DONE. Reward is 1.0. 
[0m
[32mTrajectory 3 completed due to: ENV_DONE. Reward is 1.0. 
[0m
[32mTrajectory 6 completed due to: ENV_DONE. Reward is 1.0. 
[0m
[36mNumber of Trajectories 1/8 completed[0m
[36mNumber of Trajectories 2/8 completed[0m
[36mNumber of Trajectories 3/8 completed[0m
[36mNumber of Trajectories 4/8 completed[0m
[36mNumber of Trajectories 5/8 completed[0m
[36mNumber of Trajectories 6/8 completed[0m
[36mNumber of Trajectories 7/8 completed[0m
[36mNumber of Trajectories 8/8 completed[0m
[33mTrajectory 3 completed due to: TRUNCATION. Reward is 0.0. 
[0m
[33mTrajectory 4 completed due to: TRUNCATION. Reward is 0.0. 
[0m
[33mTrajectory 1 completed due to: TRUNCATION. Reward is 0.0. 
[0m
[32mTrajectory 6 completed due to: TRUNCATION. Reward is 1.0. 
[0m
[32mTrajectory 2 completed due to: ENV_DONE. Reward is 1.0. 
[0m
[33mTrajectory 5 completed due to: TRUNCATION. Reward is 0.0. 
[0m
[33mTrajectory 0 completed due to: TRUNCATION. Reward is 0.0. 
[0m
[36mNumber of Trajectories 1/8 completed[0m
[36mNumber of Trajectories 2/8 completed[0m
[36mNumber of Trajectories 3/8 completed[0m
[33mTrajectory 7 completed due to: TRUNCATION. Reward is 0.0. 
[0m
[36mNumber of Trajectories 4/8 completed[0m
[36mNumber of Trajectories 5/8 completed[0m
[36mNumber of Trajectories 6/8 completed[0m
[36mNumber of Trajectories 7/8 completed[0m
[36mNumber of Trajectories 8/8 completed[0m
step:9 - grouping/num_groups:1 - grouping/num_samples:8 - advantage/mean:0.0 - advantage/std:0.33071891388307384 - loss/grad_norm:0.94921875 - loss/policy:-0.12331753969192505 - policy/ratio_mean:0.9933220148086548 - time/sample:73.85291838645935 - time/train:5.326519250869751 - time/total:79.18636298179626 - reward/mean:0.5 - reward/max:1.0 - reward/min:0.0 - batch/num_episodes:1 - distributed/num_processes:3 - distributed/rank:0
[32mTrajectory 3 completed due to: ENV_DONE. Reward is 1.0. 
[0m
[32mTrajectory 4 completed due to: ENV_DONE. Reward is 1.0. 
[0m
[32mTrajectory 1 completed due to: ENV_DONE. Reward is 1.0. 
[0m
[32mTrajectory 6 completed due to: ENV_DONE. Reward is 1.0. 
[0m
[32mTrajectory 2 completed due to: ENV_DONE. Reward is 1.0. 
[0m
[32mTrajectory 5 completed due to: ENV_DONE. Reward is 1.0. 
[0m
[32mTrajectory 0 completed due to: ENV_DONE. Reward is 1.0. 
[0m
[36mNumber of Trajectories 1/8 completed[0m
[36mNumber of Trajectories 2/8 completed[0m
[36mNumber of Trajectories 3/8 completed[0m
[36mNumber of Trajectories 4/8 completed[0m
[36mNumber of Trajectories 5/8 completed[0m
[36mNumber of Trajectories 6/8 completed[0m
[36mNumber of Trajectories 7/8 completed[0m
[32mTrajectory 7 completed due to: ENV_DONE. Reward is 1.0. 
[0m
[36mNumber of Trajectories 8/8 completed[0m
[32mTrajectory 1 completed due to: ENV_DONE. Reward is 1.0. 
[0m
[32mTrajectory 6 completed due to: ENV_DONE. Reward is 1.0. 
[0m
[32mTrajectory 0 completed due to: ENV_DONE. Reward is 1.0. 
[0m
[33mTrajectory 5 completed due to: TRUNCATION. Reward is 0.0. 
[0m
[32mTrajectory 3 completed due to: ENV_DONE. Reward is 1.0. 
[0m
[33mTrajectory 4 completed due to: TRUNCATION. Reward is 0.0. 
[0m
[33mTrajectory 7 completed due to: TRUNCATION. Reward is 0.0. 
[0m
[36mNumber of Trajectories 1/8 completed[0m
[36mNumber of Trajectories 2/8 completed[0m
[36mNumber of Trajectories 3/8 completed[0m
[33mTrajectory 2 completed due to: TRUNCATION. Reward is 0.0. 
[0m
[36mNumber of Trajectories 4/8 completed[0m
[36mNumber of Trajectories 5/8 completed[0m
[36mNumber of Trajectories 6/8 completed[0m
[36mNumber of Trajectories 7/8 completed[0m
[36mNumber of Trajectories 8/8 completed[0m
[33mTrajectory 7 completed due to: ENV_DONE. Reward is 0.0. 
[0m
[33mTrajectory 2 completed due to: TRUNCATION. Reward is 0.0. 
[0m
[33mTrajectory 3 completed due to: TRUNCATION. Reward is 0.0. 
[0m
[33mTrajectory 0 completed due to: TRUNCATION. Reward is 0.0. 
[0m
[33mTrajectory 5 completed due to: TRUNCATION. Reward is 0.0. 
[0m
[33mTrajectory 1 completed due to: TRUNCATION. Reward is 0.0. 
[0m
[33mTrajectory 4 completed due to: TRUNCATION. Reward is 0.0. 
[0m
[33mTrajectory 6 completed due to: TRUNCATION. Reward is 0.0. 
[0m
[36mNumber of Trajectories 1/8 completed[0m
[36mNumber of Trajectories 2/8 completed[0m
[36mNumber of Trajectories 3/8 completed[0m
[36mNumber of Trajectories 4/8 completed[0m
[36mNumber of Trajectories 5/8 completed[0m
[36mNumber of Trajectories 6/8 completed[0m
[36mNumber of Trajectories 7/8 completed[0m
[36mNumber of Trajectories 8/8 completed[0m
step:10 - grouping/num_groups:1 - grouping/num_samples:8 - advantage/mean:0.0 - advantage/std:0.5 - loss/grad_norm:0.49609375 - loss/policy:0.48308560252189636 - policy/ratio_mean:0.9561031460762024 - time/sample:41.02438688278198 - time/train:34.85521984100342 - time/total:75.88705134391785 - reward/mean:0.5 - reward/max:1.0 - reward/min:0.0 - batch/num_episodes:1 - distributed/num_processes:3 - distributed/rank:0
[32mTrajectory 3 completed due to: ENV_DONE. Reward is 1.0. 
[0m
[32mTrajectory 4 completed due to: ENV_DONE. Reward is 1.0. 
[0m
[32mTrajectory 1 completed due to: ENV_DONE. Reward is 1.0. 
[0m
[32mTrajectory 6 completed due to: ENV_DONE. Reward is 1.0. 
[0m
[32mTrajectory 2 completed due to: ENV_DONE. Reward is 1.0. 
[0m
[32mTrajectory 5 completed due to: ENV_DONE. Reward is 1.0. 
[0m
[32mTrajectory 0 completed due to: ENV_DONE. Reward is 1.0. 
[0m
[32mTrajectory 7 completed due to: ENV_DONE. Reward is 1.0. 
[0m
[36mNumber of Trajectories 1/8 completed[0m
[36mNumber of Trajectories 2/8 completed[0m
[36mNumber of Trajectories 3/8 completed[0m
[36mNumber of Trajectories 4/8 completed[0m
[36mNumber of Trajectories 5/8 completed[0m
[36mNumber of Trajectories 6/8 completed[0m
[36mNumber of Trajectories 7/8 completed[0m
[36mNumber of Trajectories 8/8 completed[0m
[32mTrajectory 4 completed due to: ENV_DONE. Reward is 1.0. 
[0m
[32mTrajectory 5 completed due to: ENV_DONE. Reward is 1.0. 
[0m
[32mTrajectory 0 completed due to: ENV_DONE. Reward is 1.0. 
[0m
[32mTrajectory 2 completed due to: ENV_DONE. Reward is 1.0. 
[0m
[32mTrajectory 1 completed due to: ENV_DONE. Reward is 1.0. 
[0m
[32mTrajectory 7 completed due to: ENV_DONE. Reward is 1.0. 
[0m
[32mTrajectory 3 completed due to: ENV_DONE. Reward is 1.0. 
[0m
[36mNumber of Trajectories 1/8 completed[0m
[36mNumber of Trajectories 2/8 completed[0m
[36mNumber of Trajectories 3/8 completed[0m
[36mNumber of Trajectories 4/8 completed[0m
[32mTrajectory 6 completed due to: ENV_DONE. Reward is 1.0. 
[0m
[36mNumber of Trajectories 5/8 completed[0m
[36mNumber of Trajectories 6/8 completed[0m
[36mNumber of Trajectories 7/8 completed[0m
[36mNumber of Trajectories 8/8 completed[0m
[33mTrajectory 7 completed due to: TRUNCATION. Reward is 0.0. 
[0m
[33mTrajectory 2 completed due to: TRUNCATION. Reward is 0.0. 
[0m
[33mTrajectory 3 completed due to: TRUNCATION. Reward is 0.0. 
[0m
[33mTrajectory 0 completed due to: TRUNCATION. Reward is 0.0. 
[0m
[33mTrajectory 5 completed due to: TRUNCATION. Reward is 0.0. 
[0m
[33mTrajectory 1 completed due to: TRUNCATION. Reward is 0.0. 
[0m
[33mTrajectory 4 completed due to: TRUNCATION. Reward is 0.0. 
[0m
[33mTrajectory 6 completed due to: TRUNCATION. Reward is 0.0. 
[0m
[36mNumber of Trajectories 1/8 completed[0m
[36mNumber of Trajectories 2/8 completed[0m
[36mNumber of Trajectories 3/8 completed[0m
[36mNumber of Trajectories 4/8 completed[0m
[36mNumber of Trajectories 5/8 completed[0m
[36mNumber of Trajectories 6/8 completed[0m
[36mNumber of Trajectories 7/8 completed[0m
[36mNumber of Trajectories 8/8 completed[0m
step:11 - grouping/num_groups:1 - grouping/num_samples:8 - advantage/mean:0.0 - advantage/std:0.0 - loss/grad_norm:0.0 - loss/policy:0.0 - policy/ratio_mean:0.9935818910598755 - time/sample:20.24553894996643 - time/train:36.89704489707947 - time/total:57.14917850494385 - reward/mean:0.6666666865348816 - reward/max:1.0 - reward/min:1.0 - batch/num_episodes:1 - distributed/num_processes:3 - distributed/rank:0
[32mTrajectory 4 completed due to: TRUNCATION. Reward is 1.0. 
[0m
[33mTrajectory 5 completed due to: ENV_DONE. Reward is 0.0. 
[0m
[32mTrajectory 0 completed due to: ENV_DONE. Reward is 1.0. 
[0m
[32mTrajectory 2 completed due to: ENV_DONE. Reward is 1.0. 
[0m
[32mTrajectory 1 completed due to: ENV_DONE. Reward is 1.0. 
[0m
[32mTrajectory 7 completed due to: ENV_DONE. Reward is 1.0. 
[0m
[32mTrajectory 3 completed due to: ENV_DONE. Reward is 1.0. 
[0m
[36mNumber of Trajectories 1/8 completed[0m
[36mNumber of Trajectories 2/8 completed[0m
[36mNumber of Trajectories 3/8 completed[0m
[36mNumber of Trajectories 4/8 completed[0m
[36mNumber of Trajectories 5/8 completed[0m
[36mNumber of Trajectories 6/8 completed[0m
[36mNumber of Trajectories 7/8 completed[0m
[32mTrajectory 6 completed due to: ENV_DONE. Reward is 1.0. 
[0m
[36mNumber of Trajectories 8/8 completed[0m
[32mTrajectory 3 completed due to: ENV_DONE. Reward is 1.0. 
[0m
[32mTrajectory 4 completed due to: ENV_DONE. Reward is 1.0. 
[0m
[32mTrajectory 1 completed due to: ENV_DONE. Reward is 1.0. 
[0m
[32mTrajectory 6 completed due to: ENV_DONE. Reward is 1.0. 
[0m
[32mTrajectory 2 completed due to: ENV_DONE. Reward is 1.0. 
[0m
[32mTrajectory 5 completed due to: ENV_DONE. Reward is 1.0. 
[0m
[32mTrajectory 0 completed due to: ENV_DONE. Reward is 1.0. 
[0m
[36mNumber of Trajectories 1/8 completed[0m
[36mNumber of Trajectories 2/8 completed[0m
[36mNumber of Trajectories 3/8 completed[0m
[32mTrajectory 7 completed due to: ENV_DONE. Reward is 1.0. 
[0m
[36mNumber of Trajectories 4/8 completed[0m
[36mNumber of Trajectories 5/8 completed[0m
[36mNumber of Trajectories 6/8 completed[0m
[36mNumber of Trajectories 7/8 completed[0m
[36mNumber of Trajectories 8/8 completed[0m
[33mTrajectory 7 completed due to: ENV_DONE. Reward is 0.0. 
[0m
[33mTrajectory 2 completed due to: TRUNCATION. Reward is 0.0. 
[0m
[33mTrajectory 3 completed due to: TRUNCATION. Reward is 0.0. 
[0m
[32mTrajectory 0 completed due to: ENV_DONE. Reward is 1.0. 
[0m
[33mTrajectory 5 completed due to: TRUNCATION. Reward is 0.0. 
[0m
[33mTrajectory 1 completed due to: TRUNCATION. Reward is 0.0. 
[0m
[33mTrajectory 4 completed due to: TRUNCATION. Reward is 0.0. 
[0m
[33mTrajectory 6 completed due to: TRUNCATION. Reward is 0.0. 
[0m
[36mNumber of Trajectories 1/8 completed[0m
[36mNumber of Trajectories 2/8 completed[0m
[36mNumber of Trajectories 3/8 completed[0m
[36mNumber of Trajectories 4/8 completed[0m
[36mNumber of Trajectories 5/8 completed[0m
[36mNumber of Trajectories 6/8 completed[0m
[36mNumber of Trajectories 7/8 completed[0m
[36mNumber of Trajectories 8/8 completed[0m
step:12 - grouping/num_groups:1 - grouping/num_samples:8 - advantage/mean:0.0 - advantage/std:0.4330127018922193 - loss/grad_norm:0.2236328125 - loss/policy:-0.24315665662288666 - policy/ratio_mean:0.9841593503952026 - time/sample:26.332932710647583 - time/train:39.48982357978821 - time/total:65.82819652557373 - reward/mean:0.625 - reward/max:1.0 - reward/min:0.0 - batch/num_episodes:1 - distributed/num_processes:3 - distributed/rank:0
[32mTrajectory 7 completed due to: ENV_DONE. Reward is 1.0. 
[0m
[32mTrajectory 2 completed due to: ENV_DONE. Reward is 1.0. 
[0m
[32mTrajectory 3 completed due to: ENV_DONE. Reward is 1.0. 
[0m
[32mTrajectory 0 completed due to: ENV_DONE. Reward is 1.0. 
[0m
[32mTrajectory 5 completed due to: ENV_DONE. Reward is 1.0. 
[0m
[32mTrajectory 1 completed due to: ENV_DONE. Reward is 1.0. 
[0m
[32mTrajectory 4 completed due to: ENV_DONE. Reward is 1.0. 
[0m
[32mTrajectory 6 completed due to: ENV_DONE. Reward is 1.0. 
[0m
[36mNumber of Trajectories 1/8 completed[0m
[36mNumber of Trajectories 2/8 completed[0m
[36mNumber of Trajectories 3/8 completed[0m
[36mNumber of Trajectories 4/8 completed[0m
[36mNumber of Trajectories 5/8 completed[0m
[36mNumber of Trajectories 6/8 completed[0m
[36mNumber of Trajectories 7/8 completed[0m
[36mNumber of Trajectories 8/8 completed[0m
[32mTrajectory 1 completed due to: ENV_DONE. Reward is 1.0. 
[0m
[32mTrajectory 6 completed due to: ENV_DONE. Reward is 1.0. 
[0m
[33mTrajectory 0 completed due to: TRUNCATION. Reward is 0.0. 
[0m
[32mTrajectory 5 completed due to: ENV_DONE. Reward is 1.0. 
[0m
[33mTrajectory 3 completed due to: TRUNCATION. Reward is 0.0. 
[0m
[32mTrajectory 4 completed due to: ENV_DONE. Reward is 1.0. 
[0m
[33mTrajectory 7 completed due to: TRUNCATION. Reward is 0.0. 
[0m
[33mTrajectory 2 completed due to: TRUNCATION. Reward is 0.0. 
[0m
[36mNumber of Trajectories 1/8 completed[0m
[36mNumber of Trajectories 2/8 completed[0m
[36mNumber of Trajectories 3/8 completed[0m
[36mNumber of Trajectories 4/8 completed[0m
[36mNumber of Trajectories 5/8 completed[0m
[36mNumber of Trajectories 6/8 completed[0m
[36mNumber of Trajectories 7/8 completed[0m
[36mNumber of Trajectories 8/8 completed[0m
[32mTrajectory 3 completed due to: ENV_DONE. Reward is 1.0. 
[0m
[32mTrajectory 4 completed due to: ENV_DONE. Reward is 1.0. 
[0m
[32mTrajectory 1 completed due to: ENV_DONE. Reward is 1.0. 
[0m
[32mTrajectory 6 completed due to: ENV_DONE. Reward is 1.0. 
[0m
[32mTrajectory 2 completed due to: ENV_DONE. Reward is 1.0. 
[0m
[32mTrajectory 5 completed due to: ENV_DONE. Reward is 1.0. 
[0m
[32mTrajectory 0 completed due to: ENV_DONE. Reward is 1.0. 
[0m
[32mTrajectory 7 completed due to: ENV_DONE. Reward is 1.0. 
[0m
[36mNumber of Trajectories 1/8 completed[0m
[36mNumber of Trajectories 2/8 completed[0m
[36mNumber of Trajectories 3/8 completed[0m
[36mNumber of Trajectories 4/8 completed[0m
[36mNumber of Trajectories 5/8 completed[0m
[36mNumber of Trajectories 6/8 completed[0m
[36mNumber of Trajectories 7/8 completed[0m
[36mNumber of Trajectories 8/8 completed[0m
step:13 - grouping/num_groups:1 - grouping/num_samples:8 - advantage/mean:0.0 - advantage/std:0.5 - loss/grad_norm:0.396484375 - loss/policy:0.4900132417678833 - policy/ratio_mean:0.975225031375885 - time/sample:41.4465126991272 - time/train:8.970696210861206 - time/total:50.42371845245361 - reward/mean:0.8333333730697632 - reward/max:1.0 - reward/min:0.0 - batch/num_episodes:1 - distributed/num_processes:3 - distributed/rank:0
[32mTrajectory 3 completed due to: ENV_DONE. Reward is 1.0. 
[0m
[32mTrajectory 4 completed due to: ENV_DONE. Reward is 1.0. 
[0m
[32mTrajectory 1 completed due to: ENV_DONE. Reward is 1.0. 
[0m
[32mTrajectory 6 completed due to: ENV_DONE. Reward is 1.0. 
[0m
[32mTrajectory 2 completed due to: ENV_DONE. Reward is 1.0. 
[0m
[32mTrajectory 5 completed due to: ENV_DONE. Reward is 1.0. 
[0m
[32mTrajectory 0 completed due to: ENV_DONE. Reward is 1.0. 
[0m
[36mNumber of Trajectories 1/8 completed[0m
[36mNumber of Trajectories 2/8 completed[0m
[36mNumber of Trajectories 3/8 completed[0m
[36mNumber of Trajectories 4/8 completed[0m
[36mNumber of Trajectories 5/8 completed[0m
[36mNumber of Trajectories 6/8 completed[0m
[36mNumber of Trajectories 7/8 completed[0m
[32mTrajectory 7 completed due to: ENV_DONE. Reward is 1.0. 
[0m
[36mNumber of Trajectories 8/8 completed[0m
[32mTrajectory 1 completed due to: ENV_DONE. Reward is 1.0. 
[0m
[32mTrajectory 6 completed due to: ENV_DONE. Reward is 1.0. 
[0m
[32mTrajectory 0 completed due to: ENV_DONE. Reward is 1.0. 
[0m
[32mTrajectory 5 completed due to: ENV_DONE. Reward is 1.0. 
[0m
[32mTrajectory 3 completed due to: ENV_DONE. Reward is 1.0. 
[0m
[32mTrajectory 4 completed due to: ENV_DONE. Reward is 1.0. 
[0m
[32mTrajectory 7 completed due to: ENV_DONE. Reward is 1.0. 
[0m
[32mTrajectory 2 completed due to: ENV_DONE. Reward is 1.0. 
[0m
[36mNumber of Trajectories 1/8 completed[0m
[36mNumber of Trajectories 2/8 completed[0m
[36mNumber of Trajectories 3/8 completed[0m
[36mNumber of Trajectories 4/8 completed[0m
[36mNumber of Trajectories 5/8 completed[0m
[36mNumber of Trajectories 6/8 completed[0m
[36mNumber of Trajectories 7/8 completed[0m
[36mNumber of Trajectories 8/8 completed[0m
[32mTrajectory 7 completed due to: ENV_DONE. Reward is 1.0. 
[0m
[32mTrajectory 2 completed due to: ENV_DONE. Reward is 1.0. 
[0m
[33mTrajectory 3 completed due to: TRUNCATION. Reward is 0.0. 
[0m
[32mTrajectory 0 completed due to: TRUNCATION. Reward is 1.0. 
[0m
[33mTrajectory 5 completed due to: TRUNCATION. Reward is 0.0. 
[0m
[33mTrajectory 1 completed due to: TRUNCATION. Reward is 0.0. 
[0m
[33mTrajectory 4 completed due to: TRUNCATION. Reward is 0.0. 
[0m
[32mTrajectory 6 completed due to: ENV_DONE. Reward is 1.0. 
[0m
[36mNumber of Trajectories 1/8 completed[0m
[36mNumber of Trajectories 2/8 completed[0m
[36mNumber of Trajectories 3/8 completed[0m
[36mNumber of Trajectories 4/8 completed[0m
[36mNumber of Trajectories 5/8 completed[0m
[36mNumber of Trajectories 6/8 completed[0m
[36mNumber of Trajectories 7/8 completed[0m
[36mNumber of Trajectories 8/8 completed[0m
step:14 - grouping/num_groups:1 - grouping/num_samples:8 - advantage/mean:0.0 - advantage/std:0.0 - loss/grad_norm:0.6171875 - loss/policy:0.0 - policy/ratio_mean:0.9884495139122009 - time/sample:23.895174503326416 - time/train:35.1547372341156 - time/total:59.05615496635437 - reward/mean:0.7916666865348816 - reward/max:1.0 - reward/min:1.0 - batch/num_episodes:1 - distributed/num_processes:3 - distributed/rank:0
[32mTrajectory 3 completed due to: ENV_DONE. Reward is 1.0. 
[0m
[32mTrajectory 4 completed due to: ENV_DONE. Reward is 1.0. 
[0m
[32mTrajectory 1 completed due to: ENV_DONE. Reward is 1.0. 
[0m
[32mTrajectory 6 completed due to: ENV_DONE. Reward is 1.0. 
[0m
[32mTrajectory 2 completed due to: ENV_DONE. Reward is 1.0. 
[0m
[32mTrajectory 5 completed due to: ENV_DONE. Reward is 1.0. 
[0m
[32mTrajectory 0 completed due to: ENV_DONE. Reward is 1.0. 
[0m
[32mTrajectory 7 completed due to: ENV_DONE. Reward is 1.0. 
[0m
[36mNumber of Trajectories 1/8 completed[0m
[36mNumber of Trajectories 2/8 completed[0m
[36mNumber of Trajectories 3/8 completed[0m
[36mNumber of Trajectories 4/8 completed[0m
[36mNumber of Trajectories 5/8 completed[0m
[36mNumber of Trajectories 6/8 completed[0m
[36mNumber of Trajectories 7/8 completed[0m
[36mNumber of Trajectories 8/8 completed[0m
[32mTrajectory 7 completed due to: ENV_DONE. Reward is 1.0. 
[0m
[32mTrajectory 2 completed due to: ENV_DONE. Reward is 1.0. 
[0m
[32mTrajectory 3 completed due to: ENV_DONE. Reward is 1.0. 
[0m
[32mTrajectory 0 completed due to: ENV_DONE. Reward is 1.0. 
[0m
[32mTrajectory 5 completed due to: ENV_DONE. Reward is 1.0. 
[0m
[32mTrajectory 1 completed due to: ENV_DONE. Reward is 1.0. 
[0m
[32mTrajectory 4 completed due to: ENV_DONE. Reward is 1.0. 
[0m
[32mTrajectory 6 completed due to: ENV_DONE. Reward is 1.0. 
[0m
[36mNumber of Trajectories 1/8 completed[0m
[36mNumber of Trajectories 2/8 completed[0m
[36mNumber of Trajectories 3/8 completed[0m
[36mNumber of Trajectories 4/8 completed[0m
[36mNumber of Trajectories 5/8 completed[0m
[36mNumber of Trajectories 6/8 completed[0m
[36mNumber of Trajectories 7/8 completed[0m
[36mNumber of Trajectories 8/8 completed[0m
[32mTrajectory 1 completed due to: ENV_DONE. Reward is 1.0. 
[0m
[32mTrajectory 6 completed due to: ENV_DONE. Reward is 1.0. 
[0m
[32mTrajectory 0 completed due to: ENV_DONE. Reward is 1.0. 
[0m
[32mTrajectory 5 completed due to: ENV_DONE. Reward is 1.0. 
[0m
[32mTrajectory 3 completed due to: ENV_DONE. Reward is 1.0. 
[0m
[32mTrajectory 4 completed due to: ENV_DONE. Reward is 1.0. 
[0m
[32mTrajectory 7 completed due to: ENV_DONE. Reward is 1.0. 
[0m
[36mNumber of Trajectories 1/8 completed[0m
[36mNumber of Trajectories 2/8 completed[0m
[36mNumber of Trajectories 3/8 completed[0m
[36mNumber of Trajectories 4/8 completed[0m
[32mTrajectory 2 completed due to: ENV_DONE. Reward is 1.0. 
[0m
[36mNumber of Trajectories 5/8 completed[0m
[36mNumber of Trajectories 6/8 completed[0m
[36mNumber of Trajectories 7/8 completed[0m
[36mNumber of Trajectories 8/8 completed[0m
step:15 - grouping/num_groups:1 - grouping/num_samples:8 - advantage/mean:0.0 - advantage/std:0.0 - loss/grad_norm:0.0 - loss/policy:0.0 - policy/ratio_mean:0.9856135845184326 - time/sample:25.71826410293579 - time/train:3.624628782272339 - time/total:29.348910570144653 - reward/mean:1.0 - reward/max:1.0 - reward/min:1.0 - batch/num_episodes:1 - distributed/num_processes:3 - distributed/rank:0
[33mTrajectory 1 completed due to: ENV_DONE. Reward is 0.0. 
[0m
[33mTrajectory 6 completed due to: ENV_DONE. Reward is 0.0. 
[0m
[33mTrajectory 0 completed due to: ENV_DONE. Reward is 0.0. 
[0m
[33mTrajectory 5 completed due to: ENV_DONE. Reward is 0.0. 
[0m
[33mTrajectory 3 completed due to: ENV_DONE. Reward is 0.0. 
[0m
[33mTrajectory 4 completed due to: ENV_DONE. Reward is 0.0. 
[0m
[33mTrajectory 7 completed due to: ENV_DONE. Reward is 0.0. 
[0m
[36mNumber of Trajectories 1/8 completed[0m
[36mNumber of Trajectories 2/8 completed[0m
[36mNumber of Trajectories 3/8 completed[0m
[33mTrajectory 2 completed due to: ENV_DONE. Reward is 0.0. 
[0m
[36mNumber of Trajectories 4/8 completed[0m
[36mNumber of Trajectories 5/8 completed[0m
[36mNumber of Trajectories 6/8 completed[0m
[36mNumber of Trajectories 7/8 completed[0m
[36mNumber of Trajectories 8/8 completed[0m
[33mTrajectory 7 completed due to: TRUNCATION. Reward is 0.0. 
[0m
[33mTrajectory 2 completed due to: TRUNCATION. Reward is 0.0. 
[0m
[32mTrajectory 3 completed due to: TRUNCATION. Reward is 1.0. 
[0m
[33mTrajectory 0 completed due to: TRUNCATION. Reward is 0.0. 
[0m
[32mTrajectory 5 completed due to: ENV_DONE. Reward is 1.0. 
[0m
[32mTrajectory 1 completed due to: TRUNCATION. Reward is 1.0. 
[0m
[32mTrajectory 4 completed due to: TRUNCATION. Reward is 1.0. 
[0m
[33mTrajectory 6 completed due to: TRUNCATION. Reward is 0.0. 
[0m
[36mNumber of Trajectories 1/8 completed[0m
[36mNumber of Trajectories 2/8 completed[0m
[36mNumber of Trajectories 3/8 completed[0m
[36mNumber of Trajectories 4/8 completed[0m
[36mNumber of Trajectories 5/8 completed[0m
[36mNumber of Trajectories 6/8 completed[0m
[36mNumber of Trajectories 7/8 completed[0m
[36mNumber of Trajectories 8/8 completed[0m
[32mTrajectory 3 completed due to: ENV_DONE. Reward is 1.0. 
[0m
[32mTrajectory 4 completed due to: ENV_DONE. Reward is 1.0. 
[0m
[33mTrajectory 1 completed due to: ENV_DONE. Reward is 0.0. 
[0m
[32mTrajectory 6 completed due to: ENV_DONE. Reward is 1.0. 
[0m
[32mTrajectory 2 completed due to: ENV_DONE. Reward is 1.0. 
[0m
[33mTrajectory 5 completed due to: TRUNCATION. Reward is 0.0. 
[0m
[32mTrajectory 0 completed due to: ENV_DONE. Reward is 1.0. 
[0m
[33mTrajectory 7 completed due to: TRUNCATION. Reward is 0.0. 
[0m
[36mNumber of Trajectories 1/8 completed[0m
[36mNumber of Trajectories 2/8 completed[0m
[36mNumber of Trajectories 3/8 completed[0m
[36mNumber of Trajectories 4/8 completed[0m
[36mNumber of Trajectories 5/8 completed[0m
[36mNumber of Trajectories 6/8 completed[0m
[36mNumber of Trajectories 7/8 completed[0m
[36mNumber of Trajectories 8/8 completed[0m
step:16 - grouping/num_groups:1 - grouping/num_samples:8 - advantage/mean:0.0 - advantage/std:0.0 - loss/grad_norm:0.416015625 - loss/policy:0.0 - policy/ratio_mean:0.9848379492759705 - time/sample:14.645525217056274 - time/train:66.58909749984741 - time/total:81.24032711982727 - reward/mean:0.25 - reward/max:0.0 - reward/min:0.0 - batch/num_episodes:1 - distributed/num_processes:3 - distributed/rank:0
[32mTrajectory 4 completed due to: ENV_DONE. Reward is 1.0. 
[0m
[32mTrajectory 5 completed due to: ENV_DONE. Reward is 1.0. 
[0m
[32mTrajectory 0 completed due to: ENV_DONE. Reward is 1.0. 
[0m
[32mTrajectory 2 completed due to: ENV_DONE. Reward is 1.0. 
[0m
[32mTrajectory 1 completed due to: ENV_DONE. Reward is 1.0. 
[0m
[32mTrajectory 7 completed due to: ENV_DONE. Reward is 1.0. 
[0m
[32mTrajectory 3 completed due to: ENV_DONE. Reward is 1.0. 
[0m
[36mNumber of Trajectories 1/8 completed[0m
[36mNumber of Trajectories 2/8 completed[0m
[36mNumber of Trajectories 3/8 completed[0m
[32mTrajectory 6 completed due to: ENV_DONE. Reward is 1.0. 
[0m
[36mNumber of Trajectories 4/8 completed[0m
[36mNumber of Trajectories 5/8 completed[0m
[36mNumber of Trajectories 6/8 completed[0m
[36mNumber of Trajectories 7/8 completed[0m
[36mNumber of Trajectories 8/8 completed[0m
[32mTrajectory 7 completed due to: ENV_DONE. Reward is 1.0. 
[0m
[32mTrajectory 2 completed due to: ENV_DONE. Reward is 1.0. 
[0m
[32mTrajectory 3 completed due to: ENV_DONE. Reward is 1.0. 
[0m
[32mTrajectory 0 completed due to: ENV_DONE. Reward is 1.0. 
[0m
[32mTrajectory 5 completed due to: ENV_DONE. Reward is 1.0. 
[0m
[32mTrajectory 1 completed due to: ENV_DONE. Reward is 1.0. 
[0m
[32mTrajectory 4 completed due to: ENV_DONE. Reward is 1.0. 
[0m
[32mTrajectory 6 completed due to: ENV_DONE. Reward is 1.0. 
[0m
[36mNumber of Trajectories 1/8 completed[0m
[36mNumber of Trajectories 2/8 completed[0m
[36mNumber of Trajectories 3/8 completed[0m
[36mNumber of Trajectories 4/8 completed[0m
[36mNumber of Trajectories 5/8 completed[0m
[36mNumber of Trajectories 6/8 completed[0m
[36mNumber of Trajectories 7/8 completed[0m
[36mNumber of Trajectories 8/8 completed[0m
[32mTrajectory 3 completed due to: ENV_DONE. Reward is 1.0. 
[0m
[33mTrajectory 4 completed due to: TRUNCATION. Reward is 0.0. 
[0m
[32mTrajectory 1 completed due to: TRUNCATION. Reward is 1.0. 
[0m
[33mTrajectory 6 completed due to: TRUNCATION. Reward is 0.0. 
[0m
[32mTrajectory 2 completed due to: ENV_DONE. Reward is 1.0. 
[0m
[32mTrajectory 5 completed due to: ENV_DONE. Reward is 1.0. 
[0m
[32mTrajectory 0 completed due to: ENV_DONE. Reward is 1.0. 
[0m
[32mTrajectory 7 completed due to: ENV_DONE. Reward is 1.0. 
[0m
[36mNumber of Trajectories 1/8 completed[0m
[36mNumber of Trajectories 2/8 completed[0m
[36mNumber of Trajectories 3/8 completed[0m
[36mNumber of Trajectories 4/8 completed[0m
[36mNumber of Trajectories 5/8 completed[0m
[36mNumber of Trajectories 6/8 completed[0m
[36mNumber of Trajectories 7/8 completed[0m
[36mNumber of Trajectories 8/8 completed[0m
step:17 - grouping/num_groups:1 - grouping/num_samples:8 - advantage/mean:0.0 - advantage/std:0.0 - loss/grad_norm:0.59375 - loss/policy:0.0 - policy/ratio_mean:0.9936016798019409 - time/sample:2.0369794368743896 - time/train:45.47871661186218 - time/total:47.52275514602661 - reward/mean:0.875 - reward/max:1.0 - reward/min:1.0 - batch/num_episodes:1 - distributed/num_processes:3 - distributed/rank:0
[32mTrajectory 1 completed due to: ENV_DONE. Reward is 1.0. 
[0m
[32mTrajectory 6 completed due to: ENV_DONE. Reward is 1.0. 
[0m
[32mTrajectory 0 completed due to: ENV_DONE. Reward is 1.0. 
[0m
[32mTrajectory 5 completed due to: ENV_DONE. Reward is 1.0. 
[0m
[32mTrajectory 3 completed due to: ENV_DONE. Reward is 1.0. 
[0m
[32mTrajectory 4 completed due to: ENV_DONE. Reward is 1.0. 
[0m
[32mTrajectory 7 completed due to: ENV_DONE. Reward is 1.0. 
[0m
[32mTrajectory 2 completed due to: ENV_DONE. Reward is 1.0. 
[0m
[36mNumber of Trajectories 1/8 completed[0m
[36mNumber of Trajectories 2/8 completed[0m
[36mNumber of Trajectories 3/8 completed[0m
[36mNumber of Trajectories 4/8 completed[0m
[36mNumber of Trajectories 5/8 completed[0m
[36mNumber of Trajectories 6/8 completed[0m
[36mNumber of Trajectories 7/8 completed[0m
[36mNumber of Trajectories 8/8 completed[0m
[33mTrajectory 3 completed due to: TRUNCATION. Reward is 0.0. 
[0m
[32mTrajectory 4 completed due to: ENV_DONE. Reward is 1.0. 
[0m
[32mTrajectory 1 completed due to: ENV_DONE. Reward is 1.0. 
[0m
[33mTrajectory 6 completed due to: TRUNCATION. Reward is 0.0. 
[0m
[33mTrajectory 2 completed due to: TRUNCATION. Reward is 0.0. 
[0m
[32mTrajectory 5 completed due to: ENV_DONE. Reward is 1.0. 
[0m
[32mTrajectory 0 completed due to: ENV_DONE. Reward is 1.0. 
[0m
[36mNumber of Trajectories 1/8 completed[0m
[36mNumber of Trajectories 2/8 completed[0m
[36mNumber of Trajectories 3/8 completed[0m
[36mNumber of Trajectories 4/8 completed[0m
[36mNumber of Trajectories 5/8 completed[0m
[36mNumber of Trajectories 6/8 completed[0m
[36mNumber of Trajectories 7/8 completed[0m
[32mTrajectory 7 completed due to: ENV_DONE. Reward is 1.0. 
[0m
[36mNumber of Trajectories 8/8 completed[0m
[33mTrajectory 7 completed due to: ENV_DONE. Reward is 0.0. 
[0m
[33mTrajectory 2 completed due to: ENV_DONE. Reward is 0.0. 
[0m
[33mTrajectory 3 completed due to: ENV_DONE. Reward is 0.0. 
[0m
[33mTrajectory 0 completed due to: ENV_DONE. Reward is 0.0. 
[0m
[33mTrajectory 5 completed due to: ENV_DONE. Reward is 0.0. 
[0m
[33mTrajectory 1 completed due to: ENV_DONE. Reward is 0.0. 
[0m
[33mTrajectory 4 completed due to: ENV_DONE. Reward is 0.0. 
[0m
[33mTrajectory 6 completed due to: ENV_DONE. Reward is 0.0. 
[0m
[36mNumber of Trajectories 1/8 completed[0m
[36mNumber of Trajectories 2/8 completed[0m
[36mNumber of Trajectories 3/8 completed[0m
[36mNumber of Trajectories 4/8 completed[0m
[36mNumber of Trajectories 5/8 completed[0m
[36mNumber of Trajectories 6/8 completed[0m
[36mNumber of Trajectories 7/8 completed[0m
[36mNumber of Trajectories 8/8 completed[0m
step:18 - grouping/num_groups:1 - grouping/num_samples:8 - advantage/mean:0.0 - advantage/std:0.0 - loss/grad_norm:0.2451171875 - loss/policy:0.0 - policy/ratio_mean:0.9919471144676208 - time/sample:22.105422735214233 - time/train:39.518123388290405 - time/total:61.62952280044556 - reward/mean:0.5416666865348816 - reward/max:1.0 - reward/min:1.0 - batch/num_episodes:1 - distributed/num_processes:3 - distributed/rank:0
[32mTrajectory 1 completed due to: ENV_DONE. Reward is 1.0. 
[0m
[32mTrajectory 6 completed due to: ENV_DONE. Reward is 1.0. 
[0m
[32mTrajectory 0 completed due to: ENV_DONE. Reward is 1.0. 
[0m
[32mTrajectory 5 completed due to: ENV_DONE. Reward is 1.0. 
[0m
[32mTrajectory 3 completed due to: ENV_DONE. Reward is 1.0. 
[0m
[32mTrajectory 4 completed due to: ENV_DONE. Reward is 1.0. 
[0m
[32mTrajectory 7 completed due to: ENV_DONE. Reward is 1.0. 
[0m
[32mTrajectory 2 completed due to: ENV_DONE. Reward is 1.0. 
[0m
[36mNumber of Trajectories 1/8 completed[0m
[36mNumber of Trajectories 2/8 completed[0m
[36mNumber of Trajectories 3/8 completed[0m
[36mNumber of Trajectories 4/8 completed[0m
[36mNumber of Trajectories 5/8 completed[0m
[36mNumber of Trajectories 6/8 completed[0m
[36mNumber of Trajectories 7/8 completed[0m
[36mNumber of Trajectories 8/8 completed[0m
[33mTrajectory 7 completed due to: TRUNCATION. Reward is 0.0. 
[0m
[33mTrajectory 2 completed due to: TRUNCATION. Reward is 0.0. 
[0m
[33mTrajectory 3 completed due to: TRUNCATION. Reward is 0.0. 
[0m
[33mTrajectory 0 completed due to: TRUNCATION. Reward is 0.0. 
[0m
[33mTrajectory 5 completed due to: TRUNCATION. Reward is 0.0. 
[0m
[33mTrajectory 1 completed due to: ENV_DONE. Reward is 0.0. 
[0m
[33mTrajectory 4 completed due to: TRUNCATION. Reward is 0.0. 
[0m
[32mTrajectory 6 completed due to: ENV_DONE. Reward is 1.0. 
[0m
[36mNumber of Trajectories 1/8 completed[0m
[36mNumber of Trajectories 2/8 completed[0m
[36mNumber of Trajectories 3/8 completed[0m
[36mNumber of Trajectories 4/8 completed[0m
[36mNumber of Trajectories 5/8 completed[0m
[36mNumber of Trajectories 6/8 completed[0m
[36mNumber of Trajectories 7/8 completed[0m
[36mNumber of Trajectories 8/8 completed[0m
[33mTrajectory 3 completed due to: TRUNCATION. Reward is 0.0. 
[0m
[33mTrajectory 4 completed due to: TRUNCATION. Reward is 0.0. 
[0m
[33mTrajectory 1 completed due to: ENV_DONE. Reward is 0.0. 
[0m
[33mTrajectory 6 completed due to: TRUNCATION. Reward is 0.0. 
[0m
[33mTrajectory 2 completed due to: TRUNCATION. Reward is 0.0. 
[0m
[33mTrajectory 5 completed due to: TRUNCATION. Reward is 0.0. 
[0m
[33mTrajectory 0 completed due to: ENV_DONE. Reward is 0.0. 
[0m
[33mTrajectory 7 completed due to: ENV_DONE. Reward is 0.0. 
[0m
[36mNumber of Trajectories 1/8 completed[0m
[36mNumber of Trajectories 2/8 completed[0m
[36mNumber of Trajectories 3/8 completed[0m
[36mNumber of Trajectories 4/8 completed[0m
[36mNumber of Trajectories 5/8 completed[0m
[36mNumber of Trajectories 6/8 completed[0m
[36mNumber of Trajectories 7/8 completed[0m
[36mNumber of Trajectories 8/8 completed[0m
step:19 - grouping/num_groups:1 - grouping/num_samples:8 - advantage/mean:0.0 - advantage/std:0.0 - loss/grad_norm:0.68359375 - loss/policy:0.0 - policy/ratio_mean:0.9886132478713989 - time/sample:4.31238579750061 - time/train:67.41419625282288 - time/total:71.73186206817627 - reward/mean:0.375 - reward/max:1.0 - reward/min:1.0 - batch/num_episodes:1 - distributed/num_processes:3 - distributed/rank:0
[32mTrajectory 7 completed due to: ENV_DONE. Reward is 1.0. 
[0m
[32mTrajectory 2 completed due to: ENV_DONE. Reward is 1.0. 
[0m
[32mTrajectory 3 completed due to: ENV_DONE. Reward is 1.0. 
[0m
[32mTrajectory 0 completed due to: ENV_DONE. Reward is 1.0. 
[0m
[32mTrajectory 5 completed due to: ENV_DONE. Reward is 1.0. 
[0m
[32mTrajectory 1 completed due to: ENV_DONE. Reward is 1.0. 
[0m
[32mTrajectory 4 completed due to: ENV_DONE. Reward is 1.0. 
[0m
[32mTrajectory 6 completed due to: ENV_DONE. Reward is 1.0. 
[0m
[36mNumber of Trajectories 1/8 completed[0m
[36mNumber of Trajectories 2/8 completed[0m
[36mNumber of Trajectories 3/8 completed[0m
[36mNumber of Trajectories 4/8 completed[0m
[36mNumber of Trajectories 5/8 completed[0m
[36mNumber of Trajectories 6/8 completed[0m
[36mNumber of Trajectories 7/8 completed[0m
[36mNumber of Trajectories 8/8 completed[0m
[33mTrajectory 3 completed due to: ENV_DONE. Reward is 0.0. 
[0m
[33mTrajectory 4 completed due to: ENV_DONE. Reward is 0.0. 
[0m
[33mTrajectory 1 completed due to: ENV_DONE. Reward is 0.0. 
[0m
[33mTrajectory 6 completed due to: ENV_DONE. Reward is 0.0. 
[0m
[33mTrajectory 2 completed due to: ENV_DONE. Reward is 0.0. 
[0m
[33mTrajectory 5 completed due to: ENV_DONE. Reward is 0.0. 
[0m
[33mTrajectory 0 completed due to: ENV_DONE. Reward is 0.0. 
[0m
[36mNumber of Trajectories 1/8 completed[0m
[36mNumber of Trajectories 2/8 completed[0m
[36mNumber of Trajectories 3/8 completed[0m
[33mTrajectory 7 completed due to: ENV_DONE. Reward is 0.0. 
[0m
[36mNumber of Trajectories 4/8 completed[0m
[36mNumber of Trajectories 5/8 completed[0m
[36mNumber of Trajectories 6/8 completed[0m
[36mNumber of Trajectories 7/8 completed[0m
[36mNumber of Trajectories 8/8 completed[0m
[33mTrajectory 1 completed due to: TRUNCATION. Reward is 0.0. 
[0m
[32mTrajectory 6 completed due to: TRUNCATION. Reward is 1.0. 
[0m
[32mTrajectory 0 completed due to: ENV_DONE. Reward is 1.0. 
[0m
[33mTrajectory 5 completed due to: TRUNCATION. Reward is 0.0. 
[0m
[32mTrajectory 3 completed due to: TRUNCATION. Reward is 1.0. 
[0m
[32mTrajectory 4 completed due to: ENV_DONE. Reward is 1.0. 
[0m
[33mTrajectory 7 completed due to: TRUNCATION. Reward is 0.0. 
[0m
[33mTrajectory 2 completed due to: TRUNCATION. Reward is 0.0. 
[0m
[36mNumber of Trajectories 1/8 completed[0m
[36mNumber of Trajectories 2/8 completed[0m
[36mNumber of Trajectories 3/8 completed[0m
[36mNumber of Trajectories 4/8 completed[0m
[36mNumber of Trajectories 5/8 completed[0m
[36mNumber of Trajectories 6/8 completed[0m
[36mNumber of Trajectories 7/8 completed[0m
[36mNumber of Trajectories 8/8 completed[0m
step:20 - grouping/num_groups:1 - grouping/num_samples:8 - advantage/mean:0.0 - advantage/std:0.4330127018922193 - loss/grad_norm:0.1806640625 - loss/policy:0.24695290625095367 - policy/ratio_mean:0.9852950572967529 - time/sample:43.49706172943115 - time/train:4.938263177871704 - time/total:48.4405357837677 - reward/mean:0.4166666865348816 - reward/max:1.0 - reward/min:0.0 - batch/num_episodes:1 - distributed/num_processes:3 - distributed/rank:0
[33mTrajectory 2 completed due to: TRUNCATION. Reward is 0.0. 
[0m
[33mTrajectory 3 completed due to: TRUNCATION. Reward is 0.0. 
[0m
[33mTrajectory 0 completed due to: TRUNCATION. Reward is 0.0. 
[0m
[32mTrajectory 7 completed due to: ENV_DONE. Reward is 1.0. 
[0m
[33mTrajectory 5 completed due to: TRUNCATION. Reward is 0.0. 
[0m
[33mTrajectory 1 completed due to: TRUNCATION. Reward is 0.0. 
[0m
[33mTrajectory 4 completed due to: TRUNCATION. Reward is 0.0. 
[0m
[32mTrajectory 6 completed due to: ENV_DONE. Reward is 1.0. 
[0m
[36mNumber of Trajectories 1/8 completed[0m
[36mNumber of Trajectories 2/8 completed[0m
[36mNumber of Trajectories 3/8 completed[0m
[36mNumber of Trajectories 4/8 completed[0m
[36mNumber of Trajectories 5/8 completed[0m
[36mNumber of Trajectories 6/8 completed[0m
[36mNumber of Trajectories 7/8 completed[0m
[36mNumber of Trajectories 8/8 completed[0m
[32mTrajectory 0 completed due to: ENV_DONE. Reward is 1.0. 
[0m
[32mTrajectory 5 completed due to: TRUNCATION. Reward is 1.0. 
[0m
[32mTrajectory 4 completed due to: ENV_DONE. Reward is 1.0. 
[0m
[33mTrajectory 2 completed due to: TRUNCATION. Reward is 0.0. 
[0m
[33mTrajectory 7 completed due to: TRUNCATION. Reward is 0.0. 
[0m
[32mTrajectory 3 completed due to: ENV_DONE. Reward is 1.0. 
[0m
[33mTrajectory 6 completed due to: TRUNCATION. Reward is 0.0. 
[0m
[33mTrajectory 1 completed due to: TRUNCATION. Reward is 0.0. 
[0m
[36mNumber of Trajectories 1/8 completed[0m
[36mNumber of Trajectories 2/8 completed[0m
[36mNumber of Trajectories 3/8 completed[0m
[36mNumber of Trajectories 4/8 completed[0m
[36mNumber of Trajectories 5/8 completed[0m
[36mNumber of Trajectories 6/8 completed[0m
[36mNumber of Trajectories 7/8 completed[0m
[36mNumber of Trajectories 8/8 completed[0m
[33mTrajectory 6 completed due to: TRUNCATION. Reward is 0.0. 
[0m
[33mTrajectory 1 completed due to: TRUNCATION. Reward is 0.0. 
[0m
[32mTrajectory 2 completed due to: ENV_DONE. Reward is 1.0. 
[0m
[33mTrajectory 4 completed due to: TRUNCATION. Reward is 0.0. 
[0m
[33mTrajectory 0 completed due to: TRUNCATION. Reward is 0.0. 
[0m
[32mTrajectory 3 completed due to: ENV_DONE. Reward is 1.0. 
[0m
[33mTrajectory 7 completed due to: TRUNCATION. Reward is 0.0. 
[0m
[33mTrajectory 5 completed due to: TRUNCATION. Reward is 0.0. 
[0m
[36mNumber of Trajectories 1/8 completed[0m
[36mNumber of Trajectories 2/8 completed[0m
[36mNumber of Trajectories 3/8 completed[0m
[36mNumber of Trajectories 4/8 completed[0m
[36mNumber of Trajectories 5/8 completed[0m
[36mNumber of Trajectories 6/8 completed[0m
[36mNumber of Trajectories 7/8 completed[0m
[36mNumber of Trajectories 8/8 completed[0m
[32mTrajectory 0 completed due to: ENV_DONE. Reward is 1.0. 
[0m
[33mTrajectory 1 completed due to: TRUNCATION. Reward is 0.0. 
[0m
[36mNumber of Trajectories 1/2 completed[0m
[36mNumber of Trajectories 2/2 completed[0m
[32mTrajectory 0 completed due to: ENV_DONE. Reward is 1.0. 
[0m
[33mTrajectory 1 completed due to: TRUNCATION. Reward is 0.0. 
[0m
[36mNumber of Trajectories 1/2 completed[0m
[36mNumber of Trajectories 2/2 completed[0m
[32mTrajectory 0 completed due to: ENV_DONE. Reward is 1.0. 
[0m
[33mTrajectory 1 completed due to: TRUNCATION. Reward is 0.0. 
[0m
[36mNumber of Trajectories 1/2 completed[0m
[36mNumber of Trajectories 2/2 completed[0m
step:20 - val/reward_mean:0.3333333432674408 - val/reward_std:0.48989794855663565 - val/reward_min:0.0 - val/reward_max:1.0 - val/turns_mean:1.0
[32mTrajectory 0 completed due to: TRUNCATION. Reward is 1.0. 
[0m
[33mTrajectory 6 completed due to: TRUNCATION. Reward is 0.0. 
[0m
[33mTrajectory 1 completed due to: TRUNCATION. Reward is 0.0. 
[0m
[32mTrajectory 5 completed due to: ENV_DONE. Reward is 1.0. 
[0m
[33mTrajectory 4 completed due to: TRUNCATION. Reward is 0.0. 
[0m
[33mTrajectory 7 completed due to: TRUNCATION. Reward is 0.0. 
[0m
[33mTrajectory 3 completed due to: TRUNCATION. Reward is 0.0. 
[0m
[32mTrajectory 2 completed due to: ENV_DONE. Reward is 1.0. 
[0m
[36mNumber of Trajectories 1/8 completed[0m
[36mNumber of Trajectories 2/8 completed[0m
[36mNumber of Trajectories 3/8 completed[0m
[36mNumber of Trajectories 4/8 completed[0m
[36mNumber of Trajectories 5/8 completed[0m
[36mNumber of Trajectories 6/8 completed[0m
[36mNumber of Trajectories 7/8 completed[0m
[36mNumber of Trajectories 8/8 completed[0m
[33mTrajectory 7 completed due to: ENV_DONE. Reward is 0.0. 
[0m
[33mTrajectory 2 completed due to: ENV_DONE. Reward is 0.0. 
[0m
[33mTrajectory 4 completed due to: ENV_DONE. Reward is 0.0. 
[0m
[33mTrajectory 0 completed due to: ENV_DONE. Reward is 0.0. 
[0m
[33mTrajectory 6 completed due to: ENV_DONE. Reward is 0.0. 
[0m
[33mTrajectory 1 completed due to: ENV_DONE. Reward is 0.0. 
[0m
[33mTrajectory 3 completed due to: ENV_DONE. Reward is 0.0. 
[0m
[33mTrajectory 5 completed due to: TRUNCATION. Reward is 0.0. 
[0m
[36mNumber of Trajectories 1/8 completed[0m
[36mNumber of Trajectories 2/8 completed[0m
[36mNumber of Trajectories 3/8 completed[0m
[36mNumber of Trajectories 4/8 completed[0m
[36mNumber of Trajectories 5/8 completed[0m
[36mNumber of Trajectories 6/8 completed[0m
[36mNumber of Trajectories 7/8 completed[0m
[36mNumber of Trajectories 8/8 completed[0m
[33mTrajectory 1 completed due to: TRUNCATION. Reward is 0.0. 
[0m
[33mTrajectory 5 completed due to: TRUNCATION. Reward is 0.0. 
[0m
[33mTrajectory 0 completed due to: TRUNCATION. Reward is 0.0. 
[0m
[33mTrajectory 6 completed due to: TRUNCATION. Reward is 0.0. 
[0m
[33mTrajectory 4 completed due to: TRUNCATION. Reward is 0.0. 
[0m
[33mTrajectory 3 completed due to: TRUNCATION. Reward is 0.0. 
[0m
[33mTrajectory 7 completed due to: TRUNCATION. Reward is 0.0. 
[0m
[33mTrajectory 2 completed due to: TRUNCATION. Reward is 0.0. 
[0m
[36mNumber of Trajectories 1/8 completed[0m
[36mNumber of Trajectories 2/8 completed[0m
[36mNumber of Trajectories 3/8 completed[0m
[36mNumber of Trajectories 4/8 completed[0m
[36mNumber of Trajectories 5/8 completed[0m
[36mNumber of Trajectories 6/8 completed[0m
[36mNumber of Trajectories 7/8 completed[0m
[36mNumber of Trajectories 8/8 completed[0m
step:21 - grouping/num_groups:1 - grouping/num_samples:8 - advantage/mean:0.0 - advantage/std:0.0 - loss/grad_norm:0.53125 - loss/policy:0.0 - policy/ratio_mean:0.9750820398330688 - time/sample:90.3833155632019 - time/train:4.946401357650757 - time/total:95.39041829109192 - reward/mean:0.0833333358168602 - reward/max:0.0 - reward/min:0.0 - batch/num_episodes:1 - distributed/num_processes:3 - distributed/rank:0
[32mTrajectory 0 completed due to: ENV_DONE. Reward is 1.0. 
[0m
[33mTrajectory 6 completed due to: TRUNCATION. Reward is 0.0. 
[0m
[32mTrajectory 1 completed due to: ENV_DONE. Reward is 1.0. 
[0m
[32mTrajectory 5 completed due to: ENV_DONE. Reward is 1.0. 
[0m
[32mTrajectory 4 completed due to: ENV_DONE. Reward is 1.0. 
[0m
[32mTrajectory 7 completed due to: ENV_DONE. Reward is 1.0. 
[0m
[32mTrajectory 3 completed due to: ENV_DONE. Reward is 1.0. 
[0m
[36mNumber of Trajectories 1/8 completed[0m
[36mNumber of Trajectories 2/8 completed[0m
[36mNumber of Trajectories 3/8 completed[0m
[36mNumber of Trajectories 4/8 completed[0m
[32mTrajectory 2 completed due to: ENV_DONE. Reward is 1.0. 
[0m
[36mNumber of Trajectories 5/8 completed[0m
[36mNumber of Trajectories 6/8 completed[0m
[36mNumber of Trajectories 7/8 completed[0m
[36mNumber of Trajectories 8/8 completed[0m
[33mTrajectory 1 completed due to: TRUNCATION. Reward is 0.0. 
[0m
[33mTrajectory 5 completed due to: TRUNCATION. Reward is 0.0. 
[0m
[33mTrajectory 0 completed due to: TRUNCATION. Reward is 0.0. 
[0m
[33mTrajectory 7 completed due to: TRUNCATION. Reward is 0.0. 
[0m
[33mTrajectory 2 completed due to: TRUNCATION. Reward is 0.0. 
[0m
[33mTrajectory 4 completed due to: TRUNCATION. Reward is 0.0. 
[0m
[33mTrajectory 6 completed due to: TRUNCATION. Reward is 0.0. 
[0m
[33mTrajectory 4 completed due to: TRUNCATION. Reward is 0.0. 
[0m
[33mTrajectory 3 completed due to: TRUNCATION. Reward is 0.0. 
[0m
[33mTrajectory 7 completed due to: TRUNCATION. Reward is 0.0. 
[0m
[36mNumber of Trajectories 1/8 completed[0m
[36mNumber of Trajectories 2/8 completed[0m
[36mNumber of Trajectories 3/8 completed[0m
[33mTrajectory 2 completed due to: TRUNCATION. Reward is 0.0. 
[0m
[36mNumber of Trajectories 4/8 completed[0m
[36mNumber of Trajectories 5/8 completed[0m
[36mNumber of Trajectories 6/8 completed[0m
[36mNumber of Trajectories 7/8 completed[0m
[36mNumber of Trajectories 8/8 completed[0m
[33mTrajectory 0 completed due to: TRUNCATION. Reward is 0.0. 
[0m
[33mTrajectory 6 completed due to: TRUNCATION. Reward is 0.0. 
[0m
[33mTrajectory 1 completed due to: TRUNCATION. Reward is 0.0. 
[0m
[33mTrajectory 3 completed due to: TRUNCATION. Reward is 0.0. 
[0m
[33mTrajectory 5 completed due to: TRUNCATION. Reward is 0.0. 
[0m
[36mNumber of Trajectories 1/8 completed[0m
[36mNumber of Trajectories 2/8 completed[0m
[36mNumber of Trajectories 3/8 completed[0m
[36mNumber of Trajectories 4/8 completed[0m
[36mNumber of Trajectories 5/8 completed[0m
[36mNumber of Trajectories 6/8 completed[0m
[36mNumber of Trajectories 7/8 completed[0m
[36mNumber of Trajectories 8/8 completed[0m
step:22 - grouping/num_groups:1 - grouping/num_samples:8 - advantage/mean:0.0 - advantage/std:0.0 - loss/grad_norm:0.1064453125 - loss/policy:0.0 - policy/ratio_mean:0.9576727151870728 - time/sample:91.18714714050293 - time/train:5.0057594776153564 - time/total:96.1991834640503 - reward/mean:0.2916666865348816 - reward/max:0.0 - reward/min:0.0 - batch/num_episodes:1 - distributed/num_processes:3 - distributed/rank:0
[33mTrajectory 0 completed due to: TRUNCATION. Reward is 0.0. 
[0m
[32mTrajectory 6 completed due to: ENV_DONE. Reward is 1.0. 
[0m
[32mTrajectory 1 completed due to: ENV_DONE. Reward is 1.0. 
[0m
[32mTrajectory 1 completed due to: ENV_DONE. Reward is 1.0. 
[0m
[32mTrajectory 5 completed due to: ENV_DONE. Reward is 1.0. 
[0m
[32mTrajectory 0 completed due to: ENV_DONE. Reward is 1.0. 
[0m
[32mTrajectory 5 completed due to: ENV_DONE. Reward is 1.0. 
[0m
[32mTrajectory 4 completed due to: ENV_DONE. Reward is 1.0. 
[0m
[32mTrajectory 7 completed due to: ENV_DONE. Reward is 1.0. 
[0m
[32mTrajectory 3 completed due to: ENV_DONE. Reward is 1.0. 
[0m
[32mTrajectory 2 completed due to: ENV_DONE. Reward is 1.0. 
[0m
[36mNumber of Trajectories 1/8 completed[0m
[36mNumber of Trajectories 2/8 completed[0m
[36mNumber of Trajectories 3/8 completed[0m
[36mNumber of Trajectories 4/8 completed[0m
[36mNumber of Trajectories 5/8 completed[0m
[36mNumber of Trajectories 6/8 completed[0m
[36mNumber of Trajectories 7/8 completed[0m
[36mNumber of Trajectories 8/8 completed[0m
[32mTrajectory 6 completed due to: ENV_DONE. Reward is 1.0. 
[0m
[32mTrajectory 4 completed due to: ENV_DONE. Reward is 1.0. 
[0m
[32mTrajectory 3 completed due to: ENV_DONE. Reward is 1.0. 
[0m
[32mTrajectory 7 completed due to: ENV_DONE. Reward is 1.0. 
[0m
[32mTrajectory 2 completed due to: ENV_DONE. Reward is 1.0. 
[0m
[36mNumber of Trajectories 1/8 completed[0m
[36mNumber of Trajectories 2/8 completed[0m
[36mNumber of Trajectories 3/8 completed[0m
[36mNumber of Trajectories 4/8 completed[0m
[36mNumber of Trajectories 5/8 completed[0m
[36mNumber of Trajectories 6/8 completed[0m
[36mNumber of Trajectories 7/8 completed[0m
[36mNumber of Trajectories 8/8 completed[0m
[33mTrajectory 7 completed due to: ENV_DONE. Reward is 0.0. 
[0m
[33mTrajectory 2 completed due to: ENV_DONE. Reward is 0.0. 
[0m
[33mTrajectory 4 completed due to: ENV_DONE. Reward is 0.0. 
[0m
[33mTrajectory 0 completed due to: ENV_DONE. Reward is 0.0. 
[0m
[33mTrajectory 6 completed due to: ENV_DONE. Reward is 0.0. 
[0m
[33mTrajectory 1 completed due to: ENV_DONE. Reward is 0.0. 
[0m
[33mTrajectory 3 completed due to: ENV_DONE. Reward is 0.0. 
[0m
[33mTrajectory 5 completed due to: TRUNCATION. Reward is 0.0. 
[0m
[36mNumber of Trajectories 1/8 completed[0m
[36mNumber of Trajectories 2/8 completed[0m
[36mNumber of Trajectories 3/8 completed[0m
[36mNumber of Trajectories 4/8 completed[0m
[36mNumber of Trajectories 5/8 completed[0m
[36mNumber of Trajectories 6/8 completed[0m
[36mNumber of Trajectories 7/8 completed[0m
[36mNumber of Trajectories 8/8 completed[0m
step:23 - grouping/num_groups:1 - grouping/num_samples:8 - advantage/mean:0.0 - advantage/std:0.0 - loss/grad_norm:0.0576171875 - loss/policy:0.0 - policy/ratio_mean:0.9789782166481018 - time/sample:56.45198726654053 - time/train:33.50652837753296 - time/total:89.96410512924194 - reward/mean:0.625 - reward/max:1.0 - reward/min:1.0 - batch/num_episodes:1 - distributed/num_processes:3 - distributed/rank:0
[32mTrajectory 7 completed due to: ENV_DONE. Reward is 1.0. 
[0m
[32mTrajectory 2 completed due to: ENV_DONE. Reward is 1.0. 
[0m
[32mTrajectory 4 completed due to: ENV_DONE. Reward is 1.0. 
[0m
[32mTrajectory 0 completed due to: ENV_DONE. Reward is 1.0. 
[0m
[32mTrajectory 6 completed due to: ENV_DONE. Reward is 1.0. 
[0m
[32mTrajectory 1 completed due to: ENV_DONE. Reward is 1.0. 
[0m
[32mTrajectory 3 completed due to: ENV_DONE. Reward is 1.0. 
[0m
[36mNumber of Trajectories 1/8 completed[0m
[36mNumber of Trajectories 2/8 completed[0m
[36mNumber of Trajectories 3/8 completed[0m
[36mNumber of Trajectories 4/8 completed[0m
[36mNumber of Trajectories 5/8 completed[0m
[36mNumber of Trajectories 6/8 completed[0m
[36mNumber of Trajectories 7/8 completed[0m
[32mTrajectory 5 completed due to: ENV_DONE. Reward is 1.0. 
[0m
[36mNumber of Trajectories 8/8 completed[0m
[32mTrajectory 0 completed due to: ENV_DONE. Reward is 1.0. 
[0m
[32mTrajectory 6 completed due to: ENV_DONE. Reward is 1.0. 
[0m
[33mTrajectory 1 completed due to: TRUNCATION. Reward is 0.0. 
[0m
[32mTrajectory 5 completed due to: ENV_DONE. Reward is 1.0. 
[0m
[32mTrajectory 4 completed due to: ENV_DONE. Reward is 1.0. 
[0m
[32mTrajectory 7 completed due to: ENV_DONE. Reward is 1.0. 
[0m
[32mTrajectory 3 completed due to: ENV_DONE. Reward is 1.0. 
[0m
[32mTrajectory 2 completed due to: ENV_DONE. Reward is 1.0. 
[0m
[36mNumber of Trajectories 1/8 completed[0m
[36mNumber of Trajectories 2/8 completed[0m
[36mNumber of Trajectories 3/8 completed[0m
[36mNumber of Trajectories 4/8 completed[0m
[36mNumber of Trajectories 5/8 completed[0m
[36mNumber of Trajectories 6/8 completed[0m
[36mNumber of Trajectories 7/8 completed[0m
[36mNumber of Trajectories 8/8 completed[0m
[33mTrajectory 4 completed due to: TRUNCATION. Reward is 0.0. 
[0m
[33mTrajectory 0 completed due to: TRUNCATION. Reward is 0.0. 
[0m
[33mTrajectory 5 completed due to: TRUNCATION. Reward is 0.0. 
[0m
[33mTrajectory 1 completed due to: TRUNCATION. Reward is 0.0. 
[0m
[33mTrajectory 2 completed due to: TRUNCATION. Reward is 0.0. 
[0m
[33mTrajectory 7 completed due to: TRUNCATION. Reward is 0.0. 
[0m
[33mTrajectory 3 completed due to: TRUNCATION. Reward is 0.0. 
[0m
[33mTrajectory 6 completed due to: TRUNCATION. Reward is 0.0. 
[0m
[36mNumber of Trajectories 1/8 completed[0m
[36mNumber of Trajectories 2/8 completed[0m
[36mNumber of Trajectories 3/8 completed[0m
[36mNumber of Trajectories 4/8 completed[0m
[36mNumber of Trajectories 5/8 completed[0m
[36mNumber of Trajectories 6/8 completed[0m
[36mNumber of Trajectories 7/8 completed[0m
[36mNumber of Trajectories 8/8 completed[0m
step:24 - grouping/num_groups:1 - grouping/num_samples:8 - advantage/mean:0.0 - advantage/std:0.0 - loss/grad_norm:0.10888671875 - loss/policy:0.0 - policy/ratio_mean:0.9752830862998962 - time/sample:67.11541724205017 - time/train:4.950628042221069 - time/total:72.0717031955719 - reward/mean:0.625 - reward/max:0.0 - reward/min:0.0 - batch/num_episodes:1 - distributed/num_processes:3 - distributed/rank:0
[32mTrajectory 4 completed due to: ENV_DONE. Reward is 1.0. 
[0m
[32mTrajectory 0 completed due to: ENV_DONE. Reward is 1.0. 
[0m
[32mTrajectory 5 completed due to: ENV_DONE. Reward is 1.0. 
[0m
[32mTrajectory 1 completed due to: ENV_DONE. Reward is 1.0. 
[0m
[32mTrajectory 2 completed due to: ENV_DONE. Reward is 1.0. 
[0m
[32mTrajectory 7 completed due to: ENV_DONE. Reward is 1.0. 
[0m
[32mTrajectory 3 completed due to: ENV_DONE. Reward is 1.0. 
[0m
[32mTrajectory 6 completed due to: ENV_DONE. Reward is 1.0. 
[0m
[36mNumber of Trajectories 1/8 completed[0m
[36mNumber of Trajectories 2/8 completed[0m
[36mNumber of Trajectories 3/8 completed[0m
[36mNumber of Trajectories 4/8 completed[0m
[36mNumber of Trajectories 5/8 completed[0m
[36mNumber of Trajectories 6/8 completed[0m
[36mNumber of Trajectories 7/8 completed[0m
[36mNumber of Trajectories 8/8 completed[0m
[32mTrajectory 0 completed due to: ENV_DONE. Reward is 1.0. 
[0m
[32mTrajectory 6 completed due to: ENV_DONE. Reward is 1.0. 
[0m
[32mTrajectory 1 completed due to: ENV_DONE. Reward is 1.0. 
[0m
[32mTrajectory 5 completed due to: ENV_DONE. Reward is 1.0. 
[0m
[32mTrajectory 4 completed due to: ENV_DONE. Reward is 1.0. 
[0m
[32mTrajectory 7 completed due to: ENV_DONE. Reward is 1.0. 
[0m
[32mTrajectory 3 completed due to: ENV_DONE. Reward is 1.0. 
[0m
[36mNumber of Trajectories 1/8 completed[0m
[36mNumber of Trajectories 2/8 completed[0m
[36mNumber of Trajectories 3/8 completed[0m
[32mTrajectory 2 completed due to: ENV_DONE. Reward is 1.0. 
[0m
[36mNumber of Trajectories 4/8 completed[0m
[36mNumber of Trajectories 5/8 completed[0m
[36mNumber of Trajectories 6/8 completed[0m
[36mNumber of Trajectories 7/8 completed[0m
[36mNumber of Trajectories 8/8 completed[0m
[32mTrajectory 7 completed due to: ENV_DONE. Reward is 1.0. 
[0m
[32mTrajectory 2 completed due to: ENV_DONE. Reward is 1.0. 
[0m
[32mTrajectory 4 completed due to: ENV_DONE. Reward is 1.0. 
[0m
[32mTrajectory 0 completed due to: ENV_DONE. Reward is 1.0. 
[0m
[32mTrajectory 6 completed due to: ENV_DONE. Reward is 1.0. 
[0m
[32mTrajectory 1 completed due to: ENV_DONE. Reward is 1.0. 
[0m
[32mTrajectory 3 completed due to: ENV_DONE. Reward is 1.0. 
[0m
[32mTrajectory 5 completed due to: ENV_DONE. Reward is 1.0. 
[0m
[36mNumber of Trajectories 1/8 completed[0m
[36mNumber of Trajectories 2/8 completed[0m
[36mNumber of Trajectories 3/8 completed[0m
[36mNumber of Trajectories 4/8 completed[0m
[36mNumber of Trajectories 5/8 completed[0m
[36mNumber of Trajectories 6/8 completed[0m
[36mNumber of Trajectories 7/8 completed[0m
[36mNumber of Trajectories 8/8 completed[0m
step:25 - grouping/num_groups:1 - grouping/num_samples:8 - advantage/mean:0.0 - advantage/std:0.0 - loss/grad_norm:0.0 - loss/policy:0.0 - policy/ratio_mean:0.9918528199195862 - time/sample:14.937790393829346 - time/train:20.588819980621338 - time/total:35.531835079193115 - reward/mean:1.0 - reward/max:1.0 - reward/min:1.0 - batch/num_episodes:1 - distributed/num_processes:3 - distributed/rank:0
[33mTrajectory 0 completed due to: ENV_DONE. Reward is 0.0. 
[0m
[33mTrajectory 6 completed due to: ENV_DONE. Reward is 0.0. 
[0m
[33mTrajectory 1 completed due to: ENV_DONE. Reward is 0.0. 
[0m
[33mTrajectory 5 completed due to: ENV_DONE. Reward is 0.0. 
[0m
[33mTrajectory 4 completed due to: ENV_DONE. Reward is 0.0. 
[0m
[33mTrajectory 7 completed due to: ENV_DONE. Reward is 0.0. 
[0m
[33mTrajectory 3 completed due to: ENV_DONE. Reward is 0.0. 
[0m
[36mNumber of Trajectories 1/8 completed[0m
[36mNumber of Trajectories 2/8 completed[0m
[36mNumber of Trajectories 3/8 completed[0m
[33mTrajectory 2 completed due to: ENV_DONE. Reward is 0.0. 
[0m
[36mNumber of Trajectories 4/8 completed[0m
[36mNumber of Trajectories 5/8 completed[0m
[36mNumber of Trajectories 6/8 completed[0m
[36mNumber of Trajectories 7/8 completed[0m
[36mNumber of Trajectories 8/8 completed[0m
[32mTrajectory 1 completed due to: ENV_DONE. Reward is 1.0. 
[0m
[32mTrajectory 5 completed due to: ENV_DONE. Reward is 1.0. 
[0m
[32mTrajectory 0 completed due to: ENV_DONE. Reward is 1.0. 
[0m
[32mTrajectory 6 completed due to: ENV_DONE. Reward is 1.0. 
[0m
[32mTrajectory 4 completed due to: ENV_DONE. Reward is 1.0. 
[0m
[32mTrajectory 3 completed due to: ENV_DONE. Reward is 1.0. 
[0m
[32mTrajectory 7 completed due to: ENV_DONE. Reward is 1.0. 
[0m
[32mTrajectory 2 completed due to: ENV_DONE. Reward is 1.0. 
[0m
[36mNumber of Trajectories 1/8 completed[0m
[36mNumber of Trajectories 2/8 completed[0m
[36mNumber of Trajectories 3/8 completed[0m
[36mNumber of Trajectories 4/8 completed[0m
[36mNumber of Trajectories 5/8 completed[0m
[36mNumber of Trajectories 6/8 completed[0m
[36mNumber of Trajectories 7/8 completed[0m
[36mNumber of Trajectories 8/8 completed[0m
[33mTrajectory 7 completed due to: TRUNCATION. Reward is 0.0. 
[0m
[32mTrajectory 2 completed due to: ENV_DONE. Reward is 1.0. 
[0m
[32mTrajectory 4 completed due to: ENV_DONE. Reward is 1.0. 
[0m
[32mTrajectory 0 completed due to: ENV_DONE. Reward is 1.0. 
[0m
[33mTrajectory 6 completed due to: TRUNCATION. Reward is 0.0. 
[0m
[33mTrajectory 1 completed due to: TRUNCATION. Reward is 0.0. 
[0m
[32mTrajectory 3 completed due to: ENV_DONE. Reward is 1.0. 
[0m
[33mTrajectory 5 completed due to: TRUNCATION. Reward is 0.0. 
[0m
[36mNumber of Trajectories 1/8 completed[0m
[36mNumber of Trajectories 2/8 completed[0m
[36mNumber of Trajectories 3/8 completed[0m
[36mNumber of Trajectories 4/8 completed[0m
[36mNumber of Trajectories 5/8 completed[0m
[36mNumber of Trajectories 6/8 completed[0m
[36mNumber of Trajectories 7/8 completed[0m
[36mNumber of Trajectories 8/8 completed[0m
step:26 - grouping/num_groups:1 - grouping/num_samples:8 - advantage/mean:0.0 - advantage/std:0.0 - loss/grad_norm:0.466796875 - loss/policy:0.0 - policy/ratio_mean:0.9918336272239685 - time/sample:35.18343544006348 - time/train:33.591073989868164 - time/total:68.78069543838501 - reward/mean:0.5 - reward/max:1.0 - reward/min:1.0 - batch/num_episodes:1 - distributed/num_processes:3 - distributed/rank:0
[33mTrajectory 0 completed due to: ENV_DONE. Reward is 0.0. 
[0m
[32mTrajectory 6 completed due to: ENV_DONE. Reward is 1.0. 
[0m
[33mTrajectory 1 completed due to: ENV_DONE. Reward is 0.0. 
[0m
[33mTrajectory 5 completed due to: ENV_DONE. Reward is 0.0. 
[0m
[33mTrajectory 4 completed due to: ENV_DONE. Reward is 0.0. 
[0m
[32mTrajectory 7 completed due to: ENV_DONE. Reward is 1.0. 
[0m
[32mTrajectory 3 completed due to: ENV_DONE. Reward is 1.0. 
[0m
[33mTrajectory 2 completed due to: ENV_DONE. Reward is 0.0. 
[0m
[36mNumber of Trajectories 1/8 completed[0m
[36mNumber of Trajectories 2/8 completed[0m
[36mNumber of Trajectories 3/8 completed[0m
[36mNumber of Trajectories 4/8 completed[0m
[36mNumber of Trajectories 5/8 completed[0m
[36mNumber of Trajectories 6/8 completed[0m
[36mNumber of Trajectories 7/8 completed[0m
[36mNumber of Trajectories 8/8 completed[0m
[33mTrajectory 4 completed due to: TRUNCATION. Reward is 0.0. 
[0m
[32mTrajectory 0 completed due to: ENV_DONE. Reward is 1.0. 
[0m
[33mTrajectory 5 completed due to: ENV_DONE. Reward is 0.0. 
[0m
[33mTrajectory 1 completed due to: ENV_DONE. Reward is 0.0. 
[0m
[32mTrajectory 2 completed due to: ENV_DONE. Reward is 1.0. 
[0m
[33mTrajectory 7 completed due to: TRUNCATION. Reward is 0.0. 
[0m
[32mTrajectory 3 completed due to: ENV_DONE. Reward is 1.0. 
[0m
[36mNumber of Trajectories 1/8 completed[0m
[36mNumber of Trajectories 2/8 completed[0m
[36mNumber of Trajectories 3/8 completed[0m
[36mNumber of Trajectories 4/8 completed[0m
[36mNumber of Trajectories 5/8 completed[0m
[36mNumber of Trajectories 6/8 completed[0m
[36mNumber of Trajectories 7/8 completed[0m
[33mTrajectory 6 completed due to: TRUNCATION. Reward is 0.0. 
[0m
[36mNumber of Trajectories 8/8 completed[0m
[33mTrajectory 7 completed due to: TRUNCATION. Reward is 0.0. 
[0m
[33mTrajectory 2 completed due to: TRUNCATION. Reward is 0.0. 
[0m
[33mTrajectory 4 completed due to: TRUNCATION. Reward is 0.0. 
[0m
[33mTrajectory 0 completed due to: TRUNCATION. Reward is 0.0. 
[0m
[33mTrajectory 6 completed due to: TRUNCATION. Reward is 0.0. 
[0m
[33mTrajectory 1 completed due to: TRUNCATION. Reward is 0.0. 
[0m
[33mTrajectory 3 completed due to: TRUNCATION. Reward is 0.0. 
[0m
[33mTrajectory 5 completed due to: TRUNCATION. Reward is 0.0. 
[0m
[36mNumber of Trajectories 1/8 completed[0m
[36mNumber of Trajectories 2/8 completed[0m
[36mNumber of Trajectories 3/8 completed[0m
[36mNumber of Trajectories 4/8 completed[0m
[36mNumber of Trajectories 5/8 completed[0m
[36mNumber of Trajectories 6/8 completed[0m
[36mNumber of Trajectories 7/8 completed[0m
[36mNumber of Trajectories 8/8 completed[0m
step:27 - grouping/num_groups:1 - grouping/num_samples:8 - advantage/mean:0.0 - advantage/std:0.4841229182759271 - loss/grad_norm:0.60546875 - loss/policy:0.3713936507701874 - policy/ratio_mean:0.9876078367233276 - time/sample:88.45418787002563 - time/train:4.995534420013428 - time/total:93.4554603099823 - reward/mean:0.25 - reward/max:1.0 - reward/min:0.0 - batch/num_episodes:1 - distributed/num_processes:3 - distributed/rank:0
[32mTrajectory 7 completed due to: ENV_DONE. Reward is 1.0. 
[0m
[32mTrajectory 2 completed due to: ENV_DONE. Reward is 1.0. 
[0m
[32mTrajectory 4 completed due to: ENV_DONE. Reward is 1.0. 
[0m
[32mTrajectory 0 completed due to: ENV_DONE. Reward is 1.0. 
[0m
[32mTrajectory 6 completed due to: ENV_DONE. Reward is 1.0. 
[0m
[32mTrajectory 1 completed due to: ENV_DONE. Reward is 1.0. 
[0m
[32mTrajectory 3 completed due to: ENV_DONE. Reward is 1.0. 
[0m
[32mTrajectory 5 completed due to: ENV_DONE. Reward is 1.0. 
[0m
[36mNumber of Trajectories 1/8 completed[0m
[36mNumber of Trajectories 2/8 completed[0m
[36mNumber of Trajectories 3/8 completed[0m
[36mNumber of Trajectories 4/8 completed[0m
[36mNumber of Trajectories 5/8 completed[0m
[36mNumber of Trajectories 6/8 completed[0m
[36mNumber of Trajectories 7/8 completed[0m
[36mNumber of Trajectories 8/8 completed[0m
[32mTrajectory 4 completed due to: ENV_DONE. Reward is 1.0. 
[0m
[32mTrajectory 0 completed due to: ENV_DONE. Reward is 1.0. 
[0m
[32mTrajectory 5 completed due to: ENV_DONE. Reward is 1.0. 
[0m
[32mTrajectory 1 completed due to: ENV_DONE. Reward is 1.0. 
[0m
[32mTrajectory 2 completed due to: ENV_DONE. Reward is 1.0. 
[0m
[32mTrajectory 7 completed due to: ENV_DONE. Reward is 1.0. 
[0m
[32mTrajectory 3 completed due to: ENV_DONE. Reward is 1.0. 
[0m
[36mNumber of Trajectories 1/8 completed[0m
[36mNumber of Trajectories 2/8 completed[0m
[36mNumber of Trajectories 3/8 completed[0m
[36mNumber of Trajectories 4/8 completed[0m
[36mNumber of Trajectories 5/8 completed[0m
[36mNumber of Trajectories 6/8 completed[0m
[36mNumber of Trajectories 7/8 completed[0m
[32mTrajectory 6 completed due to: ENV_DONE. Reward is 1.0. 
[0m
[36mNumber of Trajectories 8/8 completed[0m
[32mTrajectory 0 completed due to: ENV_DONE. Reward is 1.0. 
[0m
[32mTrajectory 6 completed due to: ENV_DONE. Reward is 1.0. 
[0m
[32mTrajectory 1 completed due to: ENV_DONE. Reward is 1.0. 
[0m
[32mTrajectory 5 completed due to: ENV_DONE. Reward is 1.0. 
[0m
[32mTrajectory 4 completed due to: ENV_DONE. Reward is 1.0. 
[0m
[32mTrajectory 7 completed due to: ENV_DONE. Reward is 1.0. 
[0m
[32mTrajectory 3 completed due to: ENV_DONE. Reward is 1.0. 
[0m
[36mNumber of Trajectories 1/8 completed[0m
[36mNumber of Trajectories 2/8 completed[0m
[36mNumber of Trajectories 3/8 completed[0m
[36mNumber of Trajectories 4/8 completed[0m
[36mNumber of Trajectories 5/8 completed[0m
[36mNumber of Trajectories 6/8 completed[0m
[36mNumber of Trajectories 7/8 completed[0m
[33mTrajectory 2 completed due to: TRUNCATION. Reward is 0.0. 
[0m
[36mNumber of Trajectories 8/8 completed[0m
step:28 - grouping/num_groups:1 - grouping/num_samples:8 - advantage/mean:0.0 - advantage/std:0.0 - loss/grad_norm:0.73828125 - loss/policy:0.0 - policy/ratio_mean:0.9929666519165039 - time/sample:8.838459968566895 - time/train:30.73044180870056 - time/total:39.57568669319153 - reward/mean:0.9583333730697632 - reward/max:1.0 - reward/min:1.0 - batch/num_episodes:1 - distributed/num_processes:3 - distributed/rank:0
[32mTrajectory 4 completed due to: ENV_DONE. Reward is 1.0. 
[0m
[32mTrajectory 0 completed due to: ENV_DONE. Reward is 1.0. 
[0m
[32mTrajectory 5 completed due to: ENV_DONE. Reward is 1.0. 
[0m
[32mTrajectory 1 completed due to: ENV_DONE. Reward is 1.0. 
[0m
[32mTrajectory 2 completed due to: ENV_DONE. Reward is 1.0. 
[0m
[32mTrajectory 7 completed due to: ENV_DONE. Reward is 1.0. 
[0m
[32mTrajectory 3 completed due to: ENV_DONE. Reward is 1.0. 
[0m
[36mNumber of Trajectories 1/8 completed[0m
[36mNumber of Trajectories 2/8 completed[0m
[36mNumber of Trajectories 3/8 completed[0m
[36mNumber of Trajectories 4/8 completed[0m
[36mNumber of Trajectories 5/8 completed[0m
[36mNumber of Trajectories 6/8 completed[0m
[36mNumber of Trajectories 7/8 completed[0m
[32mTrajectory 6 completed due to: ENV_DONE. Reward is 1.0. 
[0m
[36mNumber of Trajectories 8/8 completed[0m
[32mTrajectory 0 completed due to: ENV_DONE. Reward is 1.0. 
[0m
[32mTrajectory 6 completed due to: ENV_DONE. Reward is 1.0. 
[0m
[32mTrajectory 1 completed due to: ENV_DONE. Reward is 1.0. 
[0m
[33mTrajectory 5 completed due to: ENV_DONE. Reward is 0.0. 
[0m
[32mTrajectory 4 completed due to: ENV_DONE. Reward is 1.0. 
[0m
[33mTrajectory 7 completed due to: ENV_DONE. Reward is 0.0. 
[0m
[32mTrajectory 3 completed due to: ENV_DONE. Reward is 1.0. 
[0m
[33mTrajectory 2 completed due to: ENV_DONE. Reward is 0.0. 
[0m
[36mNumber of Trajectories 1/8 completed[0m
[36mNumber of Trajectories 2/8 completed[0m
[36mNumber of Trajectories 3/8 completed[0m
[36mNumber of Trajectories 4/8 completed[0m
[36mNumber of Trajectories 5/8 completed[0m
[36mNumber of Trajectories 6/8 completed[0m
[36mNumber of Trajectories 7/8 completed[0m
[36mNumber of Trajectories 8/8 completed[0m
[32mTrajectory 7 completed due to: ENV_DONE. Reward is 1.0. 
[0m
[32mTrajectory 2 completed due to: ENV_DONE. Reward is 1.0. 
[0m
[32mTrajectory 4 completed due to: ENV_DONE. Reward is 1.0. 
[0m
[32mTrajectory 0 completed due to: ENV_DONE. Reward is 1.0. 
[0m
[32mTrajectory 6 completed due to: ENV_DONE. Reward is 1.0. 
[0m
[32mTrajectory 1 completed due to: ENV_DONE. Reward is 1.0. 
[0m
[32mTrajectory 3 completed due to: ENV_DONE. Reward is 1.0. 
[0m
[32mTrajectory 5 completed due to: ENV_DONE. Reward is 1.0. 
[0m
[36mNumber of Trajectories 1/8 completed[0m
[36mNumber of Trajectories 2/8 completed[0m
[36mNumber of Trajectories 3/8 completed[0m
[36mNumber of Trajectories 4/8 completed[0m
[36mNumber of Trajectories 5/8 completed[0m
[36mNumber of Trajectories 6/8 completed[0m
[36mNumber of Trajectories 7/8 completed[0m
[36mNumber of Trajectories 8/8 completed[0m
step:29 - grouping/num_groups:1 - grouping/num_samples:8 - advantage/mean:0.0 - advantage/std:0.0 - loss/grad_norm:0.79296875 - loss/policy:0.0 - policy/ratio_mean:0.9885373711585999 - time/sample:8.711310863494873 - time/train:27.897808074951172 - time/total:36.616273641586304 - reward/mean:0.875 - reward/max:1.0 - reward/min:1.0 - batch/num_episodes:1 - distributed/num_processes:3 - distributed/rank:0
[32mTrajectory 0 completed due to: ENV_DONE. Reward is 1.0. 
[0m
[32mTrajectory 6 completed due to: ENV_DONE. Reward is 1.0. 
[0m
[32mTrajectory 1 completed due to: ENV_DONE. Reward is 1.0. 
[0m
[32mTrajectory 5 completed due to: ENV_DONE. Reward is 1.0. 
[0m
[33mTrajectory 4 completed due to: ENV_DONE. Reward is 0.0. 
[0m
[32mTrajectory 7 completed due to: ENV_DONE. Reward is 1.0. 
[0m
[32mTrajectory 3 completed due to: ENV_DONE. Reward is 1.0. 
[0m
[32mTrajectory 2 completed due to: ENV_DONE. Reward is 1.0. 
[0m
[36mNumber of Trajectories 1/8 completed[0m
[36mNumber of Trajectories 2/8 completed[0m
[36mNumber of Trajectories 3/8 completed[0m
[36mNumber of Trajectories 4/8 completed[0m
[36mNumber of Trajectories 5/8 completed[0m
[36mNumber of Trajectories 6/8 completed[0m
[36mNumber of Trajectories 7/8 completed[0m
[36mNumber of Trajectories 8/8 completed[0m
[32mTrajectory 7 completed due to: ENV_DONE. Reward is 1.0. 
[0m
[33mTrajectory 2 completed due to: TRUNCATION. Reward is 0.0. 
[0m
[32mTrajectory 4 completed due to: ENV_DONE. Reward is 1.0. 
[0m
[32mTrajectory 0 completed due to: ENV_DONE. Reward is 1.0. 
[0m
[32mTrajectory 6 completed due to: ENV_DONE. Reward is 1.0. 
[0m
[32mTrajectory 1 completed due to: ENV_DONE. Reward is 1.0. 
[0m
[32mTrajectory 3 completed due to: ENV_DONE. Reward is 1.0. 
[0m
[32mTrajectory 5 completed due to: ENV_DONE. Reward is 1.0. 
[0m
[36mNumber of Trajectories 1/8 completed[0m
[36mNumber of Trajectories 2/8 completed[0m
[36mNumber of Trajectories 3/8 completed[0m
[36mNumber of Trajectories 4/8 completed[0m
[36mNumber of Trajectories 5/8 completed[0m
[36mNumber of Trajectories 6/8 completed[0m
[36mNumber of Trajectories 7/8 completed[0m
[36mNumber of Trajectories 8/8 completed[0m
[32mTrajectory 4 completed due to: ENV_DONE. Reward is 1.0. 
[0m
[32mTrajectory 0 completed due to: ENV_DONE. Reward is 1.0. 
[0m
[32mTrajectory 5 completed due to: ENV_DONE. Reward is 1.0. 
[0m
[32mTrajectory 1 completed due to: ENV_DONE. Reward is 1.0. 
[0m
[32mTrajectory 2 completed due to: ENV_DONE. Reward is 1.0. 
[0m
[32mTrajectory 7 completed due to: ENV_DONE. Reward is 1.0. 
[0m
[32mTrajectory 3 completed due to: ENV_DONE. Reward is 1.0. 
[0m
[36mNumber of Trajectories 1/8 completed[0m
[36mNumber of Trajectories 2/8 completed[0m
[36mNumber of Trajectories 3/8 completed[0m
[36mNumber of Trajectories 4/8 completed[0m
[36mNumber of Trajectories 5/8 completed[0m
[36mNumber of Trajectories 6/8 completed[0m
[36mNumber of Trajectories 7/8 completed[0m
[33mTrajectory 6 completed due to: TRUNCATION. Reward is 0.0. 
[0m
[36mNumber of Trajectories 8/8 completed[0m
step:30 - grouping/num_groups:1 - grouping/num_samples:8 - advantage/mean:0.0 - advantage/std:0.33071891388307384 - loss/grad_norm:0.76171875 - loss/policy:0.8490381240844727 - policy/ratio_mean:0.9606711268424988 - time/sample:74.70436930656433 - time/train:3.9337751865386963 - time/total:78.64548540115356 - reward/mean:0.875 - reward/max:1.0 - reward/min:0.0 - batch/num_episodes:1 - distributed/num_processes:3 - distributed/rank:0
[32mTrajectory 4 completed due to: ENV_DONE. Reward is 1.0. 
[0m
[32mTrajectory 0 completed due to: ENV_DONE. Reward is 1.0. 
[0m
[32mTrajectory 5 completed due to: ENV_DONE. Reward is 1.0. 
[0m
[32mTrajectory 1 completed due to: ENV_DONE. Reward is 1.0. 
[0m
[32mTrajectory 2 completed due to: ENV_DONE. Reward is 1.0. 
[0m
[32mTrajectory 7 completed due to: ENV_DONE. Reward is 1.0. 
[0m
[32mTrajectory 3 completed due to: ENV_DONE. Reward is 1.0. 
[0m
[32mTrajectory 6 completed due to: ENV_DONE. Reward is 1.0. 
[0m
[36mNumber of Trajectories 1/8 completed[0m
[36mNumber of Trajectories 2/8 completed[0m
[36mNumber of Trajectories 3/8 completed[0m
[36mNumber of Trajectories 4/8 completed[0m
[36mNumber of Trajectories 5/8 completed[0m
[36mNumber of Trajectories 6/8 completed[0m
[36mNumber of Trajectories 7/8 completed[0m
[36mNumber of Trajectories 8/8 completed[0m
[33mTrajectory 0 completed due to: TRUNCATION. Reward is 0.0. 
[0m
[33mTrajectory 6 completed due to: ENV_DONE. Reward is 0.0. 
[0m
[33mTrajectory 1 completed due to: ENV_DONE. Reward is 0.0. 
[0m
[33mTrajectory 5 completed due to: ENV_DONE. Reward is 0.0. 
[0m
[33mTrajectory 4 completed due to: TRUNCATION. Reward is 0.0. 
[0m
[33mTrajectory 7 completed due to: TRUNCATION. Reward is 0.0. 
[0m
[33mTrajectory 3 completed due to: TRUNCATION. Reward is 0.0. 
[0m
[33mTrajectory 2 completed due to: ENV_DONE. Reward is 0.0. 
[0m
[36mNumber of Trajectories 1/8 completed[0m
[36mNumber of Trajectories 2/8 completed[0m
[36mNumber of Trajectories 3/8 completed[0m
[36mNumber of Trajectories 4/8 completed[0m
[36mNumber of Trajectories 5/8 completed[0m
[36mNumber of Trajectories 6/8 completed[0m
[36mNumber of Trajectories 7/8 completed[0m
[36mNumber of Trajectories 8/8 completed[0m
[32mTrajectory 7 completed due to: ENV_DONE. Reward is 1.0. 
[0m
[32mTrajectory 2 completed due to: ENV_DONE. Reward is 1.0. 
[0m
[32mTrajectory 4 completed due to: ENV_DONE. Reward is 1.0. 
[0m
[32mTrajectory 0 completed due to: ENV_DONE. Reward is 1.0. 
[0m
[32mTrajectory 6 completed due to: ENV_DONE. Reward is 1.0. 
[0m
[32mTrajectory 1 completed due to: ENV_DONE. Reward is 1.0. 
[0m
[32mTrajectory 3 completed due to: ENV_DONE. Reward is 1.0. 
[0m
[32mTrajectory 5 completed due to: ENV_DONE. Reward is 1.0. 
[0m
[36mNumber of Trajectories 1/8 completed[0m
[36mNumber of Trajectories 2/8 completed[0m
[36mNumber of Trajectories 3/8 completed[0m
[36mNumber of Trajectories 4/8 completed[0m
[36mNumber of Trajectories 5/8 completed[0m
[36mNumber of Trajectories 6/8 completed[0m
[36mNumber of Trajectories 7/8 completed[0m
[36mNumber of Trajectories 8/8 completed[0m
step:31 - grouping/num_groups:1 - grouping/num_samples:8 - advantage/mean:0.0 - advantage/std:0.0 - loss/grad_norm:0.0 - loss/policy:0.0 - policy/ratio_mean:0.9983574151992798 - time/sample:31.302820682525635 - time/train:26.574674367904663 - time/total:57.884774684906006 - reward/mean:0.6666666865348816 - reward/max:1.0 - reward/min:1.0 - batch/num_episodes:1 - distributed/num_processes:3 - distributed/rank:0
[32mTrajectory 1 completed due to: ENV_DONE. Reward is 1.0. 
[0m
[32mTrajectory 5 completed due to: ENV_DONE. Reward is 1.0. 
[0m
[32mTrajectory 0 completed due to: ENV_DONE. Reward is 1.0. 
[0m
[32mTrajectory 6 completed due to: ENV_DONE. Reward is 1.0. 
[0m
[32mTrajectory 4 completed due to: ENV_DONE. Reward is 1.0. 
[0m
[32mTrajectory 3 completed due to: ENV_DONE. Reward is 1.0. 
[0m
[32mTrajectory 7 completed due to: ENV_DONE. Reward is 1.0. 
[0m
[36mNumber of Trajectories 1/8 completed[0m
[36mNumber of Trajectories 2/8 completed[0m
[36mNumber of Trajectories 3/8 completed[0m
[32mTrajectory 2 completed due to: ENV_DONE. Reward is 1.0. 
[0m
[36mNumber of Trajectories 4/8 completed[0m
[36mNumber of Trajectories 5/8 completed[0m
[36mNumber of Trajectories 6/8 completed[0m
[36mNumber of Trajectories 7/8 completed[0m
[36mNumber of Trajectories 8/8 completed[0m
[32mTrajectory 7 completed due to: ENV_DONE. Reward is 1.0. 
[0m
[32mTrajectory 2 completed due to: ENV_DONE. Reward is 1.0. 
[0m
[32mTrajectory 4 completed due to: ENV_DONE. Reward is 1.0. 
[0m
[32mTrajectory 0 completed due to: ENV_DONE. Reward is 1.0. 
[0m
[32mTrajectory 6 completed due to: ENV_DONE. Reward is 1.0. 
[0m
[32mTrajectory 1 completed due to: ENV_DONE. Reward is 1.0. 
[0m
[32mTrajectory 3 completed due to: ENV_DONE. Reward is 1.0. 
[0m
[32mTrajectory 5 completed due to: ENV_DONE. Reward is 1.0. 
[0m
[36mNumber of Trajectories 1/8 completed[0m
[36mNumber of Trajectories 2/8 completed[0m
[36mNumber of Trajectories 3/8 completed[0m
[36mNumber of Trajectories 4/8 completed[0m
[36mNumber of Trajectories 5/8 completed[0m
[36mNumber of Trajectories 6/8 completed[0m
[36mNumber of Trajectories 7/8 completed[0m
[36mNumber of Trajectories 8/8 completed[0m
[32mTrajectory 0 completed due to: ENV_DONE. Reward is 1.0. 
[0m
[32mTrajectory 6 completed due to: ENV_DONE. Reward is 1.0. 
[0m
[32mTrajectory 1 completed due to: ENV_DONE. Reward is 1.0. 
[0m
[32mTrajectory 5 completed due to: ENV_DONE. Reward is 1.0. 
[0m
[32mTrajectory 4 completed due to: ENV_DONE. Reward is 1.0. 
[0m
[32mTrajectory 7 completed due to: ENV_DONE. Reward is 1.0. 
[0m
[32mTrajectory 3 completed due to: ENV_DONE. Reward is 1.0. 
[0m
[32mTrajectory 2 completed due to: ENV_DONE. Reward is 1.0. 
[0m
[36mNumber of Trajectories 1/8 completed[0m
[36mNumber of Trajectories 2/8 completed[0m
[36mNumber of Trajectories 3/8 completed[0m
[36mNumber of Trajectories 4/8 completed[0m
[36mNumber of Trajectories 5/8 completed[0m
[36mNumber of Trajectories 6/8 completed[0m
[36mNumber of Trajectories 7/8 completed[0m
[36mNumber of Trajectories 8/8 completed[0m
step:32 - grouping/num_groups:1 - grouping/num_samples:8 - advantage/mean:0.0 - advantage/std:0.0 - loss/grad_norm:0.0 - loss/policy:0.0 - policy/ratio_mean:0.9874817132949829 - time/sample:6.80137038230896 - time/train:29.634397745132446 - time/total:36.44229555130005 - reward/mean:1.0 - reward/max:1.0 - reward/min:1.0 - batch/num_episodes:1 - distributed/num_processes:3 - distributed/rank:0
[33mTrajectory 0 completed due to: TRUNCATION. Reward is 0.0. 
[0m
[33mTrajectory 6 completed due to: TRUNCATION. Reward is 0.0. 
[0m
[32mTrajectory 1 completed due to: ENV_DONE. Reward is 1.0. 
[0m
[33mTrajectory 5 completed due to: TRUNCATION. Reward is 0.0. 
[0m
[33mTrajectory 4 completed due to: TRUNCATION. Reward is 0.0. 
[0m
[33mTrajectory 7 completed due to: TRUNCATION. Reward is 0.0. 
[0m
[32mTrajectory 3 completed due to: ENV_DONE. Reward is 1.0. 
[0m
[33mTrajectory 2 completed due to: TRUNCATION. Reward is 0.0. 
[0m
[36mNumber of Trajectories 1/8 completed[0m
[36mNumber of Trajectories 2/8 completed[0m
[36mNumber of Trajectories 3/8 completed[0m
[36mNumber of Trajectories 4/8 completed[0m
[36mNumber of Trajectories 5/8 completed[0m
[36mNumber of Trajectories 6/8 completed[0m
[36mNumber of Trajectories 7/8 completed[0m
[36mNumber of Trajectories 8/8 completed[0m
[32mTrajectory 7 completed due to: ENV_DONE. Reward is 1.0. 
[0m
[32mTrajectory 2 completed due to: ENV_DONE. Reward is 1.0. 
[0m
[32mTrajectory 4 completed due to: ENV_DONE. Reward is 1.0. 
[0m
[32mTrajectory 0 completed due to: ENV_DONE. Reward is 1.0. 
[0m
[32mTrajectory 6 completed due to: ENV_DONE. Reward is 1.0. 
[0m
[32mTrajectory 1 completed due to: ENV_DONE. Reward is 1.0. 
[0m
[32mTrajectory 3 completed due to: ENV_DONE. Reward is 1.0. 
[0m
[32mTrajectory 5 completed due to: ENV_DONE. Reward is 1.0. 
[0m
[36mNumber of Trajectories 1/8 completed[0m
[36mNumber of Trajectories 2/8 completed[0m
[36mNumber of Trajectories 3/8 completed[0m
[36mNumber of Trajectories 4/8 completed[0m
[36mNumber of Trajectories 5/8 completed[0m
[36mNumber of Trajectories 6/8 completed[0m
[36mNumber of Trajectories 7/8 completed[0m
[36mNumber of Trajectories 8/8 completed[0m
[32mTrajectory 1 completed due to: ENV_DONE. Reward is 1.0. 
[0m
[32mTrajectory 5 completed due to: ENV_DONE. Reward is 1.0. 
[0m
[32mTrajectory 0 completed due to: ENV_DONE. Reward is 1.0. 
[0m
[32mTrajectory 6 completed due to: ENV_DONE. Reward is 1.0. 
[0m
[32mTrajectory 4 completed due to: ENV_DONE. Reward is 1.0. 
[0m
[32mTrajectory 3 completed due to: ENV_DONE. Reward is 1.0. 
[0m
[32mTrajectory 7 completed due to: TRUNCATION. Reward is 1.0. 
[0m
[32mTrajectory 2 completed due to: ENV_DONE. Reward is 1.0. 
[0m
[36mNumber of Trajectories 1/8 completed[0m
[36mNumber of Trajectories 2/8 completed[0m
[36mNumber of Trajectories 3/8 completed[0m
[36mNumber of Trajectories 4/8 completed[0m
[36mNumber of Trajectories 5/8 completed[0m
[36mNumber of Trajectories 6/8 completed[0m
[36mNumber of Trajectories 7/8 completed[0m
[36mNumber of Trajectories 8/8 completed[0m
step:33 - grouping/num_groups:1 - grouping/num_samples:8 - advantage/mean:0.0 - advantage/std:0.33071891388307384 - loss/grad_norm:0.265625 - loss/policy:-0.12214086204767227 - policy/ratio_mean:0.9860549569129944 - time/sample:61.412413358688354 - time/train:4.767136335372925 - time/total:66.18642926216125 - reward/mean:0.7083333730697632 - reward/max:1.0 - reward/min:0.0 - batch/num_episodes:1 - distributed/num_processes:3 - distributed/rank:0
[32mTrajectory 0 completed due to: ENV_DONE. Reward is 1.0. 
[0m
[33mTrajectory 6 completed due to: TRUNCATION. Reward is 0.0. 
[0m
[32mTrajectory 1 completed due to: TRUNCATION. Reward is 1.0. 
[0m
[32mTrajectory 5 completed due to: ENV_DONE. Reward is 1.0. 
[0m
[32mTrajectory 4 completed due to: ENV_DONE. Reward is 1.0. 
[0m
[32mTrajectory 7 completed due to: ENV_DONE. Reward is 1.0. 
[0m
[32mTrajectory 3 completed due to: ENV_DONE. Reward is 1.0. 
[0m
[32mTrajectory 2 completed due to: ENV_DONE. Reward is 1.0. 
[0m
[36mNumber of Trajectories 1/8 completed[0m
[36mNumber of Trajectories 2/8 completed[0m
[36mNumber of Trajectories 3/8 completed[0m
[36mNumber of Trajectories 4/8 completed[0m
[36mNumber of Trajectories 5/8 completed[0m
[36mNumber of Trajectories 6/8 completed[0m
[36mNumber of Trajectories 7/8 completed[0m
[36mNumber of Trajectories 8/8 completed[0m
[32mTrajectory 1 completed due to: ENV_DONE. Reward is 1.0. 
[0m
[32mTrajectory 5 completed due to: ENV_DONE. Reward is 1.0. 
[0m
[32mTrajectory 0 completed due to: ENV_DONE. Reward is 1.0. 
[0m
[32mTrajectory 6 completed due to: ENV_DONE. Reward is 1.0. 
[0m
[32mTrajectory 4 completed due to: ENV_DONE. Reward is 1.0. 
[0m
[32mTrajectory 3 completed due to: ENV_DONE. Reward is 1.0. 
[0m
[33mTrajectory 7 completed due to: TRUNCATION. Reward is 0.0. 
[0m
[36mNumber of Trajectories 1/8 completed[0m
[36mNumber of Trajectories 2/8 completed[0m
[36mNumber of Trajectories 3/8 completed[0m
[36mNumber of Trajectories 4/8 completed[0m
[32mTrajectory 2 completed due to: ENV_DONE. Reward is 1.0. 
[0m
[36mNumber of Trajectories 5/8 completed[0m
[36mNumber of Trajectories 6/8 completed[0m
[36mNumber of Trajectories 7/8 completed[0m
[36mNumber of Trajectories 8/8 completed[0m
[33mTrajectory 7 completed due to: TRUNCATION. Reward is 0.0. 
[0m
[33mTrajectory 2 completed due to: TRUNCATION. Reward is 0.0. 
[0m
[33mTrajectory 4 completed due to: TRUNCATION. Reward is 0.0. 
[0m
[33mTrajectory 0 completed due to: TRUNCATION. Reward is 0.0. 
[0m
[33mTrajectory 6 completed due to: TRUNCATION. Reward is 0.0. 
[0m
[33mTrajectory 1 completed due to: TRUNCATION. Reward is 0.0. 
[0m
[33mTrajectory 3 completed due to: TRUNCATION. Reward is 0.0. 
[0m
[33mTrajectory 5 completed due to: TRUNCATION. Reward is 0.0. 
[0m
[36mNumber of Trajectories 1/8 completed[0m
[36mNumber of Trajectories 2/8 completed[0m
[36mNumber of Trajectories 3/8 completed[0m
[36mNumber of Trajectories 4/8 completed[0m
[36mNumber of Trajectories 5/8 completed[0m
[36mNumber of Trajectories 6/8 completed[0m
[36mNumber of Trajectories 7/8 completed[0m
[36mNumber of Trajectories 8/8 completed[0m
step:34 - grouping/num_groups:1 - grouping/num_samples:8 - advantage/mean:0.0 - advantage/std:0.33071891388307384 - loss/grad_norm:0.3046875 - loss/policy:-0.12244528532028198 - policy/ratio_mean:0.9872257709503174 - time/sample:55.41090631484985 - time/train:36.39964485168457 - time/total:91.81850528717041 - reward/mean:0.5416666865348816 - reward/max:1.0 - reward/min:0.0 - batch/num_episodes:1 - distributed/num_processes:3 - distributed/rank:0
[33mTrajectory 1 completed due to: ENV_DONE. Reward is 0.0. 
[0m
[33mTrajectory 5 completed due to: ENV_DONE. Reward is 0.0. 
[0m
[33mTrajectory 0 completed due to: ENV_DONE. Reward is 0.0. 
[0m
[33mTrajectory 6 completed due to: ENV_DONE. Reward is 0.0. 
[0m
[33mTrajectory 4 completed due to: ENV_DONE. Reward is 0.0. 
[0m
[33mTrajectory 3 completed due to: ENV_DONE. Reward is 0.0. 
[0m
[33mTrajectory 7 completed due to: ENV_DONE. Reward is 0.0. 
[0m
[36mNumber of Trajectories 1/8 completed[0m
[36mNumber of Trajectories 2/8 completed[0m
[36mNumber of Trajectories 3/8 completed[0m
[33mTrajectory 2 completed due to: ENV_DONE. Reward is 0.0. 
[0m
[36mNumber of Trajectories 4/8 completed[0m
[36mNumber of Trajectories 5/8 completed[0m
[36mNumber of Trajectories 6/8 completed[0m
[36mNumber of Trajectories 7/8 completed[0m
[36mNumber of Trajectories 8/8 completed[0m
[32mTrajectory 0 completed due to: ENV_DONE. Reward is 1.0. 
[0m
[32mTrajectory 6 completed due to: ENV_DONE. Reward is 1.0. 
[0m
[32mTrajectory 1 completed due to: ENV_DONE. Reward is 1.0. 
[0m
[32mTrajectory 5 completed due to: ENV_DONE. Reward is 1.0. 
[0m
[33mTrajectory 4 completed due to: TRUNCATION. Reward is 0.0. 
[0m
[33mTrajectory 7 completed due to: TRUNCATION. Reward is 0.0. 
[0m
[33mTrajectory 3 completed due to: TRUNCATION. Reward is 0.0. 
[0m
[36mNumber of Trajectories 1/8 completed[0m
[36mNumber of Trajectories 2/8 completed[0m
[36mNumber of Trajectories 3/8 completed[0m
[36mNumber of Trajectories 4/8 completed[0m
[33mTrajectory 2 completed due to: TRUNCATION. Reward is 0.0. 
[0m
[36mNumber of Trajectories 5/8 completed[0m
[36mNumber of Trajectories 6/8 completed[0m
[36mNumber of Trajectories 7/8 completed[0m
[36mNumber of Trajectories 8/8 completed[0m
[33mTrajectory 7 completed due to: TRUNCATION. Reward is 0.0. 
[0m
[33mTrajectory 2 completed due to: TRUNCATION. Reward is 0.0. 
[0m
[33mTrajectory 4 completed due to: TRUNCATION. Reward is 0.0. 
[0m
[33mTrajectory 0 completed due to: TRUNCATION. Reward is 0.0. 
[0m
[33mTrajectory 6 completed due to: TRUNCATION. Reward is 0.0. 
[0m
[33mTrajectory 1 completed due to: TRUNCATION. Reward is 0.0. 
[0m
[33mTrajectory 3 completed due to: TRUNCATION. Reward is 0.0. 
[0m
[33mTrajectory 5 completed due to: TRUNCATION. Reward is 0.0. 
[0m
[36mNumber of Trajectories 1/8 completed[0m
[36mNumber of Trajectories 2/8 completed[0m
[36mNumber of Trajectories 3/8 completed[0m
[36mNumber of Trajectories 4/8 completed[0m
[36mNumber of Trajectories 5/8 completed[0m
[36mNumber of Trajectories 6/8 completed[0m
[36mNumber of Trajectories 7/8 completed[0m
[36mNumber of Trajectories 8/8 completed[0m
step:35 - grouping/num_groups:1 - grouping/num_samples:8 - advantage/mean:0.0 - advantage/std:0.0 - loss/grad_norm:0.478515625 - loss/policy:0.0 - policy/ratio_mean:0.9883602261543274 - time/sample:36.74805521965027 - time/train:36.952670097351074 - time/total:73.70640420913696 - reward/mean:0.1666666716337204 - reward/max:0.0 - reward/min:0.0 - batch/num_episodes:1 - distributed/num_processes:3 - distributed/rank:0
[32mTrajectory 1 completed due to: ENV_DONE. Reward is 1.0. 
[0m
[32mTrajectory 5 completed due to: ENV_DONE. Reward is 1.0. 
[0m
[32mTrajectory 0 completed due to: ENV_DONE. Reward is 1.0. 
[0m
[32mTrajectory 6 completed due to: ENV_DONE. Reward is 1.0. 
[0m
[32mTrajectory 4 completed due to: ENV_DONE. Reward is 1.0. 
[0m
[32mTrajectory 3 completed due to: ENV_DONE. Reward is 1.0. 
[0m
[32mTrajectory 7 completed due to: ENV_DONE. Reward is 1.0. 
[0m
[32mTrajectory 2 completed due to: ENV_DONE. Reward is 1.0. 
[0m
[36mNumber of Trajectories 1/8 completed[0m
[36mNumber of Trajectories 2/8 completed[0m
[36mNumber of Trajectories 3/8 completed[0m
[36mNumber of Trajectories 4/8 completed[0m
[36mNumber of Trajectories 5/8 completed[0m
[36mNumber of Trajectories 6/8 completed[0m
[36mNumber of Trajectories 7/8 completed[0m
[36mNumber of Trajectories 8/8 completed[0m
[32mTrajectory 0 completed due to: ENV_DONE. Reward is 1.0. 
[0m
[32mTrajectory 6 completed due to: ENV_DONE. Reward is 1.0. 
[0m
[32mTrajectory 1 completed due to: ENV_DONE. Reward is 1.0. 
[0m
[32mTrajectory 5 completed due to: ENV_DONE. Reward is 1.0. 
[0m
[32mTrajectory 4 completed due to: ENV_DONE. Reward is 1.0. 
[0m
[32mTrajectory 7 completed due to: ENV_DONE. Reward is 1.0. 
[0m
[32mTrajectory 3 completed due to: ENV_DONE. Reward is 1.0. 
[0m
[36mNumber of Trajectories 1/8 completed[0m
[36mNumber of Trajectories 2/8 completed[0m
[36mNumber of Trajectories 3/8 completed[0m
[32mTrajectory 2 completed due to: ENV_DONE. Reward is 1.0. 
[0m
[36mNumber of Trajectories 4/8 completed[0m
[36mNumber of Trajectories 5/8 completed[0m
[36mNumber of Trajectories 6/8 completed[0m
[36mNumber of Trajectories 7/8 completed[0m
[36mNumber of Trajectories 8/8 completed[0m
[33mTrajectory 7 completed due to: TRUNCATION. Reward is 0.0. 
[0m
[33mTrajectory 2 completed due to: ENV_DONE. Reward is 0.0. 
[0m
[33mTrajectory 4 completed due to: TRUNCATION. Reward is 0.0. 
[0m
[32mTrajectory 0 completed due to: ENV_DONE. Reward is 1.0. 
[0m
[33mTrajectory 6 completed due to: TRUNCATION. Reward is 0.0. 
[0m
[33mTrajectory 1 completed due to: TRUNCATION. Reward is 0.0. 
[0m
[33mTrajectory 3 completed due to: TRUNCATION. Reward is 0.0. 
[0m
[33mTrajectory 5 completed due to: TRUNCATION. Reward is 0.0. 
[0m
[36mNumber of Trajectories 1/8 completed[0m
[36mNumber of Trajectories 2/8 completed[0m
[36mNumber of Trajectories 3/8 completed[0m
[36mNumber of Trajectories 4/8 completed[0m
[36mNumber of Trajectories 5/8 completed[0m
[36mNumber of Trajectories 6/8 completed[0m
[36mNumber of Trajectories 7/8 completed[0m
[36mNumber of Trajectories 8/8 completed[0m
step:36 - grouping/num_groups:1 - grouping/num_samples:8 - advantage/mean:0.0 - advantage/std:0.0 - loss/grad_norm:0.10498046875 - loss/policy:0.0 - policy/ratio_mean:0.9918859004974365 - time/sample:11.43390417098999 - time/train:42.281414270401 - time/total:53.72276520729065 - reward/mean:0.7083333730697632 - reward/max:1.0 - reward/min:1.0 - batch/num_episodes:1 - distributed/num_processes:3 - distributed/rank:0
[32mTrajectory 4 completed due to: ENV_DONE. Reward is 1.0. 
[0m
[33mTrajectory 0 completed due to: TRUNCATION. Reward is 0.0. 
[0m
[32mTrajectory 5 completed due to: ENV_DONE. Reward is 1.0. 
[0m
[32mTrajectory 1 completed due to: ENV_DONE. Reward is 1.0. 
[0m
[32mTrajectory 2 completed due to: ENV_DONE. Reward is 1.0. 
[0m
[32mTrajectory 7 completed due to: ENV_DONE. Reward is 1.0. 
[0m
[32mTrajectory 3 completed due to: ENV_DONE. Reward is 1.0. 
[0m
[32mTrajectory 6 completed due to: ENV_DONE. Reward is 1.0. 
[0m
[36mNumber of Trajectories 1/8 completed[0m
[36mNumber of Trajectories 2/8 completed[0m
[36mNumber of Trajectories 3/8 completed[0m
[36mNumber of Trajectories 4/8 completed[0m
[36mNumber of Trajectories 5/8 completed[0m
[36mNumber of Trajectories 6/8 completed[0m
[36mNumber of Trajectories 7/8 completed[0m
[36mNumber of Trajectories 8/8 completed[0m
[33mTrajectory 7 completed due to: TRUNCATION. Reward is 0.0. 
[0m
[33mTrajectory 2 completed due to: TRUNCATION. Reward is 0.0. 
[0m
[33mTrajectory 4 completed due to: TRUNCATION. Reward is 0.0. 
[0m
[33mTrajectory 0 completed due to: TRUNCATION. Reward is 0.0. 
[0m
[33mTrajectory 6 completed due to: TRUNCATION. Reward is 0.0. 
[0m
[33mTrajectory 1 completed due to: TRUNCATION. Reward is 0.0. 
[0m
[33mTrajectory 3 completed due to: TRUNCATION. Reward is 0.0. 
[0m
[33mTrajectory 5 completed due to: TRUNCATION. Reward is 0.0. 
[0m
[36mNumber of Trajectories 1/8 completed[0m
[36mNumber of Trajectories 2/8 completed[0m
[36mNumber of Trajectories 3/8 completed[0m
[36mNumber of Trajectories 4/8 completed[0m
[36mNumber of Trajectories 5/8 completed[0m
[36mNumber of Trajectories 6/8 completed[0m
[36mNumber of Trajectories 7/8 completed[0m
[36mNumber of Trajectories 8/8 completed[0m
[33mTrajectory 0 completed due to: ENV_DONE. Reward is 0.0. 
[0m
[33mTrajectory 1 completed due to: ENV_DONE. Reward is 0.0. 
[0m
[33mTrajectory 6 completed due to: ENV_DONE. Reward is 0.0. 
[0m
[33mTrajectory 5 completed due to: ENV_DONE. Reward is 0.0. 
[0m
[33mTrajectory 4 completed due to: ENV_DONE. Reward is 0.0. 
[0m
[33mTrajectory 3 completed due to: ENV_DONE. Reward is 0.0. 
[0m
[33mTrajectory 2 completed due to: ENV_DONE. Reward is 0.0. 
[0m
[33mTrajectory 7 completed due to: ENV_DONE. Reward is 0.0. 
[0m
[36mNumber of Trajectories 1/8 completed[0m
[36mNumber of Trajectories 2/8 completed[0m
[36mNumber of Trajectories 3/8 completed[0m
[36mNumber of Trajectories 4/8 completed[0m
[36mNumber of Trajectories 5/8 completed[0m
[36mNumber of Trajectories 6/8 completed[0m
[36mNumber of Trajectories 7/8 completed[0m
[36mNumber of Trajectories 8/8 completed[0m
step:37 - grouping/num_groups:1 - grouping/num_samples:8 - advantage/mean:0.0 - advantage/std:0.33071891388307384 - loss/grad_norm:0.1708984375 - loss/policy:-0.12036069482564926 - policy/ratio_mean:0.9741615056991577 - time/sample:24.6162166595459 - time/train:55.60882902145386 - time/total:80.23156881332397 - reward/mean:0.2916666865348816 - reward/max:1.0 - reward/min:0.0 - batch/num_episodes:1 - distributed/num_processes:3 - distributed/rank:0
[32mTrajectory 7 completed due to: ENV_DONE. Reward is 1.0. 
[0m
[32mTrajectory 2 completed due to: ENV_DONE. Reward is 1.0. 
[0m
[32mTrajectory 4 completed due to: ENV_DONE. Reward is 1.0. 
[0m
[32mTrajectory 0 completed due to: ENV_DONE. Reward is 1.0. 
[0m
[32mTrajectory 6 completed due to: ENV_DONE. Reward is 1.0. 
[0m
[32mTrajectory 1 completed due to: ENV_DONE. Reward is 1.0. 
[0m
[32mTrajectory 3 completed due to: ENV_DONE. Reward is 1.0. 
[0m
[32mTrajectory 5 completed due to: ENV_DONE. Reward is 1.0. 
[0m
[36mNumber of Trajectories 1/8 completed[0m
[36mNumber of Trajectories 2/8 completed[0m
[36mNumber of Trajectories 3/8 completed[0m
[36mNumber of Trajectories 4/8 completed[0m
[36mNumber of Trajectories 5/8 completed[0m
[36mNumber of Trajectories 6/8 completed[0m
[36mNumber of Trajectories 7/8 completed[0m
[36mNumber of Trajectories 8/8 completed[0m
[32mTrajectory 4 completed due to: ENV_DONE. Reward is 1.0. 
[0m
[32mTrajectory 0 completed due to: ENV_DONE. Reward is 1.0. 
[0m
[32mTrajectory 5 completed due to: ENV_DONE. Reward is 1.0. 
[0m
[32mTrajectory 1 completed due to: ENV_DONE. Reward is 1.0. 
[0m
[32mTrajectory 2 completed due to: ENV_DONE. Reward is 1.0. 
[0m
[32mTrajectory 7 completed due to: ENV_DONE. Reward is 1.0. 
[0m
[32mTrajectory 3 completed due to: ENV_DONE. Reward is 1.0. 
[0m
[32mTrajectory 6 completed due to: ENV_DONE. Reward is 1.0. 
[0m
[36mNumber of Trajectories 1/8 completed[0m
[36mNumber of Trajectories 2/8 completed[0m
[36mNumber of Trajectories 3/8 completed[0m
[36mNumber of Trajectories 4/8 completed[0m
[36mNumber of Trajectories 5/8 completed[0m
[36mNumber of Trajectories 6/8 completed[0m
[36mNumber of Trajectories 7/8 completed[0m
[36mNumber of Trajectories 8/8 completed[0m
[32mTrajectory 0 completed due to: ENV_DONE. Reward is 1.0. 
[0m
[32mTrajectory 6 completed due to: ENV_DONE. Reward is 1.0. 
[0m
[32mTrajectory 1 completed due to: ENV_DONE. Reward is 1.0. 
[0m
[32mTrajectory 5 completed due to: ENV_DONE. Reward is 1.0. 
[0m
[32mTrajectory 4 completed due to: ENV_DONE. Reward is 1.0. 
[0m
[32mTrajectory 7 completed due to: ENV_DONE. Reward is 1.0. 
[0m
[32mTrajectory 3 completed due to: ENV_DONE. Reward is 1.0. 
[0m
[32mTrajectory 2 completed due to: ENV_DONE. Reward is 1.0. 
[0m
[36mNumber of Trajectories 1/8 completed[0m
[36mNumber of Trajectories 2/8 completed[0m
[36mNumber of Trajectories 3/8 completed[0m
[36mNumber of Trajectories 4/8 completed[0m
[36mNumber of Trajectories 5/8 completed[0m
[36mNumber of Trajectories 6/8 completed[0m
[36mNumber of Trajectories 7/8 completed[0m
[36mNumber of Trajectories 8/8 completed[0m
step:38 - grouping/num_groups:1 - grouping/num_samples:8 - advantage/mean:0.0 - advantage/std:0.0 - loss/grad_norm:0.0 - loss/policy:0.0 - policy/ratio_mean:0.9920843243598938 - time/sample:22.03923511505127 - time/train:8.509420394897461 - time/total:30.555936098098755 - reward/mean:1.0 - reward/max:1.0 - reward/min:1.0 - batch/num_episodes:1 - distributed/num_processes:3 - distributed/rank:0
[32mTrajectory 0 completed due to: ENV_DONE. Reward is 1.0. 
[0m
[32mTrajectory 6 completed due to: ENV_DONE. Reward is 1.0. 
[0m
[32mTrajectory 1 completed due to: ENV_DONE. Reward is 1.0. 
[0m
[32mTrajectory 5 completed due to: TRUNCATION. Reward is 1.0. 
[0m
[32mTrajectory 4 completed due to: ENV_DONE. Reward is 1.0. 
[0m
[32mTrajectory 7 completed due to: ENV_DONE. Reward is 1.0. 
[0m
[32mTrajectory 3 completed due to: ENV_DONE. Reward is 1.0. 
[0m
[33mTrajectory 2 completed due to: TRUNCATION. Reward is 0.0. 
[0m
[36mNumber of Trajectories 1/8 completed[0m
[36mNumber of Trajectories 2/8 completed[0m
[36mNumber of Trajectories 3/8 completed[0m
[36mNumber of Trajectories 4/8 completed[0m
[36mNumber of Trajectories 5/8 completed[0m
[36mNumber of Trajectories 6/8 completed[0m
[36mNumber of Trajectories 7/8 completed[0m
[36mNumber of Trajectories 8/8 completed[0m
[32mTrajectory 7 completed due to: ENV_DONE. Reward is 1.0. 
[0m
[32mTrajectory 2 completed due to: ENV_DONE. Reward is 1.0. 
[0m
[32mTrajectory 4 completed due to: ENV_DONE. Reward is 1.0. 
[0m
[32mTrajectory 0 completed due to: ENV_DONE. Reward is 1.0. 
[0m
[32mTrajectory 6 completed due to: ENV_DONE. Reward is 1.0. 
[0m
[32mTrajectory 1 completed due to: ENV_DONE. Reward is 1.0. 
[0m
[32mTrajectory 3 completed due to: ENV_DONE. Reward is 1.0. 
[0m
[32mTrajectory 5 completed due to: ENV_DONE. Reward is 1.0. 
[0m
[36mNumber of Trajectories 1/8 completed[0m
[36mNumber of Trajectories 2/8 completed[0m
[36mNumber of Trajectories 3/8 completed[0m
[36mNumber of Trajectories 4/8 completed[0m
[36mNumber of Trajectories 5/8 completed[0m
[36mNumber of Trajectories 6/8 completed[0m
[36mNumber of Trajectories 7/8 completed[0m
[36mNumber of Trajectories 8/8 completed[0m
[32mTrajectory 4 completed due to: TRUNCATION. Reward is 1.0. 
[0m
[32mTrajectory 0 completed due to: ENV_DONE. Reward is 1.0. 
[0m
[32mTrajectory 5 completed due to: ENV_DONE. Reward is 1.0. 
[0m
[32mTrajectory 1 completed due to: ENV_DONE. Reward is 1.0. 
[0m
[33mTrajectory 2 completed due to: TRUNCATION. Reward is 0.0. 
[0m
[32mTrajectory 7 completed due to: ENV_DONE. Reward is 1.0. 
[0m
[32mTrajectory 3 completed due to: ENV_DONE. Reward is 1.0. 
[0m
[36mNumber of Trajectories 1/8 completed[0m
[36mNumber of Trajectories 2/8 completed[0m
[36mNumber of Trajectories 3/8 completed[0m
[36mNumber of Trajectories 4/8 completed[0m
[36mNumber of Trajectories 5/8 completed[0m
[36mNumber of Trajectories 6/8 completed[0m
[36mNumber of Trajectories 7/8 completed[0m
[33mTrajectory 6 completed due to: TRUNCATION. Reward is 0.0. 
[0m
[36mNumber of Trajectories 8/8 completed[0m
step:39 - grouping/num_groups:1 - grouping/num_samples:8 - advantage/mean:0.0 - advantage/std:0.4841229182759271 - loss/grad_norm:0.82421875 - loss/policy:0.6185100078582764 - policy/ratio_mean:0.986240029335022 - time/sample:69.29677248001099 - time/train:4.730506420135498 - time/total:74.03304982185364 - reward/mean:0.7916666865348816 - reward/max:1.0 - reward/min:0.0 - batch/num_episodes:1 - distributed/num_processes:3 - distributed/rank:0
[33mTrajectory 4 completed due to: ENV_DONE. Reward is 0.0. 
[0m
[33mTrajectory 3 completed due to: ENV_DONE. Reward is 0.0. 
[0m
[33mTrajectory 5 completed due to: ENV_DONE. Reward is 0.0. 
[0m
[33mTrajectory 2 completed due to: ENV_DONE. Reward is 0.0. 
[0m
[36mNumber of Trajectories 1/8 completed[0m
[33mTrajectory 1 completed due to: ENV_DONE. Reward is 0.0. 
[0m
[36mNumber of Trajectories 2/8 completed[0m
[33mTrajectory 6 completed due to: ENV_DONE. Reward is 0.0. 
[0m
[33mTrajectory 0 completed due to: ENV_DONE. Reward is 0.0. 
[0m
[36mNumber of Trajectories 3/8 completed[0m
[36mNumber of Trajectories 4/8 completed[0m
[33mTrajectory 7 completed due to: ENV_DONE. Reward is 0.0. 
[0m
[36mNumber of Trajectories 5/8 completed[0m
[36mNumber of Trajectories 6/8 completed[0m
[36mNumber of Trajectories 7/8 completed[0m
[36mNumber of Trajectories 8/8 completed[0m
[32mTrajectory 7 completed due to: ENV_DONE. Reward is 1.0. 
[0m
[32mTrajectory 2 completed due to: ENV_DONE. Reward is 1.0. 
[0m
[32mTrajectory 4 completed due to: ENV_DONE. Reward is 1.0. 
[0m
[32mTrajectory 0 completed due to: ENV_DONE. Reward is 1.0. 
[0m
[32mTrajectory 6 completed due to: ENV_DONE. Reward is 1.0. 
[0m
[32mTrajectory 1 completed due to: ENV_DONE. Reward is 1.0. 
[0m
[32mTrajectory 3 completed due to: ENV_DONE. Reward is 1.0. 
[0m
[32mTrajectory 5 completed due to: ENV_DONE. Reward is 1.0. 
[0m
[36mNumber of Trajectories 1/8 completed[0m
[36mNumber of Trajectories 2/8 completed[0m
[36mNumber of Trajectories 3/8 completed[0m
[36mNumber of Trajectories 4/8 completed[0m
[36mNumber of Trajectories 5/8 completed[0m
[36mNumber of Trajectories 6/8 completed[0m
[36mNumber of Trajectories 7/8 completed[0m
[36mNumber of Trajectories 8/8 completed[0m
[33mTrajectory 0 completed due to: TRUNCATION. Reward is 0.0. 
[0m
[32mTrajectory 6 completed due to: ENV_DONE. Reward is 1.0. 
[0m
[33mTrajectory 1 completed due to: TRUNCATION. Reward is 0.0. 
[0m
[32mTrajectory 5 completed due to: ENV_DONE. Reward is 1.0. 
[0m
[33mTrajectory 4 completed due to: TRUNCATION. Reward is 0.0. 
[0m
[33mTrajectory 7 completed due to: TRUNCATION. Reward is 0.0. 
[0m
[33mTrajectory 3 completed due to: TRUNCATION. Reward is 0.0. 
[0m
[33mTrajectory 2 completed due to: TRUNCATION. Reward is 0.0. 
[0m
[36mNumber of Trajectories 1/8 completed[0m
[36mNumber of Trajectories 2/8 completed[0m
[36mNumber of Trajectories 3/8 completed[0m
[36mNumber of Trajectories 4/8 completed[0m
[36mNumber of Trajectories 5/8 completed[0m
[36mNumber of Trajectories 6/8 completed[0m
[36mNumber of Trajectories 7/8 completed[0m
[36mNumber of Trajectories 8/8 completed[0m
step:40 - grouping/num_groups:1 - grouping/num_samples:8 - advantage/mean:0.0 - advantage/std:0.0 - loss/grad_norm:0.259765625 - loss/policy:0.0 - policy/ratio_mean:0.9946860074996948 - time/sample:8.087053298950195 - time/train:49.4385449886322 - time/total:57.533398389816284 - reward/mean:0.4166666865348816 - reward/max:0.0 - reward/min:0.0 - batch/num_episodes:1 - distributed/num_processes:3 - distributed/rank:0
[33mTrajectory 5 completed due to: TRUNCATION. Reward is 0.0. 
[0m
[33mTrajectory 0 completed due to: TRUNCATION. Reward is 0.0. 
[0m
[33mTrajectory 4 completed due to: TRUNCATION. Reward is 0.0. 
[0m
[33mTrajectory 3 completed due to: TRUNCATION. Reward is 0.0. 
[0m
[33mTrajectory 6 completed due to: TRUNCATION. Reward is 0.0. 
[0m
[32mTrajectory 2 completed due to: ENV_DONE. Reward is 1.0. 
[0m
[33mTrajectory 1 completed due to: TRUNCATION. Reward is 0.0. 
[0m
[32mTrajectory 7 completed due to: ENV_DONE. Reward is 1.0. 
[0m
[36mNumber of Trajectories 1/8 completed[0m
[36mNumber of Trajectories 2/8 completed[0m
[36mNumber of Trajectories 3/8 completed[0m
[36mNumber of Trajectories 4/8 completed[0m
[36mNumber of Trajectories 5/8 completed[0m
[36mNumber of Trajectories 6/8 completed[0m
[36mNumber of Trajectories 7/8 completed[0m
[36mNumber of Trajectories 8/8 completed[0m
[32mTrajectory 0 completed due to: ENV_DONE. Reward is 1.0. 
[0m
[32mTrajectory 4 completed due to: ENV_DONE. Reward is 1.0. 
[0m
[32mTrajectory 5 completed due to: ENV_DONE. Reward is 1.0. 
[0m
[32mTrajectory 3 completed due to: ENV_DONE. Reward is 1.0. 
[0m
[33mTrajectory 7 completed due to: TRUNCATION. Reward is 0.0. 
[0m
[33mTrajectory 2 completed due to: TRUNCATION. Reward is 0.0. 
[0m
[33mTrajectory 6 completed due to: TRUNCATION. Reward is 0.0. 
[0m
[33mTrajectory 1 completed due to: TRUNCATION. Reward is 0.0. 
[0m
[36mNumber of Trajectories 1/8 completed[0m
[36mNumber of Trajectories 2/8 completed[0m
[36mNumber of Trajectories 3/8 completed[0m
[36mNumber of Trajectories 4/8 completed[0m
[36mNumber of Trajectories 5/8 completed[0m
[36mNumber of Trajectories 6/8 completed[0m
[36mNumber of Trajectories 7/8 completed[0m
[36mNumber of Trajectories 8/8 completed[0m
[33mTrajectory 6 completed due to: TRUNCATION. Reward is 0.0. 
[0m
[33mTrajectory 1 completed due to: ENV_DONE. Reward is 0.0. 
[0m
[32mTrajectory 3 completed due to: ENV_DONE. Reward is 1.0. 
[0m
[33mTrajectory 5 completed due to: TRUNCATION. Reward is 0.0. 
[0m
[33mTrajectory 0 completed due to: TRUNCATION. Reward is 0.0. 
[0m
[33mTrajectory 2 completed due to: TRUNCATION. Reward is 0.0. 
[0m
[32mTrajectory 7 completed due to: TRUNCATION. Reward is 1.0. 
[0m
[36mNumber of Trajectories 1/8 completed[0m
[36mNumber of Trajectories 2/8 completed[0m
[36mNumber of Trajectories 3/8 completed[0m
[36mNumber of Trajectories 4/8 completed[0m
[36mNumber of Trajectories 5/8 completed[0m
[36mNumber of Trajectories 6/8 completed[0m
[36mNumber of Trajectories 7/8 completed[0m
[33mTrajectory 4 completed due to: TRUNCATION. Reward is 0.0. 
[0m
[36mNumber of Trajectories 8/8 completed[0m
[32mTrajectory 0 completed due to: ENV_DONE. Reward is 1.0. 
[0m
[33mTrajectory 1 completed due to: TRUNCATION. Reward is 0.0. 
[0m
[36mNumber of Trajectories 1/2 completed[0m
[36mNumber of Trajectories 2/2 completed[0m
[32mTrajectory 0 completed due to: ENV_DONE. Reward is 1.0. 
[0m
[33mTrajectory 1 completed due to: TRUNCATION. Reward is 0.0. 
[0m
[36mNumber of Trajectories 1/2 completed[0m
[36mNumber of Trajectories 2/2 completed[0m
[33mTrajectory 0 completed due to: TRUNCATION. Reward is 0.0. 
[0m
[33mTrajectory 1 completed due to: TRUNCATION. Reward is 0.0. 
[0m
[36mNumber of Trajectories 1/2 completed[0m
[36mNumber of Trajectories 2/2 completed[0m
step:40 - val/reward_mean:0.30000001192092896 - val/reward_std:0.5 - val/reward_min:0.0 - val/reward_max:1.0 - val/turns_mean:1.0
[32mTrajectory 0 completed due to: ENV_DONE. Reward is 1.0. 
[0m
[32mTrajectory 5 completed due to: ENV_DONE. Reward is 1.0. 
[0m
[32mTrajectory 1 completed due to: ENV_DONE. Reward is 1.0. 
[0m
[32mTrajectory 6 completed due to: ENV_DONE. Reward is 1.0. 
[0m
[32mTrajectory 3 completed due to: ENV_DONE. Reward is 1.0. 
[0m
[32mTrajectory 4 completed due to: ENV_DONE. Reward is 1.0. 
[0m
[32mTrajectory 2 completed due to: ENV_DONE. Reward is 1.0. 
[0m
[32mTrajectory 7 completed due to: ENV_DONE. Reward is 1.0. 
[0m
[36mNumber of Trajectories 1/8 completed[0m
[36mNumber of Trajectories 2/8 completed[0m
[36mNumber of Trajectories 3/8 completed[0m
[36mNumber of Trajectories 4/8 completed[0m
[36mNumber of Trajectories 5/8 completed[0m
[36mNumber of Trajectories 6/8 completed[0m
[36mNumber of Trajectories 7/8 completed[0m
[36mNumber of Trajectories 8/8 completed[0m
[33mTrajectory 7 completed due to: TRUNCATION. Reward is 0.0. 
[0m
[32mTrajectory 2 completed due to: ENV_DONE. Reward is 1.0. 
[0m
[32mTrajectory 3 completed due to: ENV_DONE. Reward is 1.0. 
[0m
[32mTrajectory 0 completed due to: ENV_DONE. Reward is 1.0. 
[0m
[32mTrajectory 5 completed due to: ENV_DONE. Reward is 1.0. 
[0m
[32mTrajectory 1 completed due to: ENV_DONE. Reward is 1.0. 
[0m
[32mTrajectory 4 completed due to: ENV_DONE. Reward is 1.0. 
[0m
[36mNumber of Trajectories 1/8 completed[0m
[36mNumber of Trajectories 2/8 completed[0m
[36mNumber of Trajectories 3/8 completed[0m
[32mTrajectory 6 completed due to: ENV_DONE. Reward is 1.0. 
[0m
[36mNumber of Trajectories 4/8 completed[0m
[36mNumber of Trajectories 5/8 completed[0m
[36mNumber of Trajectories 6/8 completed[0m
[36mNumber of Trajectories 7/8 completed[0m
[36mNumber of Trajectories 8/8 completed[0m
[32mTrajectory 5 completed due to: ENV_DONE. Reward is 1.0. 
[0m
[33mTrajectory 6 completed due to: ENV_DONE. Reward is 0.0. 
[0m
[33mTrajectory 7 completed due to: ENV_DONE. Reward is 0.0. 
[0m
[32mTrajectory 0 completed due to: ENV_DONE. Reward is 1.0. 
[0m
[32mTrajectory 1 completed due to: ENV_DONE. Reward is 1.0. 
[0m
[32mTrajectory 3 completed due to: ENV_DONE. Reward is 1.0. 
[0m
[33mTrajectory 2 completed due to: ENV_DONE. Reward is 0.0. 
[0m
[32mTrajectory 4 completed due to: ENV_DONE. Reward is 1.0. 
[0m
[36mNumber of Trajectories 1/8 completed[0m
[36mNumber of Trajectories 2/8 completed[0m
[36mNumber of Trajectories 3/8 completed[0m
[36mNumber of Trajectories 4/8 completed[0m
[36mNumber of Trajectories 5/8 completed[0m
[36mNumber of Trajectories 6/8 completed[0m
[36mNumber of Trajectories 7/8 completed[0m
[36mNumber of Trajectories 8/8 completed[0m
step:41 - grouping/num_groups:1 - grouping/num_samples:8 - advantage/mean:0.0 - advantage/std:0.4841229182759271 - loss/grad_norm:2.21875 - loss/policy:-0.365388959646225 - policy/ratio_mean:0.9900147318840027 - time/sample:34.52712631225586 - time/train:2.852851152420044 - time/total:37.4405882358551 - reward/mean:0.8333333730697632 - reward/max:1.0 - reward/min:0.0 - batch/num_episodes:1 - distributed/num_processes:3 - distributed/rank:0
[32mTrajectory 0 completed due to: ENV_DONE. Reward is 1.0. 
[0m
[32mTrajectory 6 completed due to: ENV_DONE. Reward is 1.0. 
[0m
[33mTrajectory 7 completed due to: TRUNCATION. Reward is 0.0. 
[0m
[32mTrajectory 5 completed due to: ENV_DONE. Reward is 1.0. 
[0m
[32mTrajectory 4 completed due to: ENV_DONE. Reward is 1.0. 
[0m
[32mTrajectory 2 completed due to: ENV_DONE. Reward is 1.0. 
[0m
[33mTrajectory 3 completed due to: TRUNCATION. Reward is 0.0. 
[0m
[36mNumber of Trajectories 1/8 completed[0m
[36mNumber of Trajectories 2/8 completed[0m
[36mNumber of Trajectories 3/8 completed[0m
[32mTrajectory 1 completed due to: ENV_DONE. Reward is 1.0. 
[0m
[36mNumber of Trajectories 4/8 completed[0m
[36mNumber of Trajectories 5/8 completed[0m
[36mNumber of Trajectories 6/8 completed[0m
[36mNumber of Trajectories 7/8 completed[0m
[36mNumber of Trajectories 8/8 completed[0m
[33mTrajectory 7 completed due to: ENV_DONE. Reward is 0.0. 
[0m
[33mTrajectory 2 completed due to: ENV_DONE. Reward is 0.0. 
[0m
[33mTrajectory 3 completed due to: ENV_DONE. Reward is 0.0. 
[0m
[33mTrajectory 0 completed due to: ENV_DONE. Reward is 0.0. 
[0m
[33mTrajectory 5 completed due to: ENV_DONE. Reward is 0.0. 
[0m
[33mTrajectory 1 completed due to: ENV_DONE. Reward is 0.0. 
[0m
[33mTrajectory 4 completed due to: ENV_DONE. Reward is 0.0. 
[0m
[33mTrajectory 6 completed due to: ENV_DONE. Reward is 0.0. 
[0m
[36mNumber of Trajectories 1/8 completed[0m
[36mNumber of Trajectories 2/8 completed[0m
[36mNumber of Trajectories 3/8 completed[0m
[36mNumber of Trajectories 4/8 completed[0m
[36mNumber of Trajectories 5/8 completed[0m
[36mNumber of Trajectories 6/8 completed[0m
[36mNumber of Trajectories 7/8 completed[0m
[36mNumber of Trajectories 8/8 completed[0m
[32mTrajectory 0 completed due to: ENV_DONE. Reward is 1.0. 
[0m
[32mTrajectory 5 completed due to: ENV_DONE. Reward is 1.0. 
[0m
[32mTrajectory 1 completed due to: ENV_DONE. Reward is 1.0. 
[0m
[32mTrajectory 6 completed due to: ENV_DONE. Reward is 1.0. 
[0m
[32mTrajectory 3 completed due to: ENV_DONE. Reward is 1.0. 
[0m
[32mTrajectory 4 completed due to: ENV_DONE. Reward is 1.0. 
[0m
[32mTrajectory 2 completed due to: ENV_DONE. Reward is 1.0. 
[0m
[36mNumber of Trajectories 1/8 completed[0m
[36mNumber of Trajectories 2/8 completed[0m
[36mNumber of Trajectories 3/8 completed[0m
[36mNumber of Trajectories 4/8 completed[0m
[32mTrajectory 7 completed due to: ENV_DONE. Reward is 1.0. 
[0m
[36mNumber of Trajectories 5/8 completed[0m
[36mNumber of Trajectories 6/8 completed[0m
[36mNumber of Trajectories 7/8 completed[0m
[36mNumber of Trajectories 8/8 completed[0m
step:42 - grouping/num_groups:1 - grouping/num_samples:8 - advantage/mean:0.0 - advantage/std:0.4330127018922193 - loss/grad_norm:0.1298828125 - loss/policy:-0.2473474144935608 - policy/ratio_mean:0.9950582981109619 - time/sample:27.758562088012695 - time/train:32.04146122932434 - time/total:59.80692410469055 - reward/mean:0.5833333730697632 - reward/max:1.0 - reward/min:0.0 - batch/num_episodes:1 - distributed/num_processes:3 - distributed/rank:0
[32mTrajectory 0 completed due to: ENV_DONE. Reward is 1.0. 
[0m
[32mTrajectory 6 completed due to: ENV_DONE. Reward is 1.0. 
[0m
[32mTrajectory 7 completed due to: ENV_DONE. Reward is 1.0. 
[0m
[32mTrajectory 5 completed due to: ENV_DONE. Reward is 1.0. 
[0m
[32mTrajectory 4 completed due to: ENV_DONE. Reward is 1.0. 
[0m
[32mTrajectory 2 completed due to: ENV_DONE. Reward is 1.0. 
[0m
[32mTrajectory 3 completed due to: ENV_DONE. Reward is 1.0. 
[0m
[32mTrajectory 1 completed due to: ENV_DONE. Reward is 1.0. 
[0m
[36mNumber of Trajectories 1/8 completed[0m
[36mNumber of Trajectories 2/8 completed[0m
[36mNumber of Trajectories 3/8 completed[0m
[36mNumber of Trajectories 4/8 completed[0m
[36mNumber of Trajectories 5/8 completed[0m
[36mNumber of Trajectories 6/8 completed[0m
[36mNumber of Trajectories 7/8 completed[0m
[36mNumber of Trajectories 8/8 completed[0m
[33mTrajectory 0 completed due to: TRUNCATION. Reward is 0.0. 
[0m
[33mTrajectory 6 completed due to: TRUNCATION. Reward is 0.0. 
[0m
[33mTrajectory 2 completed due to: TRUNCATION. Reward is 0.0. 
[0m
[33mTrajectory 7 completed due to: TRUNCATION. Reward is 0.0. 
[0m
[33mTrajectory 4 completed due to: TRUNCATION. Reward is 0.0. 
[0m
[33mTrajectory 1 completed due to: TRUNCATION. Reward is 0.0. 
[0m
[33mTrajectory 5 completed due to: TRUNCATION. Reward is 0.0. 
[0m
[33mTrajectory 3 completed due to: TRUNCATION. Reward is 0.0. 
[0m
[36mNumber of Trajectories 1/8 completed[0m
[36mNumber of Trajectories 2/8 completed[0m
[36mNumber of Trajectories 3/8 completed[0m
[36mNumber of Trajectories 4/8 completed[0m
[36mNumber of Trajectories 5/8 completed[0m
[36mNumber of Trajectories 6/8 completed[0m
[36mNumber of Trajectories 7/8 completed[0m
[36mNumber of Trajectories 8/8 completed[0m
[32mTrajectory 7 completed due to: ENV_DONE. Reward is 1.0. 
[0m
[33mTrajectory 2 completed due to: ENV_DONE. Reward is 0.0. 
[0m
[32mTrajectory 3 completed due to: ENV_DONE. Reward is 1.0. 
[0m
[33mTrajectory 0 completed due to: ENV_DONE. Reward is 0.0. 
[0m
[33mTrajectory 5 completed due to: ENV_DONE. Reward is 0.0. 
[0m
[32mTrajectory 1 completed due to: ENV_DONE. Reward is 1.0. 
[0m
[32mTrajectory 4 completed due to: ENV_DONE. Reward is 1.0. 
[0m
[32mTrajectory 6 completed due to: ENV_DONE. Reward is 1.0. 
[0m
[36mNumber of Trajectories 1/8 completed[0m
[36mNumber of Trajectories 2/8 completed[0m
[36mNumber of Trajectories 3/8 completed[0m
[36mNumber of Trajectories 4/8 completed[0m
[36mNumber of Trajectories 5/8 completed[0m
[36mNumber of Trajectories 6/8 completed[0m
[36mNumber of Trajectories 7/8 completed[0m
[36mNumber of Trajectories 8/8 completed[0m
step:43 - grouping/num_groups:1 - grouping/num_samples:8 - advantage/mean:0.0 - advantage/std:0.0 - loss/grad_norm:0.1396484375 - loss/policy:0.0 - policy/ratio_mean:0.9916885495185852 - time/sample:2.5237913131713867 - time/train:63.220739126205444 - time/total:65.7504255771637 - reward/mean:0.5416666865348816 - reward/max:1.0 - reward/min:1.0 - batch/num_episodes:1 - distributed/num_processes:3 - distributed/rank:0
[32mTrajectory 5 completed due to: ENV_DONE. Reward is 1.0. 
[0m
[32mTrajectory 6 completed due to: ENV_DONE. Reward is 1.0. 
[0m
[32mTrajectory 7 completed due to: ENV_DONE. Reward is 1.0. 
[0m
[32mTrajectory 0 completed due to: ENV_DONE. Reward is 1.0. 
[0m
[32mTrajectory 1 completed due to: ENV_DONE. Reward is 1.0. 
[0m
[32mTrajectory 3 completed due to: ENV_DONE. Reward is 1.0. 
[0m
[32mTrajectory 2 completed due to: ENV_DONE. Reward is 1.0. 
[0m
[32mTrajectory 4 completed due to: ENV_DONE. Reward is 1.0. 
[0m
[36mNumber of Trajectories 1/8 completed[0m
[36mNumber of Trajectories 2/8 completed[0m
[36mNumber of Trajectories 3/8 completed[0m
[36mNumber of Trajectories 4/8 completed[0m
[36mNumber of Trajectories 5/8 completed[0m
[36mNumber of Trajectories 6/8 completed[0m
[36mNumber of Trajectories 7/8 completed[0m
[36mNumber of Trajectories 8/8 completed[0m
[32mTrajectory 7 completed due to: ENV_DONE. Reward is 1.0. 
[0m
[32mTrajectory 2 completed due to: ENV_DONE. Reward is 1.0. 
[0m
[32mTrajectory 3 completed due to: ENV_DONE. Reward is 1.0. 
[0m
[32mTrajectory 0 completed due to: ENV_DONE. Reward is 1.0. 
[0m
[32mTrajectory 5 completed due to: ENV_DONE. Reward is 1.0. 
[0m
[32mTrajectory 1 completed due to: ENV_DONE. Reward is 1.0. 
[0m
[32mTrajectory 4 completed due to: ENV_DONE. Reward is 1.0. 
[0m
[32mTrajectory 6 completed due to: ENV_DONE. Reward is 1.0. 
[0m
[36mNumber of Trajectories 1/8 completed[0m
[36mNumber of Trajectories 2/8 completed[0m
[36mNumber of Trajectories 3/8 completed[0m
[36mNumber of Trajectories 4/8 completed[0m
[36mNumber of Trajectories 5/8 completed[0m
[36mNumber of Trajectories 6/8 completed[0m
[36mNumber of Trajectories 7/8 completed[0m
[36mNumber of Trajectories 8/8 completed[0m
[33mTrajectory 0 completed due to: ENV_DONE. Reward is 0.0. 
[0m
[33mTrajectory 6 completed due to: TRUNCATION. Reward is 0.0. 
[0m
[33mTrajectory 2 completed due to: TRUNCATION. Reward is 0.0. 
[0m
[33mTrajectory 7 completed due to: ENV_DONE. Reward is 0.0. 
[0m
[33mTrajectory 4 completed due to: TRUNCATION. Reward is 0.0. 
[0m
[33mTrajectory 1 completed due to: TRUNCATION. Reward is 0.0. 
[0m
[33mTrajectory 5 completed due to: TRUNCATION. Reward is 0.0. 
[0m
[33mTrajectory 3 completed due to: TRUNCATION. Reward is 0.0. 
[0m
[36mNumber of Trajectories 1/8 completed[0m
[36mNumber of Trajectories 2/8 completed[0m
[36mNumber of Trajectories 3/8 completed[0m
[36mNumber of Trajectories 4/8 completed[0m
[36mNumber of Trajectories 5/8 completed[0m
[36mNumber of Trajectories 6/8 completed[0m
[36mNumber of Trajectories 7/8 completed[0m
[36mNumber of Trajectories 8/8 completed[0m
step:44 - grouping/num_groups:1 - grouping/num_samples:8 - advantage/mean:0.0 - advantage/std:0.0 - loss/grad_norm:0.0 - loss/policy:0.0 - policy/ratio_mean:0.9812021255493164 - time/sample:23.072083473205566 - time/train:55.1379189491272 - time/total:78.21722912788391 - reward/mean:0.6666666865348816 - reward/max:1.0 - reward/min:1.0 - batch/num_episodes:1 - distributed/num_processes:3 - distributed/rank:0
[32mTrajectory 0 completed due to: ENV_DONE. Reward is 1.0. 
[0m
[32mTrajectory 6 completed due to: ENV_DONE. Reward is 1.0. 
[0m
[32mTrajectory 7 completed due to: ENV_DONE. Reward is 1.0. 
[0m
[32mTrajectory 5 completed due to: ENV_DONE. Reward is 1.0. 
[0m
[32mTrajectory 4 completed due to: ENV_DONE. Reward is 1.0. 
[0m
[32mTrajectory 2 completed due to: ENV_DONE. Reward is 1.0. 
[0m
[32mTrajectory 3 completed due to: ENV_DONE. Reward is 1.0. 
[0m
[32mTrajectory 1 completed due to: ENV_DONE. Reward is 1.0. 
[0m
[36mNumber of Trajectories 1/8 completed[0m
[36mNumber of Trajectories 2/8 completed[0m
[36mNumber of Trajectories 3/8 completed[0m
[36mNumber of Trajectories 4/8 completed[0m
[36mNumber of Trajectories 5/8 completed[0m
[36mNumber of Trajectories 6/8 completed[0m
[36mNumber of Trajectories 7/8 completed[0m
[36mNumber of Trajectories 8/8 completed[0m
[33mTrajectory 7 completed due to: TRUNCATION. Reward is 0.0. 
[0m
[32mTrajectory 2 completed due to: ENV_DONE. Reward is 1.0. 
[0m
[32mTrajectory 3 completed due to: ENV_DONE. Reward is 1.0. 
[0m
[32mTrajectory 0 completed due to: ENV_DONE. Reward is 1.0. 
[0m
[33mTrajectory 5 completed due to: TRUNCATION. Reward is 0.0. 
[0m
[32mTrajectory 1 completed due to: ENV_DONE. Reward is 1.0. 
[0m
[32mTrajectory 4 completed due to: ENV_DONE. Reward is 1.0. 
[0m
[36mNumber of Trajectories 1/8 completed[0m
[36mNumber of Trajectories 2/8 completed[0m
[36mNumber of Trajectories 3/8 completed[0m
[36mNumber of Trajectories 4/8 completed[0m
[36mNumber of Trajectories 5/8 completed[0m
[36mNumber of Trajectories 6/8 completed[0m
[36mNumber of Trajectories 7/8 completed[0m
[32mTrajectory 6 completed due to: ENV_DONE. Reward is 1.0. 
[0m
[36mNumber of Trajectories 8/8 completed[0m
[33mTrajectory 0 completed due to: TRUNCATION. Reward is 0.0. 
[0m
[33mTrajectory 6 completed due to: TRUNCATION. Reward is 0.0. 
[0m
[33mTrajectory 2 completed due to: TRUNCATION. Reward is 0.0. 
[0m
[33mTrajectory 7 completed due to: TRUNCATION. Reward is 0.0. 
[0m
[33mTrajectory 4 completed due to: TRUNCATION. Reward is 0.0. 
[0m
[33mTrajectory 1 completed due to: TRUNCATION. Reward is 0.0. 
[0m
[33mTrajectory 5 completed due to: TRUNCATION. Reward is 0.0. 
[0m
[33mTrajectory 3 completed due to: TRUNCATION. Reward is 0.0. 
[0m
[36mNumber of Trajectories 1/8 completed[0m
[36mNumber of Trajectories 2/8 completed[0m
[36mNumber of Trajectories 3/8 completed[0m
[36mNumber of Trajectories 4/8 completed[0m
[36mNumber of Trajectories 5/8 completed[0m
[36mNumber of Trajectories 6/8 completed[0m
[36mNumber of Trajectories 7/8 completed[0m
[36mNumber of Trajectories 8/8 completed[0m
step:45 - grouping/num_groups:1 - grouping/num_samples:8 - advantage/mean:0.0 - advantage/std:0.0 - loss/grad_norm:0.185546875 - loss/policy:0.0 - policy/ratio_mean:0.987988293170929 - time/sample:2.8610470294952393 - time/train:66.0724573135376 - time/total:68.93870282173157 - reward/mean:0.5833333730697632 - reward/max:1.0 - reward/min:1.0 - batch/num_episodes:1 - distributed/num_processes:3 - distributed/rank:0
[32mTrajectory 5 completed due to: ENV_DONE. Reward is 1.0. 
[0m
[32mTrajectory 6 completed due to: ENV_DONE. Reward is 1.0. 
[0m
[32mTrajectory 7 completed due to: ENV_DONE. Reward is 1.0. 
[0m
[32mTrajectory 0 completed due to: ENV_DONE. Reward is 1.0. 
[0m
[32mTrajectory 1 completed due to: ENV_DONE. Reward is 1.0. 
[0m
[32mTrajectory 3 completed due to: ENV_DONE. Reward is 1.0. 
[0m
[32mTrajectory 2 completed due to: ENV_DONE. Reward is 1.0. 
[0m
[32mTrajectory 4 completed due to: ENV_DONE. Reward is 1.0. 
[0m
[36mNumber of Trajectories 1/8 completed[0m
[36mNumber of Trajectories 2/8 completed[0m
[36mNumber of Trajectories 3/8 completed[0m
[36mNumber of Trajectories 4/8 completed[0m
[36mNumber of Trajectories 5/8 completed[0m
[36mNumber of Trajectories 6/8 completed[0m
[36mNumber of Trajectories 7/8 completed[0m
[36mNumber of Trajectories 8/8 completed[0m
[33mTrajectory 0 completed due to: TRUNCATION. Reward is 0.0. 
[0m
[33mTrajectory 6 completed due to: TRUNCATION. Reward is 0.0. 
[0m
[33mTrajectory 2 completed due to: ENV_DONE. Reward is 0.0. 
[0m
[33mTrajectory 7 completed due to: TRUNCATION. Reward is 0.0. 
[0m
[33mTrajectory 4 completed due to: TRUNCATION. Reward is 0.0. 
[0m
[33mTrajectory 1 completed due to: ENV_DONE. Reward is 0.0. 
[0m
[33mTrajectory 5 completed due to: TRUNCATION. Reward is 0.0. 
[0m
[36mNumber of Trajectories 1/8 completed[0m
[36mNumber of Trajectories 2/8 completed[0m
[36mNumber of Trajectories 3/8 completed[0m
[36mNumber of Trajectories 4/8 completed[0m
[36mNumber of Trajectories 5/8 completed[0m
[36mNumber of Trajectories 6/8 completed[0m
[36mNumber of Trajectories 7/8 completed[0m
[33mTrajectory 3 completed due to: TRUNCATION. Reward is 0.0. 
[0m
[36mNumber of Trajectories 8/8 completed[0m
[32mTrajectory 7 completed due to: ENV_DONE. Reward is 1.0. 
[0m
[32mTrajectory 2 completed due to: ENV_DONE. Reward is 1.0. 
[0m
[32mTrajectory 3 completed due to: ENV_DONE. Reward is 1.0. 
[0m
[32mTrajectory 0 completed due to: ENV_DONE. Reward is 1.0. 
[0m
[32mTrajectory 5 completed due to: ENV_DONE. Reward is 1.0. 
[0m
[32mTrajectory 1 completed due to: ENV_DONE. Reward is 1.0. 
[0m
[32mTrajectory 4 completed due to: ENV_DONE. Reward is 1.0. 
[0m
[32mTrajectory 6 completed due to: ENV_DONE. Reward is 1.0. 
[0m
[36mNumber of Trajectories 1/8 completed[0m
[36mNumber of Trajectories 2/8 completed[0m
[36mNumber of Trajectories 3/8 completed[0m
[36mNumber of Trajectories 4/8 completed[0m
[36mNumber of Trajectories 5/8 completed[0m
[36mNumber of Trajectories 6/8 completed[0m
[36mNumber of Trajectories 7/8 completed[0m
[36mNumber of Trajectories 8/8 completed[0m
step:46 - grouping/num_groups:1 - grouping/num_samples:8 - advantage/mean:0.0 - advantage/std:0.0 - loss/grad_norm:0.0 - loss/policy:0.0 - policy/ratio_mean:0.9810805320739746 - time/sample:32.548551082611084 - time/train:6.249210834503174 - time/total:38.804877281188965 - reward/mean:0.6666666865348816 - reward/max:1.0 - reward/min:1.0 - batch/num_episodes:1 - distributed/num_processes:3 - distributed/rank:0
[32mTrajectory 0 completed due to: ENV_DONE. Reward is 1.0. 
[0m
[32mTrajectory 6 completed due to: ENV_DONE. Reward is 1.0. 
[0m
[32mTrajectory 7 completed due to: ENV_DONE. Reward is 1.0. 
[0m
[32mTrajectory 5 completed due to: ENV_DONE. Reward is 1.0. 
[0m
[32mTrajectory 4 completed due to: ENV_DONE. Reward is 1.0. 
[0m
[32mTrajectory 2 completed due to: ENV_DONE. Reward is 1.0. 
[0m
[32mTrajectory 3 completed due to: ENV_DONE. Reward is 1.0. 
[0m
[32mTrajectory 1 completed due to: ENV_DONE. Reward is 1.0. 
[0m
[36mNumber of Trajectories 1/8 completed[0m
[36mNumber of Trajectories 2/8 completed[0m
[36mNumber of Trajectories 3/8 completed[0m
[36mNumber of Trajectories 4/8 completed[0m
[36mNumber of Trajectories 5/8 completed[0m
[36mNumber of Trajectories 6/8 completed[0m
[36mNumber of Trajectories 7/8 completed[0m
[36mNumber of Trajectories 8/8 completed[0m
[32mTrajectory 7 completed due to: ENV_DONE. Reward is 1.0. 
[0m
[32mTrajectory 2 completed due to: ENV_DONE. Reward is 1.0. 
[0m
[32mTrajectory 3 completed due to: ENV_DONE. Reward is 1.0. 
[0m
[32mTrajectory 0 completed due to: ENV_DONE. Reward is 1.0. 
[0m
[32mTrajectory 5 completed due to: ENV_DONE. Reward is 1.0. 
[0m
[32mTrajectory 1 completed due to: ENV_DONE. Reward is 1.0. 
[0m
[32mTrajectory 4 completed due to: ENV_DONE. Reward is 1.0. 
[0m
[32mTrajectory 6 completed due to: ENV_DONE. Reward is 1.0. 
[0m
[36mNumber of Trajectories 1/8 completed[0m
[36mNumber of Trajectories 2/8 completed[0m
[36mNumber of Trajectories 3/8 completed[0m
[36mNumber of Trajectories 4/8 completed[0m
[36mNumber of Trajectories 5/8 completed[0m
[36mNumber of Trajectories 6/8 completed[0m
[36mNumber of Trajectories 7/8 completed[0m
[36mNumber of Trajectories 8/8 completed[0m
[33mTrajectory 0 completed due to: ENV_DONE. Reward is 0.0. 
[0m
[33mTrajectory 6 completed due to: ENV_DONE. Reward is 0.0. 
[0m
[33mTrajectory 2 completed due to: ENV_DONE. Reward is 0.0. 
[0m
[33mTrajectory 7 completed due to: ENV_DONE. Reward is 0.0. 
[0m
[33mTrajectory 4 completed due to: ENV_DONE. Reward is 0.0. 
[0m
[33mTrajectory 1 completed due to: ENV_DONE. Reward is 0.0. 
[0m
[33mTrajectory 5 completed due to: ENV_DONE. Reward is 0.0. 
[0m
[33mTrajectory 3 completed due to: ENV_DONE. Reward is 0.0. 
[0m
[36mNumber of Trajectories 1/8 completed[0m
[36mNumber of Trajectories 2/8 completed[0m
[36mNumber of Trajectories 3/8 completed[0m
[36mNumber of Trajectories 4/8 completed[0m
[36mNumber of Trajectories 5/8 completed[0m
[36mNumber of Trajectories 6/8 completed[0m
[36mNumber of Trajectories 7/8 completed[0m
[36mNumber of Trajectories 8/8 completed[0m
step:47 - grouping/num_groups:1 - grouping/num_samples:8 - advantage/mean:0.0 - advantage/std:0.0 - loss/grad_norm:0.0 - loss/policy:0.0 - policy/ratio_mean:0.9923840165138245 - time/sample:2.2621395587921143 - time/train:54.56427717208862 - time/total:56.832067251205444 - reward/mean:0.6666666865348816 - reward/max:1.0 - reward/min:1.0 - batch/num_episodes:1 - distributed/num_processes:3 - distributed/rank:0
[32mTrajectory 5 completed due to: ENV_DONE. Reward is 1.0. 
[0m
[32mTrajectory 6 completed due to: ENV_DONE. Reward is 1.0. 
[0m
[32mTrajectory 7 completed due to: ENV_DONE. Reward is 1.0. 
[0m
[32mTrajectory 0 completed due to: ENV_DONE. Reward is 1.0. 
[0m
[32mTrajectory 1 completed due to: ENV_DONE. Reward is 1.0. 
[0m
[32mTrajectory 3 completed due to: ENV_DONE. Reward is 1.0. 
[0m
[32mTrajectory 2 completed due to: ENV_DONE. Reward is 1.0. 
[0m
[32mTrajectory 4 completed due to: ENV_DONE. Reward is 1.0. 
[0m
[36mNumber of Trajectories 1/8 completed[0m
[36mNumber of Trajectories 2/8 completed[0m
[36mNumber of Trajectories 3/8 completed[0m
[36mNumber of Trajectories 4/8 completed[0m
[36mNumber of Trajectories 5/8 completed[0m
[36mNumber of Trajectories 6/8 completed[0m
[36mNumber of Trajectories 7/8 completed[0m
[36mNumber of Trajectories 8/8 completed[0m
[33mTrajectory 0 completed due to: ENV_DONE. Reward is 0.0. 
[0m
[33mTrajectory 6 completed due to: ENV_DONE. Reward is 0.0. 
[0m
[33mTrajectory 2 completed due to: ENV_DONE. Reward is 0.0. 
[0m
[33mTrajectory 7 completed due to: ENV_DONE. Reward is 0.0. 
[0m
[33mTrajectory 4 completed due to: ENV_DONE. Reward is 0.0. 
[0m
[33mTrajectory 1 completed due to: ENV_DONE. Reward is 0.0. 
[0m
[33mTrajectory 5 completed due to: ENV_DONE. Reward is 0.0. 
[0m
[33mTrajectory 3 completed due to: ENV_DONE. Reward is 0.0. 
[0m
[36mNumber of Trajectories 1/8 completed[0m
[36mNumber of Trajectories 2/8 completed[0m
[36mNumber of Trajectories 3/8 completed[0m
[36mNumber of Trajectories 4/8 completed[0m
[36mNumber of Trajectories 5/8 completed[0m
[36mNumber of Trajectories 6/8 completed[0m
[36mNumber of Trajectories 7/8 completed[0m
[36mNumber of Trajectories 8/8 completed[0m
[32mTrajectory 7 completed due to: ENV_DONE. Reward is 1.0. 
[0m
[32mTrajectory 2 completed due to: ENV_DONE. Reward is 1.0. 
[0m
[32mTrajectory 3 completed due to: ENV_DONE. Reward is 1.0. 
[0m
[32mTrajectory 0 completed due to: ENV_DONE. Reward is 1.0. 
[0m
[32mTrajectory 5 completed due to: ENV_DONE. Reward is 1.0. 
[0m
[32mTrajectory 1 completed due to: ENV_DONE. Reward is 1.0. 
[0m
[32mTrajectory 4 completed due to: ENV_DONE. Reward is 1.0. 
[0m
[36mNumber of Trajectories 1/8 completed[0m
[36mNumber of Trajectories 2/8 completed[0m
[36mNumber of Trajectories 3/8 completed[0m
[32mTrajectory 6 completed due to: ENV_DONE. Reward is 1.0. 
[0m
[36mNumber of Trajectories 4/8 completed[0m
[36mNumber of Trajectories 5/8 completed[0m
[36mNumber of Trajectories 6/8 completed[0m
[36mNumber of Trajectories 7/8 completed[0m
[36mNumber of Trajectories 8/8 completed[0m
step:48 - grouping/num_groups:1 - grouping/num_samples:8 - advantage/mean:0.0 - advantage/std:0.0 - loss/grad_norm:0.0 - loss/policy:0.0 - policy/ratio_mean:0.988201916217804 - time/sample:9.316218614578247 - time/train:15.246906757354736 - time/total:24.56848907470703 - reward/mean:0.6666666865348816 - reward/max:1.0 - reward/min:1.0 - batch/num_episodes:1 - distributed/num_processes:3 - distributed/rank:0
[32mTrajectory 5 completed due to: ENV_DONE. Reward is 1.0. 
[0m
[32mTrajectory 6 completed due to: ENV_DONE. Reward is 1.0. 
[0m
[33mTrajectory 7 completed due to: TRUNCATION. Reward is 0.0. 
[0m
[33mTrajectory 0 completed due to: TRUNCATION. Reward is 0.0. 
[0m
[33mTrajectory 1 completed due to: TRUNCATION. Reward is 0.0. 
[0m
[32mTrajectory 3 completed due to: ENV_DONE. Reward is 1.0. 
[0m
[33mTrajectory 2 completed due to: TRUNCATION. Reward is 0.0. 
[0m
[32mTrajectory 4 completed due to: ENV_DONE. Reward is 1.0. 
[0m
[36mNumber of Trajectories 1/8 completed[0m
[36mNumber of Trajectories 2/8 completed[0m
[36mNumber of Trajectories 3/8 completed[0m
[36mNumber of Trajectories 4/8 completed[0m
[36mNumber of Trajectories 5/8 completed[0m
[36mNumber of Trajectories 6/8 completed[0m
[36mNumber of Trajectories 7/8 completed[0m
[36mNumber of Trajectories 8/8 completed[0m
[32mTrajectory 7 completed due to: ENV_DONE. Reward is 1.0. 
[0m
[32mTrajectory 2 completed due to: ENV_DONE. Reward is 1.0. 
[0m
[32mTrajectory 3 completed due to: ENV_DONE. Reward is 1.0. 
[0m
[32mTrajectory 0 completed due to: ENV_DONE. Reward is 1.0. 
[0m
[32mTrajectory 5 completed due to: ENV_DONE. Reward is 1.0. 
[0m
[32mTrajectory 1 completed due to: ENV_DONE. Reward is 1.0. 
[0m
[32mTrajectory 4 completed due to: ENV_DONE. Reward is 1.0. 
[0m
[32mTrajectory 6 completed due to: ENV_DONE. Reward is 1.0. 
[0m
[36mNumber of Trajectories 1/8 completed[0m
[36mNumber of Trajectories 2/8 completed[0m
[36mNumber of Trajectories 3/8 completed[0m
[36mNumber of Trajectories 4/8 completed[0m
[36mNumber of Trajectories 5/8 completed[0m
[36mNumber of Trajectories 6/8 completed[0m
[36mNumber of Trajectories 7/8 completed[0m
[36mNumber of Trajectories 8/8 completed[0m
[32mTrajectory 0 completed due to: ENV_DONE. Reward is 1.0. 
[0m
[32mTrajectory 6 completed due to: ENV_DONE. Reward is 1.0. 
[0m
[33mTrajectory 2 completed due to: TRUNCATION. Reward is 0.0. 
[0m
[32mTrajectory 7 completed due to: ENV_DONE. Reward is 1.0. 
[0m
[32mTrajectory 4 completed due to: ENV_DONE. Reward is 1.0. 
[0m
[32mTrajectory 1 completed due to: ENV_DONE. Reward is 1.0. 
[0m
[32mTrajectory 5 completed due to: ENV_DONE. Reward is 1.0. 
[0m
[36mNumber of Trajectories 1/8 completed[0m
[36mNumber of Trajectories 2/8 completed[0m
[36mNumber of Trajectories 3/8 completed[0m
[36mNumber of Trajectories 4/8 completed[0m
[32mTrajectory 3 completed due to: ENV_DONE. Reward is 1.0. 
[0m
[36mNumber of Trajectories 5/8 completed[0m
[36mNumber of Trajectories 6/8 completed[0m
[36mNumber of Trajectories 7/8 completed[0m
[36mNumber of Trajectories 8/8 completed[0m
step:49 - grouping/num_groups:1 - grouping/num_samples:8 - advantage/mean:0.0 - advantage/std:0.5 - loss/grad_norm:0.61328125 - loss/policy:-0.4885489046573639 - policy/ratio_mean:0.9904216527938843 - time/sample:33.59874486923218 - time/train:34.42661380767822 - time/total:68.03190422058105 - reward/mean:0.7916666865348816 - reward/max:1.0 - reward/min:0.0 - batch/num_episodes:1 - distributed/num_processes:3 - distributed/rank:0
[33mTrajectory 0 completed due to: ENV_DONE. Reward is 0.0. 
[0m
[32mTrajectory 6 completed due to: ENV_DONE. Reward is 1.0. 
[0m
[32mTrajectory 7 completed due to: ENV_DONE. Reward is 1.0. 
[0m
[32mTrajectory 5 completed due to: ENV_DONE. Reward is 1.0. 
[0m
[33mTrajectory 4 completed due to: ENV_DONE. Reward is 0.0. 
[0m
[33mTrajectory 2 completed due to: ENV_DONE. Reward is 0.0. 
[0m
[33mTrajectory 3 completed due to: ENV_DONE. Reward is 0.0. 
[0m
[36mNumber of Trajectories 1/8 completed[0m
[36mNumber of Trajectories 2/8 completed[0m
[36mNumber of Trajectories 3/8 completed[0m
[36mNumber of Trajectories 4/8 completed[0m
[36mNumber of Trajectories 5/8 completed[0m
[36mNumber of Trajectories 6/8 completed[0m
[36mNumber of Trajectories 7/8 completed[0m
[33mTrajectory 1 completed due to: ENV_DONE. Reward is 0.0. 
[0m
[36mNumber of Trajectories 8/8 completed[0m
[33mTrajectory 0 completed due to: TRUNCATION. Reward is 0.0. 
[0m
[33mTrajectory 6 completed due to: TRUNCATION. Reward is 0.0. 
[0m
[33mTrajectory 2 completed due to: ENV_DONE. Reward is 0.0. 
[0m
[33mTrajectory 7 completed due to: ENV_DONE. Reward is 0.0. 
[0m
[33mTrajectory 2 completed due to: TRUNCATION. Reward is 0.0. 
[0m
[33mTrajectory 3 completed due to: TRUNCATION. Reward is 0.0. 
[0m
[33mTrajectory 0 completed due to: TRUNCATION. Reward is 0.0. 
[0m
[33mTrajectory 5 completed due to: TRUNCATION. Reward is 0.0. 
[0m
[33mTrajectory 1 completed due to: TRUNCATION. Reward is 0.0. 
[0m
[33mTrajectory 4 completed due to: TRUNCATION. Reward is 0.0. 
[0m
[33mTrajectory 6 completed due to: TRUNCATION. Reward is 0.0. 
[0m
[36mNumber of Trajectories 1/8 completed[0m
[36mNumber of Trajectories 2/8 completed[0m
[36mNumber of Trajectories 3/8 completed[0m
[36mNumber of Trajectories 4/8 completed[0m
[33mTrajectory 7 completed due to: TRUNCATION. Reward is 0.0. 
[0m[36mNumber of Trajectories 5/8 completed[0m
[36mNumber of Trajectories 6/8 completed[0m
[36mNumber of Trajectories 7/8 completed[0m
[36mNumber of Trajectories 8/8 completed[0m

[33mTrajectory 4 completed due to: TRUNCATION. Reward is 0.0. 
[0m
[33mTrajectory 1 completed due to: TRUNCATION. Reward is 0.0. 
[0m
[33mTrajectory 5 completed due to: TRUNCATION. Reward is 0.0. 
[0m
[33mTrajectory 3 completed due to: TRUNCATION. Reward is 0.0. 
[0m
[36mNumber of Trajectories 1/8 completed[0m
[36mNumber of Trajectories 2/8 completed[0m
[36mNumber of Trajectories 3/8 completed[0m
[36mNumber of Trajectories 4/8 completed[0m
[36mNumber of Trajectories 5/8 completed[0m
[36mNumber of Trajectories 6/8 completed[0m
[36mNumber of Trajectories 7/8 completed[0m
[36mNumber of Trajectories 8/8 completed[0m
step:50 - grouping/num_groups:1 - grouping/num_samples:8 - advantage/mean:0.0 - advantage/std:0.4841229182759271 - loss/grad_norm:1.28125 - loss/policy:0.3771553337574005 - policy/ratio_mean:0.9999594688415527 - time/sample:11.070757627487183 - time/train:66.70215129852295 - time/total:77.7788918018341 - reward/mean:0.125 - reward/max:1.0 - reward/min:0.0 - batch/num_episodes:1 - distributed/num_processes:3 - distributed/rank:0
[32mTrajectory 0 completed due to: ENV_DONE. Reward is 1.0. 
[0m
[32mTrajectory 6 completed due to: ENV_DONE. Reward is 1.0. 
[0m
[32mTrajectory 7 completed due to: ENV_DONE. Reward is 1.0. 
[0m
[32mTrajectory 5 completed due to: ENV_DONE. Reward is 1.0. 
[0m
[32mTrajectory 4 completed due to: ENV_DONE. Reward is 1.0. 
[0m
[32mTrajectory 2 completed due to: ENV_DONE. Reward is 1.0. 
[0m
[32mTrajectory 3 completed due to: ENV_DONE. Reward is 1.0. 
[0m
[32mTrajectory 1 completed due to: ENV_DONE. Reward is 1.0. 
[0m
[36mNumber of Trajectories 1/8 completed[0m
[36mNumber of Trajectories 2/8 completed[0m
[36mNumber of Trajectories 3/8 completed[0m
[36mNumber of Trajectories 4/8 completed[0m
[36mNumber of Trajectories 5/8 completed[0m
[36mNumber of Trajectories 6/8 completed[0m
[36mNumber of Trajectories 7/8 completed[0m
[36mNumber of Trajectories 8/8 completed[0m
[32mTrajectory 7 completed due to: ENV_DONE. Reward is 1.0. 
[0m
[32mTrajectory 2 completed due to: ENV_DONE. Reward is 1.0. 
[0m
[32mTrajectory 3 completed due to: ENV_DONE. Reward is 1.0. 
[0m
[33mTrajectory 0 completed due to: ENV_DONE. Reward is 0.0. 
[0m
[32mTrajectory 5 completed due to: ENV_DONE. Reward is 1.0. 
[0m
[32mTrajectory 1 completed due to: ENV_DONE. Reward is 1.0. 
[0m
[32mTrajectory 4 completed due to: ENV_DONE. Reward is 1.0. 
[0m
[32mTrajectory 6 completed due to: ENV_DONE. Reward is 1.0. 
[0m
[36mNumber of Trajectories 1/8 completed[0m
[36mNumber of Trajectories 2/8 completed[0m
[36mNumber of Trajectories 3/8 completed[0m
[36mNumber of Trajectories 4/8 completed[0m
[36mNumber of Trajectories 5/8 completed[0m
[36mNumber of Trajectories 6/8 completed[0m
[36mNumber of Trajectories 7/8 completed[0m
[36mNumber of Trajectories 8/8 completed[0m
[32mTrajectory 0 completed due to: ENV_DONE. Reward is 1.0. 
[0m
[32mTrajectory 6 completed due to: ENV_DONE. Reward is 1.0. 
[0m
[32mTrajectory 2 completed due to: ENV_DONE. Reward is 1.0. 
[0m
[32mTrajectory 7 completed due to: ENV_DONE. Reward is 1.0. 
[0m
[32mTrajectory 4 completed due to: ENV_DONE. Reward is 1.0. 
[0m
[32mTrajectory 1 completed due to: ENV_DONE. Reward is 1.0. 
[0m
[32mTrajectory 5 completed due to: ENV_DONE. Reward is 1.0. 
[0m
[36mNumber of Trajectories 1/8 completed[0m
[36mNumber of Trajectories 2/8 completed[0m
[36mNumber of Trajectories 3/8 completed[0m
[36mNumber of Trajectories 4/8 completed[0m
[36mNumber of Trajectories 5/8 completed[0m
[36mNumber of Trajectories 6/8 completed[0m
[36mNumber of Trajectories 7/8 completed[0m
[32mTrajectory 3 completed due to: ENV_DONE. Reward is 1.0. 
[0m
[36mNumber of Trajectories 8/8 completed[0m
step:51 - grouping/num_groups:1 - grouping/num_samples:8 - advantage/mean:0.0 - advantage/std:0.0 - loss/grad_norm:0.1044921875 - loss/policy:0.0 - policy/ratio_mean:0.98515385389328 - time/sample:7.778008699417114 - time/train:41.072633266448975 - time/total:48.85770869255066 - reward/mean:0.9583333730697632 - reward/max:1.0 - reward/min:1.0 - batch/num_episodes:1 - distributed/num_processes:3 - distributed/rank:0
[32mTrajectory 0 completed due to: ENV_DONE. Reward is 1.0. 
[0m
[32mTrajectory 6 completed due to: ENV_DONE. Reward is 1.0. 
[0m
[32mTrajectory 7 completed due to: ENV_DONE. Reward is 1.0. 
[0m
[32mTrajectory 5 completed due to: ENV_DONE. Reward is 1.0. 
[0m
[32mTrajectory 4 completed due to: ENV_DONE. Reward is 1.0. 
[0m
[33mTrajectory 2 completed due to: TRUNCATION. Reward is 0.0. 
[0m
[32mTrajectory 3 completed due to: ENV_DONE. Reward is 1.0. 
[0m
[32mTrajectory 1 completed due to: ENV_DONE. Reward is 1.0. 
[0m
[36mNumber of Trajectories 1/8 completed[0m
[36mNumber of Trajectories 2/8 completed[0m
[36mNumber of Trajectories 3/8 completed[0m
[36mNumber of Trajectories 4/8 completed[0m
[36mNumber of Trajectories 5/8 completed[0m
[36mNumber of Trajectories 6/8 completed[0m
[36mNumber of Trajectories 7/8 completed[0m
[36mNumber of Trajectories 8/8 completed[0m
[32mTrajectory 0 completed due to: ENV_DONE. Reward is 1.0. 
[0m
[32mTrajectory 6 completed due to: ENV_DONE. Reward is 1.0. 
[0m
[32mTrajectory 2 completed due to: ENV_DONE. Reward is 1.0. 
[0m
[32mTrajectory 7 completed due to: ENV_DONE. Reward is 1.0. 
[0m
[33mTrajectory 4 completed due to: TRUNCATION. Reward is 0.0. 
[0m
[32mTrajectory 1 completed due to: ENV_DONE. Reward is 1.0. 
[0m
[32mTrajectory 5 completed due to: TRUNCATION. Reward is 1.0. 
[0m
[32mTrajectory 3 completed due to: ENV_DONE. Reward is 1.0. 
[0m
[36mNumber of Trajectories 1/8 completed[0m
[36mNumber of Trajectories 2/8 completed[0m
[36mNumber of Trajectories 3/8 completed[0m
[36mNumber of Trajectories 4/8 completed[0m
[36mNumber of Trajectories 5/8 completed[0m
[36mNumber of Trajectories 6/8 completed[0m
[36mNumber of Trajectories 7/8 completed[0m
[36mNumber of Trajectories 8/8 completed[0m
[32mTrajectory 7 completed due to: ENV_DONE. Reward is 1.0. 
[0m
[32mTrajectory 2 completed due to: ENV_DONE. Reward is 1.0. 
[0m
[32mTrajectory 3 completed due to: ENV_DONE. Reward is 1.0. 
[0m
[32mTrajectory 0 completed due to: ENV_DONE. Reward is 1.0. 
[0m
[32mTrajectory 5 completed due to: ENV_DONE. Reward is 1.0. 
[0m
[32mTrajectory 1 completed due to: ENV_DONE. Reward is 1.0. 
[0m
[33mTrajectory 4 completed due to: ENV_DONE. Reward is 0.0. 
[0m
[32mTrajectory 6 completed due to: ENV_DONE. Reward is 1.0. 
[0m
[36mNumber of Trajectories 1/8 completed[0m
[36mNumber of Trajectories 2/8 completed[0m
[36mNumber of Trajectories 3/8 completed[0m
[36mNumber of Trajectories 4/8 completed[0m
[36mNumber of Trajectories 5/8 completed[0m
[36mNumber of Trajectories 6/8 completed[0m
[36mNumber of Trajectories 7/8 completed[0m
[36mNumber of Trajectories 8/8 completed[0m
step:52 - grouping/num_groups:1 - grouping/num_samples:8 - advantage/mean:0.0 - advantage/std:0.33071891388307384 - loss/grad_norm:0.2490234375 - loss/policy:-0.12291500717401505 - policy/ratio_mean:0.9865016937255859 - time/sample:28.163906574249268 - time/train:42.8531653881073 - time/total:71.02468371391296 - reward/mean:0.8333333730697632 - reward/max:1.0 - reward/min:0.0 - batch/num_episodes:1 - distributed/num_processes:3 - distributed/rank:0
[32mTrajectory 7 completed due to: ENV_DONE. Reward is 1.0. 
[0m
[32mTrajectory 2 completed due to: ENV_DONE. Reward is 1.0. 
[0m
[32mTrajectory 3 completed due to: ENV_DONE. Reward is 1.0. 
[0m
[32mTrajectory 0 completed due to: ENV_DONE. Reward is 1.0. 
[0m
[32mTrajectory 5 completed due to: ENV_DONE. Reward is 1.0. 
[0m
[32mTrajectory 1 completed due to: ENV_DONE. Reward is 1.0. 
[0m
[32mTrajectory 4 completed due to: ENV_DONE. Reward is 1.0. 
[0m
[32mTrajectory 6 completed due to: ENV_DONE. Reward is 1.0. 
[0m
[36mNumber of Trajectories 1/8 completed[0m
[36mNumber of Trajectories 2/8 completed[0m
[36mNumber of Trajectories 3/8 completed[0m
[36mNumber of Trajectories 4/8 completed[0m
[36mNumber of Trajectories 5/8 completed[0m
[36mNumber of Trajectories 6/8 completed[0m
[36mNumber of Trajectories 7/8 completed[0m
[36mNumber of Trajectories 8/8 completed[0m
[33mTrajectory 5 completed due to: TRUNCATION. Reward is 0.0. 
[0m
[33mTrajectory 6 completed due to: TRUNCATION. Reward is 0.0. 
[0m
[33mTrajectory 7 completed due to: TRUNCATION. Reward is 0.0. 
[0m
[33mTrajectory 0 completed due to: TRUNCATION. Reward is 0.0. 
[0m
[33mTrajectory 1 completed due to: TRUNCATION. Reward is 0.0. 
[0m
[33mTrajectory 3 completed due to: TRUNCATION. Reward is 0.0. 
[0m
[33mTrajectory 2 completed due to: TRUNCATION. Reward is 0.0. 
[0m
[33mTrajectory 4 completed due to: TRUNCATION. Reward is 0.0. 
[0m
[36mNumber of Trajectories 1/8 completed[0m
[36mNumber of Trajectories 2/8 completed[0m
[36mNumber of Trajectories 3/8 completed[0m
[36mNumber of Trajectories 4/8 completed[0m
[36mNumber of Trajectories 5/8 completed[0m
[36mNumber of Trajectories 6/8 completed[0m
[36mNumber of Trajectories 7/8 completed[0m
[36mNumber of Trajectories 8/8 completed[0m
[33mTrajectory 0 completed due to: ENV_DONE. Reward is 0.0. 
[0m
[33mTrajectory 6 completed due to: TRUNCATION. Reward is 0.0. 
[0m
[33mTrajectory 2 completed due to: TRUNCATION. Reward is 0.0. 
[0m
[33mTrajectory 7 completed due to: TRUNCATION. Reward is 0.0. 
[0m
[33mTrajectory 4 completed due to: TRUNCATION. Reward is 0.0. 
[0m
[33mTrajectory 1 completed due to: ENV_DONE. Reward is 0.0. 
[0m
[33mTrajectory 5 completed due to: ENV_DONE. Reward is 0.0. 
[0m
[33mTrajectory 3 completed due to: ENV_DONE. Reward is 0.0. 
[0m
[36mNumber of Trajectories 1/8 completed[0m
[36mNumber of Trajectories 2/8 completed[0m
[36mNumber of Trajectories 3/8 completed[0m
[36mNumber of Trajectories 4/8 completed[0m
[36mNumber of Trajectories 5/8 completed[0m
[36mNumber of Trajectories 6/8 completed[0m
[36mNumber of Trajectories 7/8 completed[0m
[36mNumber of Trajectories 8/8 completed[0m
step:53 - grouping/num_groups:1 - grouping/num_samples:8 - advantage/mean:0.0 - advantage/std:0.0 - loss/grad_norm:0.0 - loss/policy:0.0 - policy/ratio_mean:0.9929468631744385 - time/sample:78.4092366695404 - time/train:5.173868417739868 - time/total:83.59093403816223 - reward/mean:0.3333333432674408 - reward/max:0.0 - reward/min:0.0 - batch/num_episodes:1 - distributed/num_processes:3 - distributed/rank:0
[33mTrajectory 5 completed due to: ENV_DONE. Reward is 0.0. 
[0m
[33mTrajectory 6 completed due to: ENV_DONE. Reward is 0.0. 
[0m
[33mTrajectory 7 completed due to: ENV_DONE. Reward is 0.0. 
[0m
[33mTrajectory 0 completed due to: ENV_DONE. Reward is 0.0. 
[0m
[33mTrajectory 1 completed due to: ENV_DONE. Reward is 0.0. 
[0m
[33mTrajectory 3 completed due to: ENV_DONE. Reward is 0.0. 
[0m
[33mTrajectory 2 completed due to: ENV_DONE. Reward is 0.0. 
[0m
[36mNumber of Trajectories 1/8 completed[0m
[36mNumber of Trajectories 2/8 completed[0m
[36mNumber of Trajectories 3/8 completed[0m
[33mTrajectory 4 completed due to: ENV_DONE. Reward is 0.0. 
[0m
[36mNumber of Trajectories 4/8 completed[0m
[36mNumber of Trajectories 5/8 completed[0m
[36mNumber of Trajectories 6/8 completed[0m
[36mNumber of Trajectories 7/8 completed[0m
[36mNumber of Trajectories 8/8 completed[0m
[32mTrajectory 7 completed due to: ENV_DONE. Reward is 1.0. 
[0m
[32mTrajectory 2 completed due to: ENV_DONE. Reward is 1.0. 
[0m
[32mTrajectory 3 completed due to: ENV_DONE. Reward is 1.0. 
[0m
[32mTrajectory 0 completed due to: ENV_DONE. Reward is 1.0. 
[0m
[32mTrajectory 5 completed due to: ENV_DONE. Reward is 1.0. 
[0m
[32mTrajectory 1 completed due to: ENV_DONE. Reward is 1.0. 
[0m
[32mTrajectory 4 completed due to: ENV_DONE. Reward is 1.0. 
[0m
[32mTrajectory 6 completed due to: ENV_DONE. Reward is 1.0. 
[0m
[36mNumber of Trajectories 1/8 completed[0m
[36mNumber of Trajectories 2/8 completed[0m
[36mNumber of Trajectories 3/8 completed[0m
[36mNumber of Trajectories 4/8 completed[0m
[36mNumber of Trajectories 5/8 completed[0m
[36mNumber of Trajectories 6/8 completed[0m
[36mNumber of Trajectories 7/8 completed[0m
[36mNumber of Trajectories 8/8 completed[0m
[33mTrajectory 0 completed due to: TRUNCATION. Reward is 0.0. 
[0m
[33mTrajectory 6 completed due to: TRUNCATION. Reward is 0.0. 
[0m
[33mTrajectory 2 completed due to: TRUNCATION. Reward is 0.0. 
[0m
[33mTrajectory 7 completed due to: TRUNCATION. Reward is 0.0. 
[0m
[33mTrajectory 4 completed due to: TRUNCATION. Reward is 0.0. 
[0m
[33mTrajectory 1 completed due to: TRUNCATION. Reward is 0.0. 
[0m
[33mTrajectory 5 completed due to: TRUNCATION. Reward is 0.0. 
[0m
[36mNumber of Trajectories 1/8 completed[0m
[36mNumber of Trajectories 2/8 completed[0m
[36mNumber of Trajectories 3/8 completed[0m
[36mNumber of Trajectories 4/8 completed[0m
[36mNumber of Trajectories 5/8 completed[0m
[36mNumber of Trajectories 6/8 completed[0m
[36mNumber of Trajectories 7/8 completed[0m
[33mTrajectory 3 completed due to: TRUNCATION. Reward is 0.0. 
[0m
[36mNumber of Trajectories 8/8 completed[0m
step:54 - grouping/num_groups:1 - grouping/num_samples:8 - advantage/mean:0.0 - advantage/std:0.0 - loss/grad_norm:0.0 - loss/policy:0.0 - policy/ratio_mean:0.9754476547241211 - time/sample:4.575323104858398 - time/train:39.38051962852478 - time/total:43.961190938949585 - reward/mean:0.3333333432674408 - reward/max:0.0 - reward/min:0.0 - batch/num_episodes:1 - distributed/num_processes:3 - distributed/rank:0
[32mTrajectory 7 completed due to: ENV_DONE. Reward is 1.0. 
[0m
[32mTrajectory 2 completed due to: ENV_DONE. Reward is 1.0. 
[0m
[32mTrajectory 3 completed due to: ENV_DONE. Reward is 1.0. 
[0m
[32mTrajectory 0 completed due to: ENV_DONE. Reward is 1.0. 
[0m
[32mTrajectory 5 completed due to: ENV_DONE. Reward is 1.0. 
[0m
[32mTrajectory 1 completed due to: ENV_DONE. Reward is 1.0. 
[0m
[32mTrajectory 4 completed due to: ENV_DONE. Reward is 1.0. 
[0m
[36mNumber of Trajectories 1/8 completed[0m
[36mNumber of Trajectories 2/8 completed[0m
[36mNumber of Trajectories 3/8 completed[0m
[36mNumber of Trajectories 4/8 completed[0m
[36mNumber of Trajectories 5/8 completed[0m
[36mNumber of Trajectories 6/8 completed[0m
[36mNumber of Trajectories 7/8 completed[0m
[32mTrajectory 6 completed due to: ENV_DONE. Reward is 1.0. 
[0m
[36mNumber of Trajectories 8/8 completed[0m
[33mTrajectory 0 completed due to: ENV_DONE. Reward is 0.0. 
[0m
[32mTrajectory 6 completed due to: ENV_DONE. Reward is 1.0. 
[0m
[32mTrajectory 7 completed due to: ENV_DONE. Reward is 1.0. 
[0m
[33mTrajectory 5 completed due to: TRUNCATION. Reward is 0.0. 
[0m
[32mTrajectory 4 completed due to: ENV_DONE. Reward is 1.0. 
[0m
[32mTrajectory 2 completed due to: ENV_DONE. Reward is 1.0. 
[0m
[32mTrajectory 3 completed due to: ENV_DONE. Reward is 1.0. 
[0m
[36mNumber of Trajectories 1/8 completed[0m
[36mNumber of Trajectories 2/8 completed[0m
[36mNumber of Trajectories 3/8 completed[0m
[36mNumber of Trajectories 4/8 completed[0m
[36mNumber of Trajectories 5/8 completed[0m
[36mNumber of Trajectories 6/8 completed[0m
[36mNumber of Trajectories 7/8 completed[0m
[33mTrajectory 1 completed due to: TRUNCATION. Reward is 0.0. 
[0m
[36mNumber of Trajectories 8/8 completed[0m
[33mTrajectory 0 completed due to: TRUNCATION. Reward is 0.0. 
[0m
[33mTrajectory 6 completed due to: TRUNCATION. Reward is 0.0. 
[0m
[33mTrajectory 2 completed due to: TRUNCATION. Reward is 0.0. 
[0m
[33mTrajectory 7 completed due to: TRUNCATION. Reward is 0.0. 
[0m
[33mTrajectory 4 completed due to: TRUNCATION. Reward is 0.0. 
[0m
[33mTrajectory 1 completed due to: TRUNCATION. Reward is 0.0. 
[0m
[33mTrajectory 5 completed due to: TRUNCATION. Reward is 0.0. 
[0m
[33mTrajectory 3 completed due to: TRUNCATION. Reward is 0.0. 
[0m
[36mNumber of Trajectories 1/8 completed[0m
[36mNumber of Trajectories 2/8 completed[0m
[36mNumber of Trajectories 3/8 completed[0m
[36mNumber of Trajectories 4/8 completed[0m
[36mNumber of Trajectories 5/8 completed[0m
[36mNumber of Trajectories 6/8 completed[0m
[36mNumber of Trajectories 7/8 completed[0m
[36mNumber of Trajectories 8/8 completed[0m
step:55 - grouping/num_groups:1 - grouping/num_samples:8 - advantage/mean:0.0 - advantage/std:0.4841229182759271 - loss/grad_norm:0.625 - loss/policy:0.6096222996711731 - policy/ratio_mean:0.9689574241638184 - time/sample:30.56464982032776 - time/train:35.65110397338867 - time/total:66.2232255935669 - reward/mean:0.5416666865348816 - reward/max:1.0 - reward/min:0.0 - batch/num_episodes:1 - distributed/num_processes:3 - distributed/rank:0
[32mTrajectory 5 completed due to: ENV_DONE. Reward is 1.0. 
[0m
[32mTrajectory 6 completed due to: ENV_DONE. Reward is 1.0. 
[0m
[32mTrajectory 7 completed due to: ENV_DONE. Reward is 1.0. 
[0m
[32mTrajectory 0 completed due to: ENV_DONE. Reward is 1.0. 
[0m
[32mTrajectory 1 completed due to: ENV_DONE. Reward is 1.0. 
[0m
[32mTrajectory 3 completed due to: ENV_DONE. Reward is 1.0. 
[0m
[32mTrajectory 2 completed due to: ENV_DONE. Reward is 1.0. 
[0m
[36mNumber of Trajectories 1/8 completed[0m
[36mNumber of Trajectories 2/8 completed[0m
[36mNumber of Trajectories 3/8 completed[0m
[32mTrajectory 4 completed due to: ENV_DONE. Reward is 1.0. 
[0m
[36mNumber of Trajectories 4/8 completed[0m
[36mNumber of Trajectories 5/8 completed[0m
[36mNumber of Trajectories 6/8 completed[0m
[36mNumber of Trajectories 7/8 completed[0m
[36mNumber of Trajectories 8/8 completed[0m
[33mTrajectory 7 completed due to: ENV_DONE. Reward is 0.0. 
[0m
[33mTrajectory 2 completed due to: ENV_DONE. Reward is 0.0. 
[0m
[33mTrajectory 3 completed due to: ENV_DONE. Reward is 0.0. 
[0m
[33mTrajectory 0 completed due to: ENV_DONE. Reward is 0.0. 
[0m
[33mTrajectory 5 completed due to: TRUNCATION. Reward is 0.0. 
[0m
[33mTrajectory 1 completed due to: ENV_DONE. Reward is 0.0. 
[0m
[33mTrajectory 4 completed due to: ENV_DONE. Reward is 0.0. 
[0m
[33mTrajectory 6 completed due to: ENV_DONE. Reward is 0.0. 
[0m
[36mNumber of Trajectories 1/8 completed[0m
[36mNumber of Trajectories 2/8 completed[0m
[36mNumber of Trajectories 3/8 completed[0m
[36mNumber of Trajectories 4/8 completed[0m
[36mNumber of Trajectories 5/8 completed[0m
[36mNumber of Trajectories 6/8 completed[0m
[36mNumber of Trajectories 7/8 completed[0m
[36mNumber of Trajectories 8/8 completed[0m
[32mTrajectory 0 completed due to: ENV_DONE. Reward is 1.0. 
[0m
[32mTrajectory 6 completed due to: ENV_DONE. Reward is 1.0. 
[0m
[32mTrajectory 2 completed due to: ENV_DONE. Reward is 1.0. 
[0m
[32mTrajectory 7 completed due to: ENV_DONE. Reward is 1.0. 
[0m
[32mTrajectory 4 completed due to: ENV_DONE. Reward is 1.0. 
[0m
[32mTrajectory 1 completed due to: ENV_DONE. Reward is 1.0. 
[0m
[32mTrajectory 5 completed due to: ENV_DONE. Reward is 1.0. 
[0m
[32mTrajectory 3 completed due to: ENV_DONE. Reward is 1.0. 
[0m
[36mNumber of Trajectories 1/8 completed[0m
[36mNumber of Trajectories 2/8 completed[0m
[36mNumber of Trajectories 3/8 completed[0m
[36mNumber of Trajectories 4/8 completed[0m
[36mNumber of Trajectories 5/8 completed[0m
[36mNumber of Trajectories 6/8 completed[0m
[36mNumber of Trajectories 7/8 completed[0m
[36mNumber of Trajectories 8/8 completed[0m
step:56 - grouping/num_groups:1 - grouping/num_samples:8 - advantage/mean:0.0 - advantage/std:0.0 - loss/grad_norm:0.0 - loss/policy:0.0 - policy/ratio_mean:0.9948052763938904 - time/sample:8.832929372787476 - time/train:31.072578191757202 - time/total:39.912360429763794 - reward/mean:0.6666666865348816 - reward/max:1.0 - reward/min:1.0 - batch/num_episodes:1 - distributed/num_processes:3 - distributed/rank:0
[32mTrajectory 0 completed due to: ENV_DONE. Reward is 1.0. 
[0m
[32mTrajectory 6 completed due to: ENV_DONE. Reward is 1.0. 
[0m
[33mTrajectory 2 completed due to: ENV_DONE. Reward is 0.0. 
[0m
[33mTrajectory 7 completed due to: ENV_DONE. Reward is 0.0. 
[0m
[33mTrajectory 4 completed due to: ENV_DONE. Reward is 0.0. 
[0m
[33mTrajectory 1 completed due to: ENV_DONE. Reward is 0.0. 
[0m
[32mTrajectory 5 completed due to: ENV_DONE. Reward is 1.0. 
[0m
[36mNumber of Trajectories 1/8 completed[0m
[36mNumber of Trajectories 2/8 completed[0m
[36mNumber of Trajectories 3/8 completed[0m
[33mTrajectory 3 completed due to: ENV_DONE. Reward is 0.0. 
[0m
[36mNumber of Trajectories 4/8 completed[0m
[36mNumber of Trajectories 5/8 completed[0m
[36mNumber of Trajectories 6/8 completed[0m
[36mNumber of Trajectories 7/8 completed[0m
[36mNumber of Trajectories 8/8 completed[0m
[32mTrajectory 7 completed due to: ENV_DONE. Reward is 1.0. 
[0m
[32mTrajectory 2 completed due to: ENV_DONE. Reward is 1.0. 
[0m
[32mTrajectory 3 completed due to: ENV_DONE. Reward is 1.0. 
[0m
[32mTrajectory 0 completed due to: ENV_DONE. Reward is 1.0. 
[0m
[32mTrajectory 5 completed due to: ENV_DONE. Reward is 1.0. 
[0m
[32mTrajectory 1 completed due to: ENV_DONE. Reward is 1.0. 
[0m
[32mTrajectory 4 completed due to: ENV_DONE. Reward is 1.0. 
[0m
[32mTrajectory 6 completed due to: ENV_DONE. Reward is 1.0. 
[0m
[36mNumber of Trajectories 1/8 completed[0m
[36mNumber of Trajectories 2/8 completed[0m
[36mNumber of Trajectories 3/8 completed[0m
[36mNumber of Trajectories 4/8 completed[0m
[36mNumber of Trajectories 5/8 completed[0m
[36mNumber of Trajectories 6/8 completed[0m
[36mNumber of Trajectories 7/8 completed[0m
[36mNumber of Trajectories 8/8 completed[0m
[33mTrajectory 0 completed due to: TRUNCATION. Reward is 0.0. 
[0m
[33mTrajectory 6 completed due to: TRUNCATION. Reward is 0.0. 
[0m
[33mTrajectory 7 completed due to: TRUNCATION. Reward is 0.0. 
[0m
[33mTrajectory 5 completed due to: TRUNCATION. Reward is 0.0. 
[0m
[33mTrajectory 4 completed due to: TRUNCATION. Reward is 0.0. 
[0m
[33mTrajectory 2 completed due to: TRUNCATION. Reward is 0.0. 
[0m
[33mTrajectory 3 completed due to: TRUNCATION. Reward is 0.0. 
[0m
[36mNumber of Trajectories 1/8 completed[0m
[36mNumber of Trajectories 2/8 completed[0m
[36mNumber of Trajectories 3/8 completed[0m
[33mTrajectory 1 completed due to: TRUNCATION. Reward is 0.0. 
[0m
[36mNumber of Trajectories 4/8 completed[0m
[36mNumber of Trajectories 5/8 completed[0m
[36mNumber of Trajectories 6/8 completed[0m
[36mNumber of Trajectories 7/8 completed[0m
[36mNumber of Trajectories 8/8 completed[0m
step:57 - grouping/num_groups:1 - grouping/num_samples:8 - advantage/mean:0.0 - advantage/std:0.0 - loss/grad_norm:0.296875 - loss/policy:0.0 - policy/ratio_mean:0.9557178616523743 - time/sample:43.0195529460907 - time/train:4.996835947036743 - time/total:48.02290606498718 - reward/mean:0.4583333432674408 - reward/max:0.0 - reward/min:0.0 - batch/num_episodes:1 - distributed/num_processes:3 - distributed/rank:0
[33mTrajectory 7 completed due to: ENV_DONE. Reward is 0.0. 
[0m
[33mTrajectory 2 completed due to: ENV_DONE. Reward is 0.0. 
[0m
[33mTrajectory 3 completed due to: ENV_DONE. Reward is 0.0. 
[0m
[33mTrajectory 0 completed due to: ENV_DONE. Reward is 0.0. 
[0m
[33mTrajectory 5 completed due to: ENV_DONE. Reward is 0.0. 
[0m
[33mTrajectory 1 completed due to: ENV_DONE. Reward is 0.0. 
[0m
[33mTrajectory 4 completed due to: ENV_DONE. Reward is 0.0. 
[0m
[36mNumber of Trajectories 1/8 completed[0m
[36mNumber of Trajectories 2/8 completed[0m
[36mNumber of Trajectories 3/8 completed[0m
[36mNumber of Trajectories 4/8 completed[0m
[36mNumber of Trajectories 5/8 completed[0m
[36mNumber of Trajectories 6/8 completed[0m
[36mNumber of Trajectories 7/8 completed[0m
[33mTrajectory 6 completed due to: ENV_DONE. Reward is 0.0. 
[0m
[36mNumber of Trajectories 8/8 completed[0m
[33mTrajectory 0 completed due to: TRUNCATION. Reward is 0.0. 
[0m
[33mTrajectory 6 completed due to: TRUNCATION. Reward is 0.0. 
[0m
[33mTrajectory 7 completed due to: TRUNCATION. Reward is 0.0. 
[0m
[33mTrajectory 5 completed due to: TRUNCATION. Reward is 0.0. 
[0m
[33mTrajectory 4 completed due to: TRUNCATION. Reward is 0.0. 
[0m
[33mTrajectory 2 completed due to: TRUNCATION. Reward is 0.0. 
[0m
[33mTrajectory 3 completed due to: TRUNCATION. Reward is 0.0. 
[0m
[33mTrajectory 1 completed due to: TRUNCATION. Reward is 0.0. 
[0m
[36mNumber of Trajectories 1/8 completed[0m
[36mNumber of Trajectories 2/8 completed[0m
[36mNumber of Trajectories 3/8 completed[0m
[36mNumber of Trajectories 4/8 completed[0m
[36mNumber of Trajectories 5/8 completed[0m
[36mNumber of Trajectories 6/8 completed[0m
[36mNumber of Trajectories 7/8 completed[0m
[36mNumber of Trajectories 8/8 completed[0m
[32mTrajectory 0 completed due to: ENV_DONE. Reward is 1.0. 
[0m
[32mTrajectory 6 completed due to: ENV_DONE. Reward is 1.0. 
[0m
[32mTrajectory 2 completed due to: ENV_DONE. Reward is 1.0. 
[0m
[32mTrajectory 7 completed due to: ENV_DONE. Reward is 1.0. 
[0m
[32mTrajectory 4 completed due to: ENV_DONE. Reward is 1.0. 
[0m
[32mTrajectory 1 completed due to: ENV_DONE. Reward is 1.0. 
[0m
[33mTrajectory 5 completed due to: TRUNCATION. Reward is 0.0. 
[0m
[32mTrajectory 3 completed due to: ENV_DONE. Reward is 1.0. 
[0m
[36mNumber of Trajectories 1/8 completed[0m
[36mNumber of Trajectories 2/8 completed[0m
[36mNumber of Trajectories 3/8 completed[0m
[36mNumber of Trajectories 4/8 completed[0m
[36mNumber of Trajectories 5/8 completed[0m
[36mNumber of Trajectories 6/8 completed[0m
[36mNumber of Trajectories 7/8 completed[0m
[36mNumber of Trajectories 8/8 completed[0m
step:58 - grouping/num_groups:1 - grouping/num_samples:8 - advantage/mean:0.0 - advantage/std:0.0 - loss/grad_norm:0.14453125 - loss/policy:0.0 - policy/ratio_mean:0.9745533466339111 - time/sample:41.81758642196655 - time/train:31.39350914955139 - time/total:73.2174243927002 - reward/mean:0.2916666865348816 - reward/max:0.0 - reward/min:0.0 - batch/num_episodes:1 - distributed/num_processes:3 - distributed/rank:0
[33mTrajectory 0 completed due to: TRUNCATION. Reward is 0.0. 
[0m
[32mTrajectory 6 completed due to: ENV_DONE. Reward is 1.0. 
[0m
[32mTrajectory 7 completed due to: ENV_DONE. Reward is 1.0. 
[0m
[32mTrajectory 5 completed due to: ENV_DONE. Reward is 1.0. 
[0m
[33mTrajectory 4 completed due to: ENV_DONE. Reward is 0.0. 
[0m
[33mTrajectory 2 completed due to: ENV_DONE. Reward is 0.0. 
[0m
[33mTrajectory 3 completed due to: ENV_DONE. Reward is 0.0. 
[0m
[32mTrajectory 1 completed due to: ENV_DONE. Reward is 1.0. 
[0m
[36mNumber of Trajectories 1/8 completed[0m
[36mNumber of Trajectories 2/8 completed[0m
[36mNumber of Trajectories 3/8 completed[0m
[36mNumber of Trajectories 4/8 completed[0m
[36mNumber of Trajectories 5/8 completed[0m
[36mNumber of Trajectories 6/8 completed[0m
[36mNumber of Trajectories 7/8 completed[0m
[36mNumber of Trajectories 8/8 completed[0m
[32mTrajectory 0 completed due to: ENV_DONE. Reward is 1.0. 
[0m
[32mTrajectory 6 completed due to: ENV_DONE. Reward is 1.0. 
[0m
[32mTrajectory 2 completed due to: ENV_DONE. Reward is 1.0. 
[0m
[32mTrajectory 7 completed due to: ENV_DONE. Reward is 1.0. 
[0m
[32mTrajectory 4 completed due to: ENV_DONE. Reward is 1.0. 
[0m
[32mTrajectory 1 completed due to: ENV_DONE. Reward is 1.0. 
[0m
[32mTrajectory 5 completed due to: ENV_DONE. Reward is 1.0. 
[0m
[32mTrajectory 3 completed due to: ENV_DONE. Reward is 1.0. 
[0m
[36mNumber of Trajectories 1/8 completed[0m
[36mNumber of Trajectories 2/8 completed[0m
[36mNumber of Trajectories 3/8 completed[0m
[36mNumber of Trajectories 4/8 completed[0m
[36mNumber of Trajectories 5/8 completed[0m
[36mNumber of Trajectories 6/8 completed[0m
[36mNumber of Trajectories 7/8 completed[0m
[36mNumber of Trajectories 8/8 completed[0m
[33mTrajectory 7 completed due to: ENV_DONE. Reward is 0.0. 
[0m
[33mTrajectory 2 completed due to: ENV_DONE. Reward is 0.0. 
[0m
[33mTrajectory 3 completed due to: ENV_DONE. Reward is 0.0. 
[0m
[33mTrajectory 0 completed due to: ENV_DONE. Reward is 0.0. 
[0m
[33mTrajectory 5 completed due to: ENV_DONE. Reward is 0.0. 
[0m
[33mTrajectory 1 completed due to: ENV_DONE. Reward is 0.0. 
[0m
[33mTrajectory 4 completed due to: ENV_DONE. Reward is 0.0. 
[0m
[33mTrajectory 6 completed due to: ENV_DONE. Reward is 0.0. 
[0m
[36mNumber of Trajectories 1/8 completed[0m
[36mNumber of Trajectories 2/8 completed[0m
[36mNumber of Trajectories 3/8 completed[0m
[36mNumber of Trajectories 4/8 completed[0m
[36mNumber of Trajectories 5/8 completed[0m
[36mNumber of Trajectories 6/8 completed[0m
[36mNumber of Trajectories 7/8 completed[0m
[36mNumber of Trajectories 8/8 completed[0m
step:59 - grouping/num_groups:1 - grouping/num_samples:8 - advantage/mean:0.0 - advantage/std:0.5 - loss/grad_norm:0.62109375 - loss/policy:-0.48677241802215576 - policy/ratio_mean:0.982252836227417 - time/sample:27.200015544891357 - time/train:17.63739538192749 - time/total:44.844722270965576 - reward/mean:0.5 - reward/max:1.0 - reward/min:0.0 - batch/num_episodes:1 - distributed/num_processes:3 - distributed/rank:0
[32mTrajectory 5 completed due to: ENV_DONE. Reward is 1.0. 
[0m
[32mTrajectory 6 completed due to: ENV_DONE. Reward is 1.0. 
[0m
[32mTrajectory 7 completed due to: ENV_DONE. Reward is 1.0. 
[0m
[32mTrajectory 0 completed due to: ENV_DONE. Reward is 1.0. 
[0m
[32mTrajectory 1 completed due to: ENV_DONE. Reward is 1.0. 
[0m
[32mTrajectory 3 completed due to: ENV_DONE. Reward is 1.0. 
[0m
[32mTrajectory 2 completed due to: ENV_DONE. Reward is 1.0. 
[0m
[32mTrajectory 4 completed due to: ENV_DONE. Reward is 1.0. 
[0m
[36mNumber of Trajectories 1/8 completed[0m
[36mNumber of Trajectories 2/8 completed[0m
[36mNumber of Trajectories 3/8 completed[0m
[36mNumber of Trajectories 4/8 completed[0m
[36mNumber of Trajectories 5/8 completed[0m
[36mNumber of Trajectories 6/8 completed[0m
[36mNumber of Trajectories 7/8 completed[0m
[36mNumber of Trajectories 8/8 completed[0m
[32mTrajectory 7 completed due to: ENV_DONE. Reward is 1.0. 
[0m
[32mTrajectory 2 completed due to: ENV_DONE. Reward is 1.0. 
[0m
[32mTrajectory 3 completed due to: ENV_DONE. Reward is 1.0. 
[0m
[32mTrajectory 0 completed due to: ENV_DONE. Reward is 1.0. 
[0m
[32mTrajectory 5 completed due to: ENV_DONE. Reward is 1.0. 
[0m
[32mTrajectory 1 completed due to: ENV_DONE. Reward is 1.0. 
[0m
[32mTrajectory 4 completed due to: ENV_DONE. Reward is 1.0. 
[0m
[32mTrajectory 6 completed due to: ENV_DONE. Reward is 1.0. 
[0m
[36mNumber of Trajectories 1/8 completed[0m
[36mNumber of Trajectories 2/8 completed[0m
[36mNumber of Trajectories 3/8 completed[0m
[36mNumber of Trajectories 4/8 completed[0m
[36mNumber of Trajectories 5/8 completed[0m
[36mNumber of Trajectories 6/8 completed[0m
[36mNumber of Trajectories 7/8 completed[0m
[36mNumber of Trajectories 8/8 completed[0m
[33mTrajectory 0 completed due to: ENV_DONE. Reward is 0.0. 
[0m
[32mTrajectory 6 completed due to: ENV_DONE. Reward is 1.0. 
[0m
[33mTrajectory 2 completed due to: ENV_DONE. Reward is 0.0. 
[0m
[33mTrajectory 7 completed due to: ENV_DONE. Reward is 0.0. 
[0m
[32mTrajectory 4 completed due to: ENV_DONE. Reward is 1.0. 
[0m
[32mTrajectory 1 completed due to: ENV_DONE. Reward is 1.0. 
[0m
[33mTrajectory 5 completed due to: ENV_DONE. Reward is 0.0. 
[0m
[36mNumber of Trajectories 1/8 completed[0m
[36mNumber of Trajectories 2/8 completed[0m
[36mNumber of Trajectories 3/8 completed[0m
[33mTrajectory 3 completed due to: ENV_DONE. Reward is 0.0. 
[0m
[36mNumber of Trajectories 4/8 completed[0m
[36mNumber of Trajectories 5/8 completed[0m
[36mNumber of Trajectories 6/8 completed[0m
[36mNumber of Trajectories 7/8 completed[0m
[36mNumber of Trajectories 8/8 completed[0m
step:60 - grouping/num_groups:1 - grouping/num_samples:8 - advantage/mean:0.0 - advantage/std:0.0 - loss/grad_norm:0.369140625 - loss/policy:0.0 - policy/ratio_mean:0.9845858812332153 - time/sample:0.9542231559753418 - time/train:52.54685401916504 - time/total:53.50589942932129 - reward/mean:0.7916666865348816 - reward/max:1.0 - reward/min:1.0 - batch/num_episodes:1 - distributed/num_processes:3 - distributed/rank:0
[33mTrajectory 5 completed due to: TRUNCATION. Reward is 0.0. 
[0m
[33mTrajectory 1 completed due to: TRUNCATION. Reward is 0.0. 
[0m
[33mTrajectory 6 completed due to: TRUNCATION. Reward is 0.0. 
[0m
[33mTrajectory 3 completed due to: TRUNCATION. Reward is 0.0. 
[0m
[33mTrajectory 0 completed due to: TRUNCATION. Reward is 0.0. 
[0m
[33mTrajectory 4 completed due to: TRUNCATION. Reward is 0.0. 
[0m
[32mTrajectory 2 completed due to: ENV_DONE. Reward is 1.0. 
[0m
[33mTrajectory 7 completed due to: TRUNCATION. Reward is 0.0. 
[0m
[36mNumber of Trajectories 1/8 completed[0m
[36mNumber of Trajectories 2/8 completed[0m
[36mNumber of Trajectories 3/8 completed[0m
[36mNumber of Trajectories 4/8 completed[0m
[36mNumber of Trajectories 5/8 completed[0m
[36mNumber of Trajectories 6/8 completed[0m
[36mNumber of Trajectories 7/8 completed[0m
[36mNumber of Trajectories 8/8 completed[0m
[33mTrajectory 1 completed due to: TRUNCATION. Reward is 0.0. 
[0m
[32mTrajectory 0 completed due to: TRUNCATION. Reward is 1.0. 
[0m
[36mNumber of Trajectories 1/2 completed[0m
[36mNumber of Trajectories 2/2 completed[0m
[33mTrajectory 6 completed due to: TRUNCATION. Reward is 0.0. 
[0m
[33mTrajectory 1 completed due to: ENV_DONE. Reward is 0.0. 
[0m
[32mTrajectory 2 completed due to: ENV_DONE. Reward is 1.0. 
[0m
[33mTrajectory 4 completed due to: TRUNCATION. Reward is 0.0. 
[0m
[33mTrajectory 0 completed due to: TRUNCATION. Reward is 0.0. 
[0m
[32mTrajectory 3 completed due to: ENV_DONE. Reward is 1.0. 
[0m
[33mTrajectory 7 completed due to: TRUNCATION. Reward is 0.0. 
[0m
[33mTrajectory 5 completed due to: TRUNCATION. Reward is 0.0. 
[0m
[36mNumber of Trajectories 1/8 completed[0m
[36mNumber of Trajectories 2/8 completed[0m
[36mNumber of Trajectories 3/8 completed[0m
[36mNumber of Trajectories 4/8 completed[0m
[36mNumber of Trajectories 5/8 completed[0m
[36mNumber of Trajectories 6/8 completed[0m
[36mNumber of Trajectories 7/8 completed[0m
[36mNumber of Trajectories 8/8 completed[0m
[32mTrajectory 4 completed due to: ENV_DONE. Reward is 1.0. 
[0m
[32mTrajectory 5 completed due to: ENV_DONE. Reward is 1.0. 
[0m
[33mTrajectory 6 completed due to: TRUNCATION. Reward is 0.0. 
[0m
[32mTrajectory 0 completed due to: ENV_DONE. Reward is 1.0. 
[0m
[33mTrajectory 2 completed due to: TRUNCATION. Reward is 0.0. 
[0m
[33mTrajectory 7 completed due to: TRUNCATION. Reward is 0.0. 
[0m
[33mTrajectory 1 completed due to: TRUNCATION. Reward is 0.0. 
[0m
[32mTrajectory 3 completed due to: ENV_DONE. Reward is 1.0. 
[0m
[36mNumber of Trajectories 1/8 completed[0m
[36mNumber of Trajectories 2/8 completed[0m
[36mNumber of Trajectories 3/8 completed[0m
[36mNumber of Trajectories 4/8 completed[0m
[36mNumber of Trajectories 5/8 completed[0m
[36mNumber of Trajectories 6/8 completed[0m
[36mNumber of Trajectories 7/8 completed[0m
[36mNumber of Trajectories 8/8 completed[0m
[32mTrajectory 0 completed due to: ENV_DONE. Reward is 1.0. 
[0m
[33mTrajectory 1 completed due to: TRUNCATION. Reward is 0.0. 
[0m
[36mNumber of Trajectories 1/2 completed[0m
[36mNumber of Trajectories 2/2 completed[0m
[32mTrajectory 0 completed due to: ENV_DONE. Reward is 1.0. 
[0m
[33mTrajectory 1 completed due to: TRUNCATION. Reward is 0.0. 
[0m
[36mNumber of Trajectories 1/2 completed[0m
[36mNumber of Trajectories 2/2 completed[0m
step:60 - val/reward_mean:0.30000001192092896 - val/reward_std:0.5 - val/reward_min:0.0 - val/reward_max:1.0 - val/turns_mean:1.0
[32mTrajectory 5 completed due to: ENV_DONE. Reward is 1.0. 
[0m
[33mTrajectory 4 completed due to: TRUNCATION. Reward is 0.0. 
[0m
[33mTrajectory 6 completed due to: TRUNCATION. Reward is 0.0. 
[0m
[33mTrajectory 0 completed due to: TRUNCATION. Reward is 0.0. 
[0m
[33mTrajectory 3 completed due to: TRUNCATION. Reward is 0.0. 
[0m
[32mTrajectory 7 completed due to: ENV_DONE. Reward is 1.0. 
[0m
[32mTrajectory 1 completed due to: ENV_DONE. Reward is 1.0. 
[0m
[33mTrajectory 2 completed due to: TRUNCATION. Reward is 0.0. 
[0m
[36mNumber of Trajectories 1/8 completed[0m
[36mNumber of Trajectories 2/8 completed[0m
[36mNumber of Trajectories 3/8 completed[0m
[36mNumber of Trajectories 4/8 completed[0m
[36mNumber of Trajectories 5/8 completed[0m
[36mNumber of Trajectories 6/8 completed[0m
[36mNumber of Trajectories 7/8 completed[0m
[36mNumber of Trajectories 8/8 completed[0m
[32mTrajectory 0 completed due to: ENV_DONE. Reward is 1.0. 
[0m
[32mTrajectory 5 completed due to: ENV_DONE. Reward is 1.0. 
[0m
[32mTrajectory 2 completed due to: ENV_DONE. Reward is 1.0. 
[0m
[32mTrajectory 7 completed due to: ENV_DONE. Reward is 1.0. 
[0m
[32mTrajectory 3 completed due to: ENV_DONE. Reward is 1.0. 
[0m
[32mTrajectory 1 completed due to: ENV_DONE. Reward is 1.0. 
[0m
[32mTrajectory 6 completed due to: ENV_DONE. Reward is 1.0. 
[0m
[32mTrajectory 4 completed due to: ENV_DONE. Reward is 1.0. 
[0m
[36mNumber of Trajectories 1/8 completed[0m
[36mNumber of Trajectories 2/8 completed[0m
[36mNumber of Trajectories 3/8 completed[0m
[36mNumber of Trajectories 4/8 completed[0m
[36mNumber of Trajectories 5/8 completed[0m
[36mNumber of Trajectories 6/8 completed[0m
[36mNumber of Trajectories 7/8 completed[0m
[36mNumber of Trajectories 8/8 completed[0m
[33mTrajectory 7 completed due to: TRUNCATION. Reward is 0.0. 
[0m
[33mTrajectory 2 completed due to: TRUNCATION. Reward is 0.0. 
[0m
[33mTrajectory 4 completed due to: TRUNCATION. Reward is 0.0. 
[0m
[33mTrajectory 0 completed due to: TRUNCATION. Reward is 0.0. 
[0m
[33mTrajectory 6 completed due to: TRUNCATION. Reward is 0.0. 
[0m
[33mTrajectory 1 completed due to: TRUNCATION. Reward is 0.0. 
[0m
[33mTrajectory 3 completed due to: TRUNCATION. Reward is 0.0. 
[0m
[33mTrajectory 5 completed due to: TRUNCATION. Reward is 0.0. 
[0m
[36mNumber of Trajectories 1/8 completed[0m
[36mNumber of Trajectories 2/8 completed[0m
[36mNumber of Trajectories 3/8 completed[0m
[36mNumber of Trajectories 4/8 completed[0m
[36mNumber of Trajectories 5/8 completed[0m
[36mNumber of Trajectories 6/8 completed[0m
[36mNumber of Trajectories 7/8 completed[0m
[36mNumber of Trajectories 8/8 completed[0m
step:61 - grouping/num_groups:1 - grouping/num_samples:8 - advantage/mean:0.0 - advantage/std:0.4841229182759271 - loss/grad_norm:0.439453125 - loss/policy:0.36466968059539795 - policy/ratio_mean:0.9641824960708618 - time/sample:31.244929313659668 - time/train:45.255287170410156 - time/total:76.57173800468445 - reward/mean:0.4583333432674408 - reward/max:1.0 - reward/min:0.0 - batch/num_episodes:1 - distributed/num_processes:3 - distributed/rank:0
[33mTrajectory 0 completed due to: ENV_DONE. Reward is 0.0. 
[0m
[33mTrajectory 5 completed due to: ENV_DONE. Reward is 0.0. 
[0m
[32mTrajectory 2 completed due to: ENV_DONE. Reward is 1.0. 
[0m
[33mTrajectory 7 completed due to: ENV_DONE. Reward is 0.0. 
[0m
[33mTrajectory 3 completed due to: ENV_DONE. Reward is 0.0. 
[0m
[33mTrajectory 1 completed due to: ENV_DONE. Reward is 0.0. 
[0m
[33mTrajectory 6 completed due to: ENV_DONE. Reward is 0.0. 
[0m
[33mTrajectory 4 completed due to: ENV_DONE. Reward is 0.0. 
[0m
[36mNumber of Trajectories 1/8 completed[0m
[36mNumber of Trajectories 2/8 completed[0m
[36mNumber of Trajectories 3/8 completed[0m
[36mNumber of Trajectories 4/8 completed[0m
[36mNumber of Trajectories 5/8 completed[0m
[36mNumber of Trajectories 6/8 completed[0m
[36mNumber of Trajectories 7/8 completed[0m
[36mNumber of Trajectories 8/8 completed[0m
[33mTrajectory 5 completed due to: TRUNCATION. Reward is 0.0. 
[0m
[33mTrajectory 4 completed due to: TRUNCATION. Reward is 0.0. 
[0m
[33mTrajectory 6 completed due to: TRUNCATION. Reward is 0.0. 
[0m
[33mTrajectory 0 completed due to: TRUNCATION. Reward is 0.0. 
[0m
[33mTrajectory 3 completed due to: TRUNCATION. Reward is 0.0. 
[0m
[33mTrajectory 7 completed due to: TRUNCATION. Reward is 0.0. 
[0m
[33mTrajectory 1 completed due to: TRUNCATION. Reward is 0.0. 
[0m
[36mNumber of Trajectories 1/8 completed[0m
[36mNumber of Trajectories 2/8 completed[0m
[36mNumber of Trajectories 3/8 completed[0m
[33mTrajectory 2 completed due to: TRUNCATION. Reward is 0.0. 
[0m
[36mNumber of Trajectories 4/8 completed[0m
[36mNumber of Trajectories 5/8 completed[0m
[36mNumber of Trajectories 6/8 completed[0m
[36mNumber of Trajectories 7/8 completed[0m
[36mNumber of Trajectories 8/8 completed[0m
[33mTrajectory 7 completed due to: TRUNCATION. Reward is 0.0. 
[0m
[33mTrajectory 2 completed due to: TRUNCATION. Reward is 0.0. 
[0m
[33mTrajectory 4 completed due to: TRUNCATION. Reward is 0.0. 
[0m
[33mTrajectory 0 completed due to: TRUNCATION. Reward is 0.0. 
[0m
[33mTrajectory 6 completed due to: TRUNCATION. Reward is 0.0. 
[0m
[33mTrajectory 1 completed due to: TRUNCATION. Reward is 0.0. 
[0m
[33mTrajectory 3 completed due to: TRUNCATION. Reward is 0.0. 
[0m
[32mTrajectory 5 completed due to: ENV_DONE. Reward is 1.0. 
[0m
[36mNumber of Trajectories 1/8 completed[0m
[36mNumber of Trajectories 2/8 completed[0m
[36mNumber of Trajectories 3/8 completed[0m
[36mNumber of Trajectories 4/8 completed[0m
[36mNumber of Trajectories 5/8 completed[0m
[36mNumber of Trajectories 6/8 completed[0m
[36mNumber of Trajectories 7/8 completed[0m
[36mNumber of Trajectories 8/8 completed[0m
step:62 - grouping/num_groups:1 - grouping/num_samples:8 - advantage/mean:0.0 - advantage/std:0.0 - loss/grad_norm:0.87890625 - loss/policy:0.0 - policy/ratio_mean:0.9875320196151733 - time/sample:33.51408767700195 - time/train:36.35231947898865 - time/total:69.87249517440796 - reward/mean:0.0833333358168602 - reward/max:0.0 - reward/min:0.0 - batch/num_episodes:1 - distributed/num_processes:3 - distributed/rank:0
[32mTrajectory 4 completed due to: ENV_DONE. Reward is 1.0. 
[0m
[32mTrajectory 0 completed due to: ENV_DONE. Reward is 1.0. 
[0m
[32mTrajectory 3 completed due to: ENV_DONE. Reward is 1.0. 
[0m
[32mTrajectory 2 completed due to: ENV_DONE. Reward is 1.0. 
[0m
[32mTrajectory 7 completed due to: ENV_DONE. Reward is 1.0. 
[0m
[33mTrajectory 5 completed due to: TRUNCATION. Reward is 0.0. 
[0m
[32mTrajectory 6 completed due to: ENV_DONE. Reward is 1.0. 
[0m
[32mTrajectory 1 completed due to: ENV_DONE. Reward is 1.0. 
[0m
[36mNumber of Trajectories 1/8 completed[0m
[36mNumber of Trajectories 2/8 completed[0m
[36mNumber of Trajectories 3/8 completed[0m
[36mNumber of Trajectories 4/8 completed[0m
[36mNumber of Trajectories 5/8 completed[0m
[36mNumber of Trajectories 6/8 completed[0m
[36mNumber of Trajectories 7/8 completed[0m
[36mNumber of Trajectories 8/8 completed[0m
[32mTrajectory 2 completed due to: ENV_DONE. Reward is 1.0. 
[0m
[32mTrajectory 4 completed due to: ENV_DONE. Reward is 1.0. 
[0m
[32mTrajectory 0 completed due to: ENV_DONE. Reward is 1.0. 
[0m
[33mTrajectory 7 completed due to: TRUNCATION. Reward is 0.0. 
[0m
[32mTrajectory 1 completed due to: ENV_DONE. Reward is 1.0. 
[0m
[32mTrajectory 3 completed due to: ENV_DONE. Reward is 1.0. 
[0m
[33mTrajectory 6 completed due to: TRUNCATION. Reward is 0.0. 
[0m
[32mTrajectory 5 completed due to: ENV_DONE. Reward is 1.0. 
[0m
[36mNumber of Trajectories 1/8 completed[0m
[36mNumber of Trajectories 2/8 completed[0m
[36mNumber of Trajectories 3/8 completed[0m
[36mNumber of Trajectories 4/8 completed[0m
[36mNumber of Trajectories 5/8 completed[0m
[36mNumber of Trajectories 6/8 completed[0m
[36mNumber of Trajectories 7/8 completed[0m
[36mNumber of Trajectories 8/8 completed[0m
[33mTrajectory 0 completed due to: ENV_DONE. Reward is 0.0. 
[0m
[33mTrajectory 5 completed due to: TRUNCATION. Reward is 0.0. 
[0m
[32mTrajectory 2 completed due to: ENV_DONE. Reward is 1.0. 
[0m
[33mTrajectory 7 completed due to: ENV_DONE. Reward is 0.0. 
[0m
[33mTrajectory 3 completed due to: TRUNCATION. Reward is 0.0. 
[0m
[33mTrajectory 1 completed due to: ENV_DONE. Reward is 0.0. 
[0m
[33mTrajectory 6 completed due to: ENV_DONE. Reward is 0.0. 
[0m
[33mTrajectory 4 completed due to: ENV_DONE. Reward is 0.0. 
[0m
[36mNumber of Trajectories 1/8 completed[0m
[36mNumber of Trajectories 2/8 completed[0m
[36mNumber of Trajectories 3/8 completed[0m
[36mNumber of Trajectories 4/8 completed[0m
[36mNumber of Trajectories 5/8 completed[0m
[36mNumber of Trajectories 6/8 completed[0m
[36mNumber of Trajectories 7/8 completed[0m
[36mNumber of Trajectories 8/8 completed[0m
step:63 - grouping/num_groups:1 - grouping/num_samples:8 - advantage/mean:0.0 - advantage/std:0.33071891388307384 - loss/grad_norm:0.2431640625 - loss/policy:-0.122227743268013 - policy/ratio_mean:0.9854331612586975 - time/sample:28.852288722991943 - time/train:61.26998472213745 - time/total:90.12934160232544 - reward/mean:0.5833333730697632 - reward/max:1.0 - reward/min:0.0 - batch/num_episodes:1 - distributed/num_processes:3 - distributed/rank:0
[33mTrajectory 0 completed due to: ENV_DONE. Reward is 0.0. 
[0m
[32mTrajectory 5 completed due to: ENV_DONE. Reward is 1.0. 
[0m
[33mTrajectory 2 completed due to: ENV_DONE. Reward is 0.0. 
[0m
[32mTrajectory 7 completed due to: ENV_DONE. Reward is 1.0. 
[0m
[32mTrajectory 3 completed due to: ENV_DONE. Reward is 1.0. 
[0m
[32mTrajectory 1 completed due to: ENV_DONE. Reward is 1.0. 
[0m
[33mTrajectory 6 completed due to: ENV_DONE. Reward is 0.0. 
[0m
[36mNumber of Trajectories 1/8 completed[0m
[36mNumber of Trajectories 2/8 completed[0m
[36mNumber of Trajectories 3/8 completed[0m
[32mTrajectory 4 completed due to: ENV_DONE. Reward is 1.0. 
[0m
[36mNumber of Trajectories 4/8 completed[0m
[36mNumber of Trajectories 5/8 completed[0m
[36mNumber of Trajectories 6/8 completed[0m
[36mNumber of Trajectories 7/8 completed[0m
[36mNumber of Trajectories 8/8 completed[0m
[32mTrajectory 4 completed due to: ENV_DONE. Reward is 1.0. 
[0m
[33mTrajectory 0 completed due to: ENV_DONE. Reward is 0.0. 
[0m
[33mTrajectory 3 completed due to: ENV_DONE. Reward is 0.0. 
[0m
[33mTrajectory 2 completed due to: ENV_DONE. Reward is 0.0. 
[0m
[32mTrajectory 7 completed due to: ENV_DONE. Reward is 1.0. 
[0m
[33mTrajectory 5 completed due to: ENV_DONE. Reward is 0.0. 
[0m
[33mTrajectory 6 completed due to: ENV_DONE. Reward is 0.0. 
[0m
[33mTrajectory 1 completed due to: ENV_DONE. Reward is 0.0. 
[0m
[36mNumber of Trajectories 1/8 completed[0m
[36mNumber of Trajectories 2/8 completed[0m
[36mNumber of Trajectories 3/8 completed[0m
[36mNumber of Trajectories 4/8 completed[0m
[36mNumber of Trajectories 5/8 completed[0m
[36mNumber of Trajectories 6/8 completed[0m
[36mNumber of Trajectories 7/8 completed[0m
[36mNumber of Trajectories 8/8 completed[0m
[33mTrajectory 7 completed due to: ENV_DONE. Reward is 0.0. 
[0m
[33mTrajectory 2 completed due to: ENV_DONE. Reward is 0.0. 
[0m
[33mTrajectory 4 completed due to: ENV_DONE. Reward is 0.0. 
[0m
[33mTrajectory 0 completed due to: ENV_DONE. Reward is 0.0. 
[0m
[33mTrajectory 6 completed due to: ENV_DONE. Reward is 0.0. 
[0m
[33mTrajectory 1 completed due to: ENV_DONE. Reward is 0.0. 
[0m
[33mTrajectory 3 completed due to: ENV_DONE. Reward is 0.0. 
[0m
[33mTrajectory 5 completed due to: ENV_DONE. Reward is 0.0. 
[0m
[36mNumber of Trajectories 1/8 completed[0m
[36mNumber of Trajectories 2/8 completed[0m
[36mNumber of Trajectories 3/8 completed[0m
[36mNumber of Trajectories 4/8 completed[0m
[36mNumber of Trajectories 5/8 completed[0m
[36mNumber of Trajectories 6/8 completed[0m
[36mNumber of Trajectories 7/8 completed[0m
[36mNumber of Trajectories 8/8 completed[0m
step:64 - grouping/num_groups:1 - grouping/num_samples:8 - advantage/mean:0.0 - advantage/std:0.4330127018922193 - loss/grad_norm:0.54296875 - loss/policy:0.2453455775976181 - policy/ratio_mean:0.9776365756988525 - time/sample:8.251654386520386 - time/train:9.88345193862915 - time/total:18.141029834747314 - reward/mean:0.2916666865348816 - reward/max:1.0 - reward/min:0.0 - batch/num_episodes:1 - distributed/num_processes:3 - distributed/rank:0
[32mTrajectory 7 completed due to: ENV_DONE. Reward is 1.0. 
[0m
[32mTrajectory 2 completed due to: ENV_DONE. Reward is 1.0. 
[0m
[32mTrajectory 4 completed due to: ENV_DONE. Reward is 1.0. 
[0m
[32mTrajectory 0 completed due to: ENV_DONE. Reward is 1.0. 
[0m
[32mTrajectory 6 completed due to: ENV_DONE. Reward is 1.0. 
[0m
[32mTrajectory 1 completed due to: ENV_DONE. Reward is 1.0. 
[0m
[32mTrajectory 3 completed due to: ENV_DONE. Reward is 1.0. 
[0m
[32mTrajectory 5 completed due to: ENV_DONE. Reward is 1.0. 
[0m
[36mNumber of Trajectories 1/8 completed[0m
[36mNumber of Trajectories 2/8 completed[0m
[36mNumber of Trajectories 3/8 completed[0m
[36mNumber of Trajectories 4/8 completed[0m
[36mNumber of Trajectories 5/8 completed[0m
[36mNumber of Trajectories 6/8 completed[0m
[36mNumber of Trajectories 7/8 completed[0m
[36mNumber of Trajectories 8/8 completed[0m
[33mTrajectory 0 completed due to: TRUNCATION. Reward is 0.0. 
[0m
[33mTrajectory 5 completed due to: TRUNCATION. Reward is 0.0. 
[0m
[33mTrajectory 2 completed due to: TRUNCATION. Reward is 0.0. 
[0m
[33mTrajectory 7 completed due to: TRUNCATION. Reward is 0.0. 
[0m
[33mTrajectory 3 completed due to: TRUNCATION. Reward is 0.0. 
[0m
[33mTrajectory 1 completed due to: TRUNCATION. Reward is 0.0. 
[0m
[33mTrajectory 6 completed due to: TRUNCATION. Reward is 0.0. 
[0m
[36mNumber of Trajectories 1/8 completed[0m
[36mNumber of Trajectories 2/8 completed[0m
[36mNumber of Trajectories 3/8 completed[0m
[36mNumber of Trajectories 4/8 completed[0m
[36mNumber of Trajectories 5/8 completed[0m
[36mNumber of Trajectories 6/8 completed[0m
[36mNumber of Trajectories 7/8 completed[0m
[33mTrajectory 4 completed due to: TRUNCATION. Reward is 0.0. 
[0m
[36mNumber of Trajectories 8/8 completed[0m
[33mTrajectory 1 completed due to: TRUNCATION. Reward is 0.0. 
[0m
[33mTrajectory 2 completed due to: TRUNCATION. Reward is 0.0. 
[0m
[33mTrajectory 5 completed due to: ENV_DONE. Reward is 0.0. 
[0m
[32mTrajectory 3 completed due to: ENV_DONE. Reward is 1.0. 
[0m
[33mTrajectory 7 completed due to: TRUNCATION. Reward is 0.0. 
[0m
[33mTrajectory 0 completed due to: TRUNCATION. Reward is 0.0. 
[0m
[33mTrajectory 6 completed due to: TRUNCATION. Reward is 0.0. 
[0m
[36mNumber of Trajectories 1/8 completed[0m
[36mNumber of Trajectories 2/8 completed[0m
[36mNumber of Trajectories 3/8 completed[0m
[36mNumber of Trajectories 4/8 completed[0m
[36mNumber of Trajectories 5/8 completed[0m
[36mNumber of Trajectories 6/8 completed[0m
[36mNumber of Trajectories 7/8 completed[0m
[33mTrajectory 4 completed due to: TRUNCATION. Reward is 0.0. 
[0m
[36mNumber of Trajectories 8/8 completed[0m
step:65 - grouping/num_groups:1 - grouping/num_samples:8 - advantage/mean:0.0 - advantage/std:0.33071891388307384 - loss/grad_norm:0.11962890625 - loss/policy:0.12250789254903793 - policy/ratio_mean:0.9727058410644531 - time/sample:66.01923203468323 - time/train:5.234741449356079 - time/total:71.26013660430908 - reward/mean:0.375 - reward/max:1.0 - reward/min:0.0 - batch/num_episodes:1 - distributed/num_processes:3 - distributed/rank:0
[32mTrajectory 4 completed due to: ENV_DONE. Reward is 1.0. 
[0m
[32mTrajectory 0 completed due to: ENV_DONE. Reward is 1.0. 
[0m
[32mTrajectory 3 completed due to: ENV_DONE. Reward is 1.0. 
[0m
[32mTrajectory 2 completed due to: ENV_DONE. Reward is 1.0. 
[0m
[32mTrajectory 7 completed due to: ENV_DONE. Reward is 1.0. 
[0m
[32mTrajectory 5 completed due to: ENV_DONE. Reward is 1.0. 
[0m
[32mTrajectory 6 completed due to: ENV_DONE. Reward is 1.0. 
[0m
[32mTrajectory 1 completed due to: ENV_DONE. Reward is 1.0. 
[0m
[36mNumber of Trajectories 1/8 completed[0m
[36mNumber of Trajectories 2/8 completed[0m
[36mNumber of Trajectories 3/8 completed[0m
[36mNumber of Trajectories 4/8 completed[0m
[36mNumber of Trajectories 5/8 completed[0m
[36mNumber of Trajectories 6/8 completed[0m
[36mNumber of Trajectories 7/8 completed[0m
[36mNumber of Trajectories 8/8 completed[0m
[32mTrajectory 0 completed due to: ENV_DONE. Reward is 1.0. 
[0m
[32mTrajectory 5 completed due to: ENV_DONE. Reward is 1.0. 
[0m
[32mTrajectory 2 completed due to: ENV_DONE. Reward is 1.0. 
[0m
[32mTrajectory 7 completed due to: ENV_DONE. Reward is 1.0. 
[0m
[32mTrajectory 3 completed due to: ENV_DONE. Reward is 1.0. 
[0m
[32mTrajectory 1 completed due to: ENV_DONE. Reward is 1.0. 
[0m
[32mTrajectory 6 completed due to: ENV_DONE. Reward is 1.0. 
[0m
[36mNumber of Trajectories 1/8 completed[0m
[36mNumber of Trajectories 2/8 completed[0m
[36mNumber of Trajectories 3/8 completed[0m
[32mTrajectory 4 completed due to: ENV_DONE. Reward is 1.0. 
[0m
[36mNumber of Trajectories 4/8 completed[0m
[36mNumber of Trajectories 5/8 completed[0m
[36mNumber of Trajectories 6/8 completed[0m
[36mNumber of Trajectories 7/8 completed[0m
[36mNumber of Trajectories 8/8 completed[0m
[33mTrajectory 7 completed due to: TRUNCATION. Reward is 0.0. 
[0m
[33mTrajectory 2 completed due to: TRUNCATION. Reward is 0.0. 
[0m
[33mTrajectory 4 completed due to: TRUNCATION. Reward is 0.0. 
[0m
[33mTrajectory 0 completed due to: TRUNCATION. Reward is 0.0. 
[0m
[33mTrajectory 6 completed due to: TRUNCATION. Reward is 0.0. 
[0m
[33mTrajectory 1 completed due to: TRUNCATION. Reward is 0.0. 
[0m
[33mTrajectory 3 completed due to: TRUNCATION. Reward is 0.0. 
[0m
[33mTrajectory 5 completed due to: TRUNCATION. Reward is 0.0. 
[0m
[36mNumber of Trajectories 1/8 completed[0m
[36mNumber of Trajectories 2/8 completed[0m
[36mNumber of Trajectories 3/8 completed[0m
[36mNumber of Trajectories 4/8 completed[0m
[36mNumber of Trajectories 5/8 completed[0m
[36mNumber of Trajectories 6/8 completed[0m
[36mNumber of Trajectories 7/8 completed[0m
[36mNumber of Trajectories 8/8 completed[0m
step:66 - grouping/num_groups:1 - grouping/num_samples:8 - advantage/mean:0.0 - advantage/std:0.0 - loss/grad_norm:0.0 - loss/policy:0.0 - policy/ratio_mean:0.98283451795578 - time/sample:7.3433897495269775 - time/train:62.267666816711426 - time/total:69.61755108833313 - reward/mean:0.6666666865348816 - reward/max:1.0 - reward/min:1.0 - batch/num_episodes:1 - distributed/num_processes:3 - distributed/rank:0
[32mTrajectory 7 completed due to: ENV_DONE. Reward is 1.0. 
[0m
[32mTrajectory 2 completed due to: ENV_DONE. Reward is 1.0. 
[0m
[32mTrajectory 4 completed due to: ENV_DONE. Reward is 1.0. 
[0m
[32mTrajectory 0 completed due to: ENV_DONE. Reward is 1.0. 
[0m
[32mTrajectory 6 completed due to: ENV_DONE. Reward is 1.0. 
[0m
[32mTrajectory 1 completed due to: ENV_DONE. Reward is 1.0. 
[0m
[32mTrajectory 3 completed due to: ENV_DONE. Reward is 1.0. 
[0m
[32mTrajectory 5 completed due to: ENV_DONE. Reward is 1.0. 
[0m
[36mNumber of Trajectories 1/8 completed[0m
[36mNumber of Trajectories 2/8 completed[0m
[36mNumber of Trajectories 3/8 completed[0m
[36mNumber of Trajectories 4/8 completed[0m
[36mNumber of Trajectories 5/8 completed[0m
[36mNumber of Trajectories 6/8 completed[0m
[36mNumber of Trajectories 7/8 completed[0m
[36mNumber of Trajectories 8/8 completed[0m
[32mTrajectory 1 completed due to: ENV_DONE. Reward is 1.0. 
[0m
[33mTrajectory 2 completed due to: TRUNCATION. Reward is 0.0. 
[0m
[33mTrajectory 5 completed due to: TRUNCATION. Reward is 0.0. 
[0m
[32mTrajectory 3 completed due to: TRUNCATION. Reward is 1.0. 
[0m
[33mTrajectory 7 completed due to: TRUNCATION. Reward is 0.0. 
[0m
[33mTrajectory 0 completed due to: TRUNCATION. Reward is 0.0. 
[0m
[33mTrajectory 6 completed due to: TRUNCATION. Reward is 0.0. 
[0m
[33mTrajectory 4 completed due to: TRUNCATION. Reward is 0.0. 
[0m
[36mNumber of Trajectories 1/8 completed[0m
[36mNumber of Trajectories 2/8 completed[0m
[36mNumber of Trajectories 3/8 completed[0m
[36mNumber of Trajectories 4/8 completed[0m
[36mNumber of Trajectories 5/8 completed[0m
[36mNumber of Trajectories 6/8 completed[0m
[36mNumber of Trajectories 7/8 completed[0m
[36mNumber of Trajectories 8/8 completed[0m
[32mTrajectory 0 completed due to: ENV_DONE. Reward is 1.0. 
[0m
[32mTrajectory 5 completed due to: ENV_DONE. Reward is 1.0. 
[0m
[32mTrajectory 2 completed due to: ENV_DONE. Reward is 1.0. 
[0m
[32mTrajectory 7 completed due to: ENV_DONE. Reward is 1.0. 
[0m
[32mTrajectory 3 completed due to: ENV_DONE. Reward is 1.0. 
[0m
[32mTrajectory 1 completed due to: ENV_DONE. Reward is 1.0. 
[0m
[32mTrajectory 6 completed due to: ENV_DONE. Reward is 1.0. 
[0m
[32mTrajectory 4 completed due to: ENV_DONE. Reward is 1.0. 
[0m
[36mNumber of Trajectories 1/8 completed[0m
[36mNumber of Trajectories 2/8 completed[0m
[36mNumber of Trajectories 3/8 completed[0m
[36mNumber of Trajectories 4/8 completed[0m
[36mNumber of Trajectories 5/8 completed[0m
[36mNumber of Trajectories 6/8 completed[0m
[36mNumber of Trajectories 7/8 completed[0m
[36mNumber of Trajectories 8/8 completed[0m
step:67 - grouping/num_groups:1 - grouping/num_samples:8 - advantage/mean:0.0 - advantage/std:0.33071891388307384 - loss/grad_norm:0.10302734375 - loss/policy:0.12305840104818344 - policy/ratio_mean:0.9796216487884521 - time/sample:51.36128783226013 - time/train:11.911299467086792 - time/total:63.27907657623291 - reward/mean:0.7083333730697632 - reward/max:1.0 - reward/min:0.0 - batch/num_episodes:1 - distributed/num_processes:3 - distributed/rank:0
[33mTrajectory 7 completed due to: ENV_DONE. Reward is 0.0. 
[0m
[33mTrajectory 2 completed due to: ENV_DONE. Reward is 0.0. 
[0m
[33mTrajectory 4 completed due to: ENV_DONE. Reward is 0.0. 
[0m
[33mTrajectory 0 completed due to: ENV_DONE. Reward is 0.0. 
[0m
[33mTrajectory 6 completed due to: ENV_DONE. Reward is 0.0. 
[0m
[33mTrajectory 1 completed due to: ENV_DONE. Reward is 0.0. 
[0m
[33mTrajectory 3 completed due to: ENV_DONE. Reward is 0.0. 
[0m
[33mTrajectory 5 completed due to: ENV_DONE. Reward is 0.0. 
[0m
[36mNumber of Trajectories 1/8 completed[0m
[36mNumber of Trajectories 2/8 completed[0m
[36mNumber of Trajectories 3/8 completed[0m
[36mNumber of Trajectories 4/8 completed[0m
[36mNumber of Trajectories 5/8 completed[0m
[36mNumber of Trajectories 6/8 completed[0m
[36mNumber of Trajectories 7/8 completed[0m
[36mNumber of Trajectories 8/8 completed[0m
[32mTrajectory 0 completed due to: ENV_DONE. Reward is 1.0. 
[0m
[32mTrajectory 5 completed due to: ENV_DONE. Reward is 1.0. 
[0m
[32mTrajectory 2 completed due to: ENV_DONE. Reward is 1.0. 
[0m
[32mTrajectory 7 completed due to: ENV_DONE. Reward is 1.0. 
[0m
[32mTrajectory 3 completed due to: ENV_DONE. Reward is 1.0. 
[0m
[32mTrajectory 1 completed due to: ENV_DONE. Reward is 1.0. 
[0m
[32mTrajectory 6 completed due to: ENV_DONE. Reward is 1.0. 
[0m
[36mNumber of Trajectories 1/8 completed[0m
[36mNumber of Trajectories 2/8 completed[0m
[36mNumber of Trajectories 3/8 completed[0m
[32mTrajectory 4 completed due to: ENV_DONE. Reward is 1.0. 
[0m
[36mNumber of Trajectories 4/8 completed[0m
[36mNumber of Trajectories 5/8 completed[0m
[36mNumber of Trajectories 6/8 completed[0m
[36mNumber of Trajectories 7/8 completed[0m
[36mNumber of Trajectories 8/8 completed[0m
[32mTrajectory 4 completed due to: ENV_DONE. Reward is 1.0. 
[0m
[32mTrajectory 0 completed due to: ENV_DONE. Reward is 1.0. 
[0m
[32mTrajectory 3 completed due to: ENV_DONE. Reward is 1.0. 
[0m
[32mTrajectory 2 completed due to: ENV_DONE. Reward is 1.0. 
[0m
[32mTrajectory 7 completed due to: ENV_DONE. Reward is 1.0. 
[0m
[32mTrajectory 5 completed due to: ENV_DONE. Reward is 1.0. 
[0m
[32mTrajectory 6 completed due to: ENV_DONE. Reward is 1.0. 
[0m
[32mTrajectory 1 completed due to: ENV_DONE. Reward is 1.0. 
[0m
[36mNumber of Trajectories 1/8 completed[0m
[36mNumber of Trajectories 2/8 completed[0m
[36mNumber of Trajectories 3/8 completed[0m
[36mNumber of Trajectories 4/8 completed[0m
[36mNumber of Trajectories 5/8 completed[0m
[36mNumber of Trajectories 6/8 completed[0m
[36mNumber of Trajectories 7/8 completed[0m
[36mNumber of Trajectories 8/8 completed[0m
step:68 - grouping/num_groups:1 - grouping/num_samples:8 - advantage/mean:0.0 - advantage/std:0.0 - loss/grad_norm:0.0 - loss/policy:0.0 - policy/ratio_mean:0.9842599034309387 - time/sample:25.12150502204895 - time/train:2.6087236404418945 - time/total:27.738487243652344 - reward/mean:0.6666666865348816 - reward/max:1.0 - reward/min:1.0 - batch/num_episodes:1 - distributed/num_processes:3 - distributed/rank:0
[32mTrajectory 0 completed due to: ENV_DONE. Reward is 1.0. 
[0m
[32mTrajectory 5 completed due to: ENV_DONE. Reward is 1.0. 
[0m
[33mTrajectory 2 completed due to: ENV_DONE. Reward is 0.0. 
[0m
[32mTrajectory 7 completed due to: ENV_DONE. Reward is 1.0. 
[0m
[32mTrajectory 3 completed due to: ENV_DONE. Reward is 1.0. 
[0m
[33mTrajectory 1 completed due to: TRUNCATION. Reward is 0.0. 
[0m
[32mTrajectory 6 completed due to: ENV_DONE. Reward is 1.0. 
[0m
[36mNumber of Trajectories 1/8 completed[0m
[36mNumber of Trajectories 2/8 completed[0m
[36mNumber of Trajectories 3/8 completed[0m
[32mTrajectory 4 completed due to: ENV_DONE. Reward is 1.0. 
[0m
[36mNumber of Trajectories 4/8 completed[0m
[36mNumber of Trajectories 5/8 completed[0m
[36mNumber of Trajectories 6/8 completed[0m
[36mNumber of Trajectories 7/8 completed[0m
[36mNumber of Trajectories 8/8 completed[0m
[32mTrajectory 1 completed due to: TRUNCATION. Reward is 1.0. 
[0m
[33mTrajectory 2 completed due to: TRUNCATION. Reward is 0.0. 
[0m
[32mTrajectory 5 completed due to: ENV_DONE. Reward is 1.0. 
[0m
[32mTrajectory 3 completed due to: ENV_DONE. Reward is 1.0. 
[0m
[33mTrajectory 7 completed due to: TRUNCATION. Reward is 0.0. 
[0m
[32mTrajectory 0 completed due to: ENV_DONE. Reward is 1.0. 
[0m
[32mTrajectory 6 completed due to: ENV_DONE. Reward is 1.0. 
[0m
[32mTrajectory 4 completed due to: ENV_DONE. Reward is 1.0. 
[0m
[36mNumber of Trajectories 1/8 completed[0m
[36mNumber of Trajectories 2/8 completed[0m
[36mNumber of Trajectories 3/8 completed[0m
[36mNumber of Trajectories 4/8 completed[0m
[36mNumber of Trajectories 5/8 completed[0m
[36mNumber of Trajectories 6/8 completed[0m
[36mNumber of Trajectories 7/8 completed[0m
[36mNumber of Trajectories 8/8 completed[0m
[33mTrajectory 7 completed due to: ENV_DONE. Reward is 0.0. 
[0m
[33mTrajectory 2 completed due to: ENV_DONE. Reward is 0.0. 
[0m
[33mTrajectory 4 completed due to: TRUNCATION. Reward is 0.0. 
[0m
[33mTrajectory 0 completed due to: ENV_DONE. Reward is 0.0. 
[0m
[33mTrajectory 6 completed due to: ENV_DONE. Reward is 0.0. 
[0m
[33mTrajectory 1 completed due to: ENV_DONE. Reward is 0.0. 
[0m
[33mTrajectory 3 completed due to: ENV_DONE. Reward is 0.0. 
[0m
[36mNumber of Trajectories 1/8 completed[0m
[36mNumber of Trajectories 2/8 completed[0m
[36mNumber of Trajectories 3/8 completed[0m
[33mTrajectory 5 completed due to: ENV_DONE. Reward is 0.0. 
[0m
[36mNumber of Trajectories 4/8 completed[0m
[36mNumber of Trajectories 5/8 completed[0m
[36mNumber of Trajectories 6/8 completed[0m
[36mNumber of Trajectories 7/8 completed[0m
[36mNumber of Trajectories 8/8 completed[0m
step:69 - grouping/num_groups:1 - grouping/num_samples:8 - advantage/mean:0.0 - advantage/std:0.4841229182759271 - loss/grad_norm:0.412109375 - loss/policy:-0.36415138840675354 - policy/ratio_mean:0.9789693355560303 - time/sample:58.22687602043152 - time/train:31.35846781730652 - time/total:89.59214210510254 - reward/mean:0.4583333432674408 - reward/max:1.0 - reward/min:0.0 - batch/num_episodes:1 - distributed/num_processes:3 - distributed/rank:0
[32mTrajectory 1 completed due to: ENV_DONE. Reward is 1.0. 
[0m
[32mTrajectory 2 completed due to: ENV_DONE. Reward is 1.0. 
[0m
[32mTrajectory 5 completed due to: ENV_DONE. Reward is 1.0. 
[0m
[32mTrajectory 3 completed due to: ENV_DONE. Reward is 1.0. 
[0m
[32mTrajectory 7 completed due to: ENV_DONE. Reward is 1.0. 
[0m
[32mTrajectory 0 completed due to: ENV_DONE. Reward is 1.0. 
[0m
[32mTrajectory 6 completed due to: ENV_DONE. Reward is 1.0. 
[0m
[32mTrajectory 4 completed due to: ENV_DONE. Reward is 1.0. 
[0m
[36mNumber of Trajectories 1/8 completed[0m
[36mNumber of Trajectories 2/8 completed[0m
[36mNumber of Trajectories 3/8 completed[0m
[36mNumber of Trajectories 4/8 completed[0m
[36mNumber of Trajectories 5/8 completed[0m
[36mNumber of Trajectories 6/8 completed[0m
[36mNumber of Trajectories 7/8 completed[0m
[36mNumber of Trajectories 8/8 completed[0m
[33mTrajectory 7 completed due to: TRUNCATION. Reward is 0.0. 
[0m
[33mTrajectory 2 completed due to: TRUNCATION. Reward is 0.0. 
[0m
[33mTrajectory 4 completed due to: TRUNCATION. Reward is 0.0. 
[0m
[33mTrajectory 0 completed due to: TRUNCATION. Reward is 0.0. 
[0m
[33mTrajectory 6 completed due to: TRUNCATION. Reward is 0.0. 
[0m
[33mTrajectory 1 completed due to: TRUNCATION. Reward is 0.0. 
[0m
[33mTrajectory 3 completed due to: TRUNCATION. Reward is 0.0. 
[0m
[36mNumber of Trajectories 1/8 completed[0m
[36mNumber of Trajectories 2/8 completed[0m
[36mNumber of Trajectories 3/8 completed[0m
[33mTrajectory 5 completed due to: TRUNCATION. Reward is 0.0. 
[0m
[36mNumber of Trajectories 4/8 completed[0m
[36mNumber of Trajectories 5/8 completed[0m
[36mNumber of Trajectories 6/8 completed[0m
[36mNumber of Trajectories 7/8 completed[0m
[36mNumber of Trajectories 8/8 completed[0m
[33mTrajectory 0 completed due to: ENV_DONE. Reward is 0.0. 
[0m
[33mTrajectory 5 completed due to: ENV_DONE. Reward is 0.0. 
[0m
[33mTrajectory 2 completed due to: ENV_DONE. Reward is 0.0. 
[0m
[33mTrajectory 7 completed due to: ENV_DONE. Reward is 0.0. 
[0m
[33mTrajectory 3 completed due to: ENV_DONE. Reward is 0.0. 
[0m
[33mTrajectory 1 completed due to: ENV_DONE. Reward is 0.0. 
[0m
[33mTrajectory 6 completed due to: TRUNCATION. Reward is 0.0. 
[0m
[33mTrajectory 4 completed due to: ENV_DONE. Reward is 0.0. 
[0m
[36mNumber of Trajectories 1/8 completed[0m
[36mNumber of Trajectories 2/8 completed[0m
[36mNumber of Trajectories 3/8 completed[0m
[36mNumber of Trajectories 4/8 completed[0m
[36mNumber of Trajectories 5/8 completed[0m
[36mNumber of Trajectories 6/8 completed[0m
[36mNumber of Trajectories 7/8 completed[0m
[36mNumber of Trajectories 8/8 completed[0m
step:70 - grouping/num_groups:1 - grouping/num_samples:8 - advantage/mean:0.0 - advantage/std:0.0 - loss/grad_norm:0.0 - loss/policy:0.0 - policy/ratio_mean:0.9883100986480713 - time/sample:5.615256309509277 - time/train:65.49805164337158 - time/total:71.11920642852783 - reward/mean:0.3333333432674408 - reward/max:1.0 - reward/min:1.0 - batch/num_episodes:1 - distributed/num_processes:3 - distributed/rank:0
[33mTrajectory 1 completed due to: ENV_DONE. Reward is 0.0. 
[0m
[33mTrajectory 2 completed due to: ENV_DONE. Reward is 0.0. 
[0m
[33mTrajectory 5 completed due to: ENV_DONE. Reward is 0.0. 
[0m
[33mTrajectory 3 completed due to: ENV_DONE. Reward is 0.0. 
[0m
[33mTrajectory 7 completed due to: ENV_DONE. Reward is 0.0. 
[0m
[33mTrajectory 0 completed due to: ENV_DONE. Reward is 0.0. 
[0m
[33mTrajectory 6 completed due to: ENV_DONE. Reward is 0.0. 
[0m
[36mNumber of Trajectories 1/8 completed[0m
[36mNumber of Trajectories 2/8 completed[0m
[36mNumber of Trajectories 3/8 completed[0m
[36mNumber of Trajectories 4/8 completed[0m
[36mNumber of Trajectories 5/8 completed[0m
[36mNumber of Trajectories 6/8 completed[0m
[36mNumber of Trajectories 7/8 completed[0m
[33mTrajectory 4 completed due to: ENV_DONE. Reward is 0.0. 
[0m
[36mNumber of Trajectories 8/8 completed[0m
[32mTrajectory 7 completed due to: ENV_DONE. Reward is 1.0. 
[0m
[32mTrajectory 2 completed due to: ENV_DONE. Reward is 1.0. 
[0m
[32mTrajectory 4 completed due to: ENV_DONE. Reward is 1.0. 
[0m
[32mTrajectory 0 completed due to: ENV_DONE. Reward is 1.0. 
[0m
[32mTrajectory 6 completed due to: ENV_DONE. Reward is 1.0. 
[0m
[32mTrajectory 1 completed due to: ENV_DONE. Reward is 1.0. 
[0m
[32mTrajectory 3 completed due to: ENV_DONE. Reward is 1.0. 
[0m
[32mTrajectory 5 completed due to: ENV_DONE. Reward is 1.0. 
[0m
[36mNumber of Trajectories 1/8 completed[0m
[36mNumber of Trajectories 2/8 completed[0m
[36mNumber of Trajectories 3/8 completed[0m
[36mNumber of Trajectories 4/8 completed[0m
[36mNumber of Trajectories 5/8 completed[0m
[36mNumber of Trajectories 6/8 completed[0m
[36mNumber of Trajectories 7/8 completed[0m
[36mNumber of Trajectories 8/8 completed[0m
[32mTrajectory 0 completed due to: ENV_DONE. Reward is 1.0. 
[0m
[32mTrajectory 5 completed due to: ENV_DONE. Reward is 1.0. 
[0m
[32mTrajectory 2 completed due to: ENV_DONE. Reward is 1.0. 
[0m
[32mTrajectory 7 completed due to: ENV_DONE. Reward is 1.0. 
[0m
[32mTrajectory 3 completed due to: ENV_DONE. Reward is 1.0. 
[0m
[33mTrajectory 1 completed due to: TRUNCATION. Reward is 0.0. 
[0m
[32mTrajectory 6 completed due to: ENV_DONE. Reward is 1.0. 
[0m
[32mTrajectory 4 completed due to: ENV_DONE. Reward is 1.0. 
[0m
[36mNumber of Trajectories 1/8 completed[0m
[36mNumber of Trajectories 2/8 completed[0m
[36mNumber of Trajectories 3/8 completed[0m
[36mNumber of Trajectories 4/8 completed[0m
[36mNumber of Trajectories 5/8 completed[0m
[36mNumber of Trajectories 6/8 completed[0m
[36mNumber of Trajectories 7/8 completed[0m
[36mNumber of Trajectories 8/8 completed[0m
step:71 - grouping/num_groups:1 - grouping/num_samples:8 - advantage/mean:0.0 - advantage/std:0.0 - loss/grad_norm:0.1044921875 - loss/policy:0.0 - policy/ratio_mean:0.9901137351989746 - time/sample:8.1278395652771 - time/train:49.479674100875854 - time/total:57.61392855644226 - reward/mean:0.625 - reward/max:0.0 - reward/min:0.0 - batch/num_episodes:1 - distributed/num_processes:3 - distributed/rank:0
[32mTrajectory 0 completed due to: ENV_DONE. Reward is 1.0. 
[0m
[32mTrajectory 5 completed due to: ENV_DONE. Reward is 1.0. 
[0m
[32mTrajectory 2 completed due to: ENV_DONE. Reward is 1.0. 
[0m
[32mTrajectory 7 completed due to: ENV_DONE. Reward is 1.0. 
[0m
[32mTrajectory 3 completed due to: ENV_DONE. Reward is 1.0. 
[0m
[32mTrajectory 1 completed due to: ENV_DONE. Reward is 1.0. 
[0m
[32mTrajectory 6 completed due to: ENV_DONE. Reward is 1.0. 
[0m
[36mNumber of Trajectories 1/8 completed[0m
[36mNumber of Trajectories 2/8 completed[0m
[36mNumber of Trajectories 3/8 completed[0m
[36mNumber of Trajectories 4/8 completed[0m
[32mTrajectory 4 completed due to: ENV_DONE. Reward is 1.0. 
[0m
[36mNumber of Trajectories 5/8 completed[0m
[36mNumber of Trajectories 6/8 completed[0m
[36mNumber of Trajectories 7/8 completed[0m
[36mNumber of Trajectories 8/8 completed[0m
[32mTrajectory 7 completed due to: ENV_DONE. Reward is 1.0. 
[0m
[32mTrajectory 2 completed due to: ENV_DONE. Reward is 1.0. 
[0m
[32mTrajectory 4 completed due to: ENV_DONE. Reward is 1.0. 
[0m
[32mTrajectory 0 completed due to: ENV_DONE. Reward is 1.0. 
[0m
[32mTrajectory 6 completed due to: ENV_DONE. Reward is 1.0. 
[0m
[32mTrajectory 1 completed due to: ENV_DONE. Reward is 1.0. 
[0m
[32mTrajectory 3 completed due to: ENV_DONE. Reward is 1.0. 
[0m
[36mNumber of Trajectories 1/8 completed[0m
[36mNumber of Trajectories 2/8 completed[0m
[36mNumber of Trajectories 3/8 completed[0m
[32mTrajectory 5 completed due to: ENV_DONE. Reward is 1.0. 
[0m
[36mNumber of Trajectories 4/8 completed[0m
[36mNumber of Trajectories 5/8 completed[0m
[36mNumber of Trajectories 6/8 completed[0m
[36mNumber of Trajectories 7/8 completed[0m
[36mNumber of Trajectories 8/8 completed[0m
[33mTrajectory 1 completed due to: TRUNCATION. Reward is 0.0. 
[0m
[33mTrajectory 2 completed due to: TRUNCATION. Reward is 0.0. 
[0m
[33mTrajectory 5 completed due to: TRUNCATION. Reward is 0.0. 
[0m
[33mTrajectory 3 completed due to: TRUNCATION. Reward is 0.0. 
[0m
[33mTrajectory 7 completed due to: TRUNCATION. Reward is 0.0. 
[0m
[33mTrajectory 0 completed due to: TRUNCATION. Reward is 0.0. 
[0m
[33mTrajectory 6 completed due to: TRUNCATION. Reward is 0.0. 
[0m
[36mNumber of Trajectories 1/8 completed[0m
[36mNumber of Trajectories 2/8 completed[0m
[36mNumber of Trajectories 3/8 completed[0m
[36mNumber of Trajectories 4/8 completed[0m
[33mTrajectory 4 completed due to: TRUNCATION. Reward is 0.0. 
[0m
[36mNumber of Trajectories 5/8 completed[0m
[36mNumber of Trajectories 6/8 completed[0m
[36mNumber of Trajectories 7/8 completed[0m
[36mNumber of Trajectories 8/8 completed[0m
step:72 - grouping/num_groups:1 - grouping/num_samples:8 - advantage/mean:0.0 - advantage/std:0.0 - loss/grad_norm:0.0 - loss/policy:0.0 - policy/ratio_mean:0.9497300386428833 - time/sample:45.48177361488342 - time/train:4.952528715133667 - time/total:50.440741777420044 - reward/mean:0.6666666865348816 - reward/max:0.0 - reward/min:0.0 - batch/num_episodes:1 - distributed/num_processes:3 - distributed/rank:0
[32mTrajectory 1 completed due to: ENV_DONE. Reward is 1.0. 
[0m
[32mTrajectory 2 completed due to: ENV_DONE. Reward is 1.0. 
[0m
[32mTrajectory 5 completed due to: ENV_DONE. Reward is 1.0. 
[0m
[32mTrajectory 3 completed due to: ENV_DONE. Reward is 1.0. 
[0m
[32mTrajectory 7 completed due to: ENV_DONE. Reward is 1.0. 
[0m
[32mTrajectory 0 completed due to: ENV_DONE. Reward is 1.0. 
[0m
[32mTrajectory 6 completed due to: ENV_DONE. Reward is 1.0. 
[0m
[32mTrajectory 4 completed due to: ENV_DONE. Reward is 1.0. 
[0m
[36mNumber of Trajectories 1/8 completed[0m
[36mNumber of Trajectories 2/8 completed[0m
[36mNumber of Trajectories 3/8 completed[0m
[36mNumber of Trajectories 4/8 completed[0m
[36mNumber of Trajectories 5/8 completed[0m
[36mNumber of Trajectories 6/8 completed[0m
[36mNumber of Trajectories 7/8 completed[0m
[36mNumber of Trajectories 8/8 completed[0m
[33mTrajectory 7 completed due to: TRUNCATION. Reward is 0.0. 
[0m
[32mTrajectory 2 completed due to: ENV_DONE. Reward is 1.0. 
[0m
[33mTrajectory 4 completed due to: TRUNCATION. Reward is 0.0. 
[0m
[32mTrajectory 0 completed due to: ENV_DONE. Reward is 1.0. 
[0m
[32mTrajectory 6 completed due to: ENV_DONE. Reward is 1.0. 
[0m
[32mTrajectory 1 completed due to: ENV_DONE. Reward is 1.0. 
[0m
[33mTrajectory 3 completed due to: TRUNCATION. Reward is 0.0. 
[0m
[36mNumber of Trajectories 1/8 completed[0m
[36mNumber of Trajectories 2/8 completed[0m
[36mNumber of Trajectories 3/8 completed[0m
[36mNumber of Trajectories 4/8 completed[0m
[32mTrajectory 5 completed due to: ENV_DONE. Reward is 1.0. 
[0m
[36mNumber of Trajectories 5/8 completed[0m
[36mNumber of Trajectories 6/8 completed[0m
[36mNumber of Trajectories 7/8 completed[0m
[36mNumber of Trajectories 8/8 completed[0m
[32mTrajectory 0 completed due to: ENV_DONE. Reward is 1.0. 
[0m
[32mTrajectory 5 completed due to: ENV_DONE. Reward is 1.0. 
[0m
[32mTrajectory 2 completed due to: ENV_DONE. Reward is 1.0. 
[0m
[32mTrajectory 7 completed due to: ENV_DONE. Reward is 1.0. 
[0m
[32mTrajectory 3 completed due to: ENV_DONE. Reward is 1.0. 
[0m
[32mTrajectory 1 completed due to: ENV_DONE. Reward is 1.0. 
[0m
[32mTrajectory 6 completed due to: ENV_DONE. Reward is 1.0. 
[0m
[32mTrajectory 4 completed due to: ENV_DONE. Reward is 1.0. 
[0m
[36mNumber of Trajectories 1/8 completed[0m
[36mNumber of Trajectories 2/8 completed[0m
[36mNumber of Trajectories 3/8 completed[0m
[36mNumber of Trajectories 4/8 completed[0m
[36mNumber of Trajectories 5/8 completed[0m
[36mNumber of Trajectories 6/8 completed[0m
[36mNumber of Trajectories 7/8 completed[0m
[36mNumber of Trajectories 8/8 completed[0m
step:73 - grouping/num_groups:1 - grouping/num_samples:8 - advantage/mean:0.0 - advantage/std:0.0 - loss/grad_norm:0.224609375 - loss/policy:0.0 - policy/ratio_mean:0.9750823974609375 - time/sample:37.13252401351929 - time/train:10.509697198867798 - time/total:47.64807057380676 - reward/mean:0.875 - reward/max:1.0 - reward/min:1.0 - batch/num_episodes:1 - distributed/num_processes:3 - distributed/rank:0
[32mTrajectory 0 completed due to: ENV_DONE. Reward is 1.0. 
[0m
[32mTrajectory 5 completed due to: ENV_DONE. Reward is 1.0. 
[0m
[32mTrajectory 2 completed due to: TRUNCATION. Reward is 1.0. 
[0m
[32mTrajectory 7 completed due to: ENV_DONE. Reward is 1.0. 
[0m
[32mTrajectory 3 completed due to: ENV_DONE. Reward is 1.0. 
[0m
[32mTrajectory 1 completed due to: ENV_DONE. Reward is 1.0. 
[0m
[32mTrajectory 6 completed due to: ENV_DONE. Reward is 1.0. 
[0m
[32mTrajectory 4 completed due to: ENV_DONE. Reward is 1.0. 
[0m
[36mNumber of Trajectories 1/8 completed[0m
[36mNumber of Trajectories 2/8 completed[0m
[36mNumber of Trajectories 3/8 completed[0m
[36mNumber of Trajectories 4/8 completed[0m
[36mNumber of Trajectories 5/8 completed[0m
[36mNumber of Trajectories 6/8 completed[0m
[36mNumber of Trajectories 7/8 completed[0m
[36mNumber of Trajectories 8/8 completed[0m
[33mTrajectory 4 completed due to: TRUNCATION. Reward is 0.0. 
[0m
[33mTrajectory 0 completed due to: TRUNCATION. Reward is 0.0. 
[0m
[33mTrajectory 3 completed due to: TRUNCATION. Reward is 0.0. 
[0m
[33mTrajectory 2 completed due to: TRUNCATION. Reward is 0.0. 
[0m
[33mTrajectory 7 completed due to: TRUNCATION. Reward is 0.0. 
[0m
[33mTrajectory 5 completed due to: ENV_DONE. Reward is 0.0. 
[0m
[33mTrajectory 6 completed due to: TRUNCATION. Reward is 0.0. 
[0m
[32mTrajectory 1 completed due to: ENV_DONE. Reward is 1.0. 
[0m
[36mNumber of Trajectories 1/8 completed[0m
[36mNumber of Trajectories 2/8 completed[0m
[36mNumber of Trajectories 3/8 completed[0m
[36mNumber of Trajectories 4/8 completed[0m
[36mNumber of Trajectories 5/8 completed[0m
[36mNumber of Trajectories 6/8 completed[0m
[36mNumber of Trajectories 7/8 completed[0m
[36mNumber of Trajectories 8/8 completed[0m
[33mTrajectory 7 completed due to: TRUNCATION. Reward is 0.0. 
[0m
[33mTrajectory 2 completed due to: TRUNCATION. Reward is 0.0. 
[0m
[33mTrajectory 4 completed due to: TRUNCATION. Reward is 0.0. 
[0m
[33mTrajectory 0 completed due to: TRUNCATION. Reward is 0.0. 
[0m
[33mTrajectory 6 completed due to: TRUNCATION. Reward is 0.0. 
[0m
[33mTrajectory 1 completed due to: TRUNCATION. Reward is 0.0. 
[0m
[33mTrajectory 3 completed due to: TRUNCATION. Reward is 0.0. 
[0m
[33mTrajectory 5 completed due to: TRUNCATION. Reward is 0.0. 
[0m
[36mNumber of Trajectories 1/8 completed[0m
[36mNumber of Trajectories 2/8 completed[0m
[36mNumber of Trajectories 3/8 completed[0m
[36mNumber of Trajectories 4/8 completed[0m
[36mNumber of Trajectories 5/8 completed[0m
[36mNumber of Trajectories 6/8 completed[0m
[36mNumber of Trajectories 7/8 completed[0m
[36mNumber of Trajectories 8/8 completed[0m
step:74 - grouping/num_groups:1 - grouping/num_samples:8 - advantage/mean:0.0 - advantage/std:0.33071891388307384 - loss/grad_norm:0.71484375 - loss/policy:-0.8541657328605652 - policy/ratio_mean:0.9849423766136169 - time/sample:59.0884370803833 - time/train:36.665223598480225 - time/total:95.75921392440796 - reward/mean:0.3333333432674408 - reward/max:1.0 - reward/min:0.0 - batch/num_episodes:1 - distributed/num_processes:3 - distributed/rank:0
[33mTrajectory 4 completed due to: TRUNCATION. Reward is 0.0. 
[0m
[33mTrajectory 0 completed due to: TRUNCATION. Reward is 0.0. 
[0m
[33mTrajectory 3 completed due to: TRUNCATION. Reward is 0.0. 
[0m
[33mTrajectory 2 completed due to: TRUNCATION. Reward is 0.0. 
[0m
[33mTrajectory 7 completed due to: TRUNCATION. Reward is 0.0. 
[0m
[33mTrajectory 5 completed due to: TRUNCATION. Reward is 0.0. 
[0m
[33mTrajectory 6 completed due to: TRUNCATION. Reward is 0.0. 
[0m
[33mTrajectory 1 completed due to: TRUNCATION. Reward is 0.0. 
[0m
[36mNumber of Trajectories 1/8 completed[0m
[36mNumber of Trajectories 2/8 completed[0m
[36mNumber of Trajectories 3/8 completed[0m
[36mNumber of Trajectories 4/8 completed[0m
[36mNumber of Trajectories 5/8 completed[0m
[36mNumber of Trajectories 6/8 completed[0m
[36mNumber of Trajectories 7/8 completed[0m
[36mNumber of Trajectories 8/8 completed[0m
[33mTrajectory 0 completed due to: ENV_DONE. Reward is 0.0. 
[0m
[33mTrajectory 4 completed due to: ENV_DONE. Reward is 0.0. 
[0m
[33mTrajectory 2 completed due to: ENV_DONE. Reward is 0.0. 
[0m
[33mTrajectory 7 completed due to: ENV_DONE. Reward is 0.0. 
[0m
[33mTrajectory 6 completed due to: ENV_DONE. Reward is 0.0. 
[0m
[33mTrajectory 1 completed due to: ENV_DONE. Reward is 0.0. 
[0m
[33mTrajectory 3 completed due to: ENV_DONE. Reward is 0.0. 
[0m
[36mNumber of Trajectories 1/8 completed[0m
[36mNumber of Trajectories 2/8 completed[0m
[33mTrajectory 5 completed due to: ENV_DONE. Reward is 0.0. 
[0m
[36mNumber of Trajectories 3/8 completed[0m
[36mNumber of Trajectories 4/8 completed[0m
[36mNumber of Trajectories 5/8 completed[0m
[36mNumber of Trajectories 6/8 completed[0m
[36mNumber of Trajectories 7/8 completed[0m
[36mNumber of Trajectories 8/8 completed[0m
[33mTrajectory 0 completed due to: TRUNCATION. Reward is 0.0. 
[0m
[33mTrajectory 5 completed due to: TRUNCATION. Reward is 0.0. 
[0m
[33mTrajectory 2 completed due to: TRUNCATION. Reward is 0.0. 
[0m
[33mTrajectory 7 completed due to: TRUNCATION. Reward is 0.0. 
[0m
[33mTrajectory 3 completed due to: TRUNCATION. Reward is 0.0. 
[0m
[33mTrajectory 1 completed due to: TRUNCATION. Reward is 0.0. 
[0m
[33mTrajectory 6 completed due to: TRUNCATION. Reward is 0.0. 
[0m
[33mTrajectory 4 completed due to: TRUNCATION. Reward is 0.0. 
[0m
[36mNumber of Trajectories 1/8 completed[0m
[36mNumber of Trajectories 2/8 completed[0m
[36mNumber of Trajectories 3/8 completed[0m
[36mNumber of Trajectories 4/8 completed[0m
[36mNumber of Trajectories 5/8 completed[0m
[36mNumber of Trajectories 6/8 completed[0m
[36mNumber of Trajectories 7/8 completed[0m
[36mNumber of Trajectories 8/8 completed[0m
step:75 - grouping/num_groups:1 - grouping/num_samples:8 - advantage/mean:0.0 - advantage/std:0.0 - loss/grad_norm:0.0 - loss/policy:0.0 - policy/ratio_mean:0.9725732207298279 - time/sample:62.77867126464844 - time/train:8.640209913253784 - time/total:71.42594575881958 - reward/mean:0.0 - reward/max:0.0 - reward/min:0.0 - batch/num_episodes:1 - distributed/num_processes:3 - distributed/rank:0
[32mTrajectory 4 completed due to: ENV_DONE. Reward is 1.0. 
[0m
[32mTrajectory 0 completed due to: TRUNCATION. Reward is 1.0. 
[0m
[32mTrajectory 3 completed due to: ENV_DONE. Reward is 1.0. 
[0m
[32mTrajectory 2 completed due to: ENV_DONE. Reward is 1.0. 
[0m
[32mTrajectory 7 completed due to: ENV_DONE. Reward is 1.0. 
[0m
[32mTrajectory 5 completed due to: ENV_DONE. Reward is 1.0. 
[0m
[32mTrajectory 6 completed due to: ENV_DONE. Reward is 1.0. 
[0m
[36mNumber of Trajectories 1/8 completed[0m
[36mNumber of Trajectories 2/8 completed[0m
[36mNumber of Trajectories 3/8 completed[0m
[36mNumber of Trajectories 4/8 completed[0m
[36mNumber of Trajectories 5/8 completed[0m
[36mNumber of Trajectories 6/8 completed[0m
[36mNumber of Trajectories 7/8 completed[0m
[32mTrajectory 1 completed due to: ENV_DONE. Reward is 1.0. 
[0m
[36mNumber of Trajectories 8/8 completed[0m
[32mTrajectory 0 completed due to: ENV_DONE. Reward is 1.0. 
[0m
[32mTrajectory 5 completed due to: ENV_DONE. Reward is 1.0. 
[0m
[32mTrajectory 2 completed due to: ENV_DONE. Reward is 1.0. 
[0m
[32mTrajectory 7 completed due to: ENV_DONE. Reward is 1.0. 
[0m
[33mTrajectory 3 completed due to: TRUNCATION. Reward is 0.0. 
[0m
[32mTrajectory 1 completed due to: ENV_DONE. Reward is 1.0. 
[0m
[32mTrajectory 6 completed due to: ENV_DONE. Reward is 1.0. 
[0m
[32mTrajectory 4 completed due to: ENV_DONE. Reward is 1.0. 
[0m
[36mNumber of Trajectories 1/8 completed[0m
[36mNumber of Trajectories 2/8 completed[0m
[36mNumber of Trajectories 3/8 completed[0m
[36mNumber of Trajectories 4/8 completed[0m
[36mNumber of Trajectories 5/8 completed[0m
[36mNumber of Trajectories 6/8 completed[0m
[36mNumber of Trajectories 7/8 completed[0m
[36mNumber of Trajectories 8/8 completed[0m
[32mTrajectory 7 completed due to: ENV_DONE. Reward is 1.0. 
[0m
[32mTrajectory 2 completed due to: ENV_DONE. Reward is 1.0. 
[0m
[32mTrajectory 4 completed due to: ENV_DONE. Reward is 1.0. 
[0m
[32mTrajectory 0 completed due to: ENV_DONE. Reward is 1.0. 
[0m
[32mTrajectory 6 completed due to: ENV_DONE. Reward is 1.0. 
[0m
[33mTrajectory 1 completed due to: TRUNCATION. Reward is 0.0. 
[0m
[32mTrajectory 3 completed due to: ENV_DONE. Reward is 1.0. 
[0m
[32mTrajectory 5 completed due to: ENV_DONE. Reward is 1.0. 
[0m
[36mNumber of Trajectories 1/8 completed[0m
[36mNumber of Trajectories 2/8 completed[0m
[36mNumber of Trajectories 3/8 completed[0m
[36mNumber of Trajectories 4/8 completed[0m
[36mNumber of Trajectories 5/8 completed[0m
[36mNumber of Trajectories 6/8 completed[0m
[36mNumber of Trajectories 7/8 completed[0m
[36mNumber of Trajectories 8/8 completed[0m
step:76 - grouping/num_groups:1 - grouping/num_samples:8 - advantage/mean:0.0 - advantage/std:0.33071891388307384 - loss/grad_norm:0.259765625 - loss/policy:-0.11708507686853409 - policy/ratio_mean:0.9545994400978088 - time/sample:27.260505437850952 - time/train:58.08324122428894 - time/total:85.34946703910828 - reward/mean:0.875 - reward/max:1.0 - reward/min:0.0 - batch/num_episodes:1 - distributed/num_processes:3 - distributed/rank:0
[32mTrajectory 4 completed due to: ENV_DONE. Reward is 1.0. 
[0m
[32mTrajectory 0 completed due to: ENV_DONE. Reward is 1.0. 
[0m
[32mTrajectory 3 completed due to: ENV_DONE. Reward is 1.0. 
[0m
[32mTrajectory 2 completed due to: ENV_DONE. Reward is 1.0. 
[0m
[32mTrajectory 7 completed due to: ENV_DONE. Reward is 1.0. 
[0m
[32mTrajectory 5 completed due to: ENV_DONE. Reward is 1.0. 
[0m
[32mTrajectory 6 completed due to: ENV_DONE. Reward is 1.0. 
[0m
[36mNumber of Trajectories 1/8 completed[0m
[36mNumber of Trajectories 2/8 completed[0m
[36mNumber of Trajectories 3/8 completed[0m
[32mTrajectory 1 completed due to: ENV_DONE. Reward is 1.0. 
[0m
[36mNumber of Trajectories 4/8 completed[0m
[36mNumber of Trajectories 5/8 completed[0m
[36mNumber of Trajectories 6/8 completed[0m
[36mNumber of Trajectories 7/8 completed[0m
[36mNumber of Trajectories 8/8 completed[0m
[32mTrajectory 7 completed due to: ENV_DONE. Reward is 1.0. 
[0m
[32mTrajectory 2 completed due to: ENV_DONE. Reward is 1.0. 
[0m
[33mTrajectory 0 completed due to: TRUNCATION. Reward is 0.0. 
[0m
[33mTrajectory 6 completed due to: TRUNCATION. Reward is 0.0. 
[0m
[33mTrajectory 4 completed due to: ENV_DONE. Reward is 0.0. 
[0m
[32mTrajectory 1 completed due to: ENV_DONE. Reward is 1.0. 
[0m
[32mTrajectory 3 completed due to: ENV_DONE. Reward is 1.0. 
[0m
[32mTrajectory 5 completed due to: ENV_DONE. Reward is 1.0. 
[0m
[36mNumber of Trajectories 1/8 completed[0m
[36mNumber of Trajectories 2/8 completed[0m
[36mNumber of Trajectories 3/8 completed[0m
[36mNumber of Trajectories 4/8 completed[0m
[36mNumber of Trajectories 5/8 completed[0m
[36mNumber of Trajectories 6/8 completed[0m
[36mNumber of Trajectories 7/8 completed[0m
[36mNumber of Trajectories 8/8 completed[0m
[32mTrajectory 0 completed due to: ENV_DONE. Reward is 1.0. 
[0m
[32mTrajectory 5 completed due to: ENV_DONE. Reward is 1.0. 
[0m
[32mTrajectory 2 completed due to: ENV_DONE. Reward is 1.0. 
[0m
[32mTrajectory 7 completed due to: ENV_DONE. Reward is 1.0. 
[0m
[32mTrajectory 3 completed due to: ENV_DONE. Reward is 1.0. 
[0m
[32mTrajectory 1 completed due to: ENV_DONE. Reward is 1.0. 
[0m
[32mTrajectory 6 completed due to: ENV_DONE. Reward is 1.0. 
[0m
[32mTrajectory 4 completed due to: ENV_DONE. Reward is 1.0. 
[0m
[36mNumber of Trajectories 1/8 completed[0m
[36mNumber of Trajectories 2/8 completed[0m
[36mNumber of Trajectories 3/8 completed[0m
[36mNumber of Trajectories 4/8 completed[0m
[36mNumber of Trajectories 5/8 completed[0m
[36mNumber of Trajectories 6/8 completed[0m
[36mNumber of Trajectories 7/8 completed[0m
[36mNumber of Trajectories 8/8 completed[0m
step:77 - grouping/num_groups:1 - grouping/num_samples:8 - advantage/mean:0.0 - advantage/std:0.0 - loss/grad_norm:0.1767578125 - loss/policy:0.0 - policy/ratio_mean:0.9866987466812134 - time/sample:13.732084274291992 - time/train:34.03904581069946 - time/total:47.77719473838806 - reward/mean:0.875 - reward/max:1.0 - reward/min:1.0 - batch/num_episodes:1 - distributed/num_processes:3 - distributed/rank:0
[32mTrajectory 1 completed due to: ENV_DONE. Reward is 1.0. 
[0m
[32mTrajectory 2 completed due to: ENV_DONE. Reward is 1.0. 
[0m
[32mTrajectory 5 completed due to: ENV_DONE. Reward is 1.0. 
[0m
[32mTrajectory 3 completed due to: ENV_DONE. Reward is 1.0. 
[0m
[32mTrajectory 7 completed due to: ENV_DONE. Reward is 1.0. 
[0m
[32mTrajectory 0 completed due to: ENV_DONE. Reward is 1.0. 
[0m
[32mTrajectory 6 completed due to: ENV_DONE. Reward is 1.0. 
[0m
[32mTrajectory 4 completed due to: ENV_DONE. Reward is 1.0. 
[0m
[36mNumber of Trajectories 1/8 completed[0m
[36mNumber of Trajectories 2/8 completed[0m
[36mNumber of Trajectories 3/8 completed[0m
[36mNumber of Trajectories 4/8 completed[0m
[36mNumber of Trajectories 5/8 completed[0m
[36mNumber of Trajectories 6/8 completed[0m
[36mNumber of Trajectories 7/8 completed[0m
[36mNumber of Trajectories 8/8 completed[0m
[32mTrajectory 0 completed due to: ENV_DONE. Reward is 1.0. 
[0m
[33mTrajectory 5 completed due to: TRUNCATION. Reward is 0.0. 
[0m
[32mTrajectory 2 completed due to: ENV_DONE. Reward is 1.0. 
[0m
[32mTrajectory 7 completed due to: ENV_DONE. Reward is 1.0. 
[0m
[33mTrajectory 3 completed due to: TRUNCATION. Reward is 0.0. 
[0m
[32mTrajectory 1 completed due to: ENV_DONE. Reward is 1.0. 
[0m
[32mTrajectory 6 completed due to: ENV_DONE. Reward is 1.0. 
[0m
[32mTrajectory 4 completed due to: ENV_DONE. Reward is 1.0. 
[0m
[36mNumber of Trajectories 1/8 completed[0m
[36mNumber of Trajectories 2/8 completed[0m
[36mNumber of Trajectories 3/8 completed[0m
[36mNumber of Trajectories 4/8 completed[0m
[36mNumber of Trajectories 5/8 completed[0m
[36mNumber of Trajectories 6/8 completed[0m
[36mNumber of Trajectories 7/8 completed[0m
[36mNumber of Trajectories 8/8 completed[0m
[32mTrajectory 7 completed due to: ENV_DONE. Reward is 1.0. 
[0m
[32mTrajectory 2 completed due to: ENV_DONE. Reward is 1.0. 
[0m
[32mTrajectory 4 completed due to: ENV_DONE. Reward is 1.0. 
[0m
[32mTrajectory 0 completed due to: ENV_DONE. Reward is 1.0. 
[0m
[32mTrajectory 6 completed due to: ENV_DONE. Reward is 1.0. 
[0m
[32mTrajectory 1 completed due to: ENV_DONE. Reward is 1.0. 
[0m
[32mTrajectory 3 completed due to: ENV_DONE. Reward is 1.0. 
[0m
[32mTrajectory 5 completed due to: ENV_DONE. Reward is 1.0. 
[0m
[36mNumber of Trajectories 1/8 completed[0m
[36mNumber of Trajectories 2/8 completed[0m
[36mNumber of Trajectories 3/8 completed[0m
[36mNumber of Trajectories 4/8 completed[0m
[36mNumber of Trajectories 5/8 completed[0m
[36mNumber of Trajectories 6/8 completed[0m
[36mNumber of Trajectories 7/8 completed[0m
[36mNumber of Trajectories 8/8 completed[0m
step:78 - grouping/num_groups:1 - grouping/num_samples:8 - advantage/mean:0.0 - advantage/std:0.0 - loss/grad_norm:0.2490234375 - loss/policy:0.0 - policy/ratio_mean:0.9955172538757324 - time/sample:2.923522710800171 - time/train:55.230364084243774 - time/total:58.16176247596741 - reward/mean:0.9166666865348816 - reward/max:1.0 - reward/min:1.0 - batch/num_episodes:1 - distributed/num_processes:3 - distributed/rank:0
[32mTrajectory 4 completed due to: ENV_DONE. Reward is 1.0. 
[0m
[32mTrajectory 0 completed due to: ENV_DONE. Reward is 1.0. 
[0m
[32mTrajectory 3 completed due to: ENV_DONE. Reward is 1.0. 
[0m
[32mTrajectory 2 completed due to: ENV_DONE. Reward is 1.0. 
[0m
[32mTrajectory 7 completed due to: ENV_DONE. Reward is 1.0. 
[0m
[32mTrajectory 5 completed due to: ENV_DONE. Reward is 1.0. 
[0m
[32mTrajectory 6 completed due to: ENV_DONE. Reward is 1.0. 
[0m
[32mTrajectory 1 completed due to: ENV_DONE. Reward is 1.0. 
[0m
[36mNumber of Trajectories 1/8 completed[0m
[36mNumber of Trajectories 2/8 completed[0m
[36mNumber of Trajectories 3/8 completed[0m
[36mNumber of Trajectories 4/8 completed[0m
[36mNumber of Trajectories 5/8 completed[0m
[36mNumber of Trajectories 6/8 completed[0m
[36mNumber of Trajectories 7/8 completed[0m
[36mNumber of Trajectories 8/8 completed[0m
[32mTrajectory 7 completed due to: ENV_DONE. Reward is 1.0. 
[0m
[32mTrajectory 2 completed due to: ENV_DONE. Reward is 1.0. 
[0m
[32mTrajectory 4 completed due to: ENV_DONE. Reward is 1.0. 
[0m
[32mTrajectory 0 completed due to: ENV_DONE. Reward is 1.0. 
[0m
[32mTrajectory 6 completed due to: ENV_DONE. Reward is 1.0. 
[0m
[32mTrajectory 1 completed due to: ENV_DONE. Reward is 1.0. 
[0m
[32mTrajectory 3 completed due to: ENV_DONE. Reward is 1.0. 
[0m
[32mTrajectory 5 completed due to: ENV_DONE. Reward is 1.0. 
[0m
[36mNumber of Trajectories 1/8 completed[0m
[36mNumber of Trajectories 2/8 completed[0m
[36mNumber of Trajectories 3/8 completed[0m
[36mNumber of Trajectories 4/8 completed[0m
[36mNumber of Trajectories 5/8 completed[0m
[36mNumber of Trajectories 6/8 completed[0m
[36mNumber of Trajectories 7/8 completed[0m
[36mNumber of Trajectories 8/8 completed[0m
[33mTrajectory 0 completed due to: TRUNCATION. Reward is 0.0. 
[0m
[33mTrajectory 5 completed due to: TRUNCATION. Reward is 0.0. 
[0m
[33mTrajectory 2 completed due to: TRUNCATION. Reward is 0.0. 
[0m
[33mTrajectory 7 completed due to: TRUNCATION. Reward is 0.0. 
[0m
[33mTrajectory 3 completed due to: TRUNCATION. Reward is 0.0. 
[0m
[32mTrajectory 1 completed due to: TRUNCATION. Reward is 1.0. 
[0m
[32mTrajectory 6 completed due to: TRUNCATION. Reward is 1.0. 
[0m
[36mNumber of Trajectories 1/8 completed[0m
[36mNumber of Trajectories 2/8 completed[0m
[36mNumber of Trajectories 3/8 completed[0m
[36mNumber of Trajectories 4/8 completed[0m
[36mNumber of Trajectories 5/8 completed[0m
[36mNumber of Trajectories 6/8 completed[0m
[36mNumber of Trajectories 7/8 completed[0m
[33mTrajectory 4 completed due to: TRUNCATION. Reward is 0.0. 
[0m
[36mNumber of Trajectories 8/8 completed[0m
step:79 - grouping/num_groups:1 - grouping/num_samples:8 - advantage/mean:0.0 - advantage/std:0.0 - loss/grad_norm:0.0 - loss/policy:0.0 - policy/ratio_mean:0.9937048554420471 - time/sample:7.4637627601623535 - time/train:62.086745262145996 - time/total:69.55689024925232 - reward/mean:0.6666666865348816 - reward/max:1.0 - reward/min:1.0 - batch/num_episodes:1 - distributed/num_processes:3 - distributed/rank:0
[32mTrajectory 7 completed due to: ENV_DONE. Reward is 1.0. 
[0m
[32mTrajectory 2 completed due to: ENV_DONE. Reward is 1.0. 
[0m
[32mTrajectory 4 completed due to: ENV_DONE. Reward is 1.0. 
[0m
[32mTrajectory 0 completed due to: ENV_DONE. Reward is 1.0. 
[0m
[32mTrajectory 6 completed due to: ENV_DONE. Reward is 1.0. 
[0m
[32mTrajectory 1 completed due to: ENV_DONE. Reward is 1.0. 
[0m
[32mTrajectory 3 completed due to: ENV_DONE. Reward is 1.0. 
[0m
[32mTrajectory 5 completed due to: ENV_DONE. Reward is 1.0. 
[0m
[36mNumber of Trajectories 1/8 completed[0m
[36mNumber of Trajectories 2/8 completed[0m
[36mNumber of Trajectories 3/8 completed[0m
[36mNumber of Trajectories 4/8 completed[0m
[36mNumber of Trajectories 5/8 completed[0m
[36mNumber of Trajectories 6/8 completed[0m
[36mNumber of Trajectories 7/8 completed[0m
[36mNumber of Trajectories 8/8 completed[0m
[32mTrajectory 1 completed due to: ENV_DONE. Reward is 1.0. 
[0m
[32mTrajectory 2 completed due to: ENV_DONE. Reward is 1.0. 
[0m
[33mTrajectory 5 completed due to: ENV_DONE. Reward is 0.0. 
[0m
[32mTrajectory 3 completed due to: ENV_DONE. Reward is 1.0. 
[0m
[32mTrajectory 7 completed due to: ENV_DONE. Reward is 1.0. 
[0m
[32mTrajectory 0 completed due to: ENV_DONE. Reward is 1.0. 
[0m
[33mTrajectory 6 completed due to: ENV_DONE. Reward is 0.0. 
[0m
[36mNumber of Trajectories 1/8 completed[0m
[36mNumber of Trajectories 2/8 completed[0m
[36mNumber of Trajectories 3/8 completed[0m
[32mTrajectory 4 completed due to: ENV_DONE. Reward is 1.0. 
[0m
[36mNumber of Trajectories 4/8 completed[0m
[36mNumber of Trajectories 5/8 completed[0m
[36mNumber of Trajectories 6/8 completed[0m
[36mNumber of Trajectories 7/8 completed[0m
[36mNumber of Trajectories 8/8 completed[0m
[32mTrajectory 0 completed due to: ENV_DONE. Reward is 1.0. 
[0m
[32mTrajectory 5 completed due to: ENV_DONE. Reward is 1.0. 
[0m
[32mTrajectory 2 completed due to: ENV_DONE. Reward is 1.0. 
[0m
[32mTrajectory 7 completed due to: ENV_DONE. Reward is 1.0. 
[0m
[32mTrajectory 3 completed due to: ENV_DONE. Reward is 1.0. 
[0m
[32mTrajectory 1 completed due to: ENV_DONE. Reward is 1.0. 
[0m
[32mTrajectory 6 completed due to: ENV_DONE. Reward is 1.0. 
[0m
[32mTrajectory 4 completed due to: ENV_DONE. Reward is 1.0. 
[0m
[36mNumber of Trajectories 1/8 completed[0m
[36mNumber of Trajectories 2/8 completed[0m
[36mNumber of Trajectories 3/8 completed[0m
[36mNumber of Trajectories 4/8 completed[0m
[36mNumber of Trajectories 5/8 completed[0m
[36mNumber of Trajectories 6/8 completed[0m
[36mNumber of Trajectories 7/8 completed[0m
[36mNumber of Trajectories 8/8 completed[0m
step:80 - grouping/num_groups:1 - grouping/num_samples:8 - advantage/mean:0.0 - advantage/std:0.4330127018922193 - loss/grad_norm:0.173828125 - loss/policy:-0.2448277473449707 - policy/ratio_mean:0.9849226474761963 - time/sample:34.96806859970093 - time/train:11.66913390159607 - time/total:46.64245533943176 - reward/mean:0.9166666865348816 - reward/max:1.0 - reward/min:0.0 - batch/num_episodes:1 - distributed/num_processes:3 - distributed/rank:0
[33mTrajectory 4 completed due to: TRUNCATION. Reward is 0.0. 
[0m
[33mTrajectory 1 completed due to: TRUNCATION. Reward is 0.0. 
[0m
[32mTrajectory 6 completed due to: ENV_DONE. Reward is 1.0. 
[0m
[33mTrajectory 2 completed due to: TRUNCATION. Reward is 0.0. 
[0m
[33mTrajectory 0 completed due to: TRUNCATION. Reward is 0.0. 
[0m
[33mTrajectory 5 completed due to: TRUNCATION. Reward is 0.0. 
[0m
[32mTrajectory 3 completed due to: TRUNCATION. Reward is 1.0. 
[0m
[32mTrajectory 7 completed due to: ENV_DONE. Reward is 1.0. 
[0m
[36mNumber of Trajectories 1/8 completed[0m
[36mNumber of Trajectories 2/8 completed[0m
[36mNumber of Trajectories 3/8 completed[0m
[36mNumber of Trajectories 4/8 completed[0m
[36mNumber of Trajectories 5/8 completed[0m
[36mNumber of Trajectories 6/8 completed[0m
[36mNumber of Trajectories 7/8 completed[0m
[36mNumber of Trajectories 8/8 completed[0m
[33mTrajectory 1 completed due to: TRUNCATION. Reward is 0.0. 
[0m
[33mTrajectory 0 completed due to: TRUNCATION. Reward is 0.0. 
[0m
[36mNumber of Trajectories 1/2 completed[0m
[36mNumber of Trajectories 2/2 completed[0m
[33mTrajectory 7 completed due to: TRUNCATION. Reward is 0.0. 
[0m
[32mTrajectory 0 completed due to: ENV_DONE. Reward is 1.0. 
[0m
[33mTrajectory 1 completed due to: TRUNCATION. Reward is 0.0. 
[0m
[32mTrajectory 4 completed due to: ENV_DONE. Reward is 1.0. 
[0m
[33mTrajectory 2 completed due to: TRUNCATION. Reward is 0.0. 
[0m
[33mTrajectory 6 completed due to: TRUNCATION. Reward is 0.0. 
[0m
[33mTrajectory 5 completed due to: ENV_DONE. Reward is 0.0. 
[0m
[32mTrajectory 3 completed due to: ENV_DONE. Reward is 1.0. 
[0m
[36mNumber of Trajectories 1/8 completed[0m
[36mNumber of Trajectories 2/8 completed[0m
[36mNumber of Trajectories 3/8 completed[0m
[36mNumber of Trajectories 4/8 completed[0m
[36mNumber of Trajectories 5/8 completed[0m
[36mNumber of Trajectories 6/8 completed[0m
[36mNumber of Trajectories 7/8 completed[0m
[36mNumber of Trajectories 8/8 completed[0m
[33mTrajectory 6 completed due to: TRUNCATION. Reward is 0.0. 
[0m
[33mTrajectory 1 completed due to: ENV_DONE. Reward is 0.0. 
[0m
[33mTrajectory 3 completed due to: ENV_DONE. Reward is 0.0. 
[0m
[33mTrajectory 5 completed due to: TRUNCATION. Reward is 0.0. 
[0m
[33mTrajectory 0 completed due to: TRUNCATION. Reward is 0.0. 
[0m
[32mTrajectory 2 completed due to: ENV_DONE. Reward is 1.0. 
[0m
[33mTrajectory 7 completed due to: TRUNCATION. Reward is 0.0. 
[0m
[33mTrajectory 4 completed due to: TRUNCATION. Reward is 0.0. 
[0m
[36mNumber of Trajectories 1/8 completed[0m
[36mNumber of Trajectories 2/8 completed[0m
[36mNumber of Trajectories 3/8 completed[0m
[36mNumber of Trajectories 4/8 completed[0m
[36mNumber of Trajectories 5/8 completed[0m
[36mNumber of Trajectories 6/8 completed[0m
[36mNumber of Trajectories 7/8 completed[0m
[36mNumber of Trajectories 8/8 completed[0m
[33mTrajectory 1 completed due to: TRUNCATION. Reward is 0.0. 
[0m
[32mTrajectory 0 completed due to: ENV_DONE. Reward is 1.0. 
[0m
[36mNumber of Trajectories 1/2 completed[0m
[36mNumber of Trajectories 2/2 completed[0m
[32mTrajectory 0 completed due to: ENV_DONE. Reward is 1.0. 
[0m
[33mTrajectory 1 completed due to: TRUNCATION. Reward is 0.0. 
[0m
[36mNumber of Trajectories 1/2 completed[0m
[36mNumber of Trajectories 2/2 completed[0m
step:80 - val/reward_mean:0.2666666805744171 - val/reward_std:0.4898979485566356 - val/reward_min:0.0 - val/reward_max:1.0 - val/turns_mean:1.0
[32mTrajectory 7 completed due to: ENV_DONE. Reward is 1.0. 
[0m
[32mTrajectory 2 completed due to: ENV_DONE. Reward is 1.0. 
[0m
[32mTrajectory 3 completed due to: ENV_DONE. Reward is 1.0. 
[0m
[32mTrajectory 0 completed due to: ENV_DONE. Reward is 1.0. 
[0m
[32mTrajectory 5 completed due to: ENV_DONE. Reward is 1.0. 
[0m
[32mTrajectory 1 completed due to: ENV_DONE. Reward is 1.0. 
[0m
[32mTrajectory 4 completed due to: ENV_DONE. Reward is 1.0. 
[0m
[36mNumber of Trajectories 1/8 completed[0m
[36mNumber of Trajectories 2/8 completed[0m
[36mNumber of Trajectories 3/8 completed[0m
[36mNumber of Trajectories 4/8 completed[0m
[36mNumber of Trajectories 5/8 completed[0m
[32mTrajectory 6 completed due to: ENV_DONE. Reward is 1.0. 
[0m
[36mNumber of Trajectories 6/8 completed[0m
[36mNumber of Trajectories 7/8 completed[0m
[36mNumber of Trajectories 8/8 completed[0m
[33mTrajectory 0 completed due to: ENV_DONE. Reward is 0.0. 
[0m
[32mTrajectory 6 completed due to: ENV_DONE. Reward is 1.0. 
[0m
[32mTrajectory 2 completed due to: ENV_DONE. Reward is 1.0. 
[0m
[32mTrajectory 7 completed due to: ENV_DONE. Reward is 1.0. 
[0m
[32mTrajectory 4 completed due to: ENV_DONE. Reward is 1.0. 
[0m
[33mTrajectory 1 completed due to: TRUNCATION. Reward is 0.0. 
[0m
[32mTrajectory 5 completed due to: ENV_DONE. Reward is 1.0. 
[0m
[32mTrajectory 3 completed due to: ENV_DONE. Reward is 1.0. 
[0m
[36mNumber of Trajectories 1/8 completed[0m
[36mNumber of Trajectories 2/8 completed[0m
[36mNumber of Trajectories 3/8 completed[0m
[36mNumber of Trajectories 4/8 completed[0m
[36mNumber of Trajectories 5/8 completed[0m
[36mNumber of Trajectories 6/8 completed[0m
[36mNumber of Trajectories 7/8 completed[0m
[36mNumber of Trajectories 8/8 completed[0m
[33mTrajectory 1 completed due to: ENV_DONE. Reward is 0.0. 
[0m
[33mTrajectory 2 completed due to: ENV_DONE. Reward is 0.0. 
[0m
[33mTrajectory 6 completed due to: TRUNCATION. Reward is 0.0. 
[0m
[33mTrajectory 4 completed due to: TRUNCATION. Reward is 0.0. 
[0m
[33mTrajectory 7 completed due to: ENV_DONE. Reward is 0.0. 
[0m
[33mTrajectory 0 completed due to: TRUNCATION. Reward is 0.0. 
[0m
[33mTrajectory 5 completed due to: TRUNCATION. Reward is 0.0. 
[0m
[36mNumber of Trajectories 1/8 completed[0m
[36mNumber of Trajectories 2/8 completed[0m
[36mNumber of Trajectories 3/8 completed[0m
[36mNumber of Trajectories 4/8 completed[0m
[33mTrajectory 3 completed due to: ENV_DONE. Reward is 0.0. 
[0m
[36mNumber of Trajectories 5/8 completed[0m
[36mNumber of Trajectories 6/8 completed[0m
[36mNumber of Trajectories 7/8 completed[0m
[36mNumber of Trajectories 8/8 completed[0m
step:81 - grouping/num_groups:1 - grouping/num_samples:8 - advantage/mean:0.0 - advantage/std:0.0 - loss/grad_norm:0.23046875 - loss/policy:0.0 - policy/ratio_mean:0.9845823049545288 - time/sample:60.50933575630188 - time/train:4.564951658248901 - time/total:65.14630675315857 - reward/mean:0.5833333730697632 - reward/max:0.0 - reward/min:0.0 - batch/num_episodes:1 - distributed/num_processes:3 - distributed/rank:0
[32mTrajectory 1 completed due to: ENV_DONE. Reward is 1.0. 
[0m
[32mTrajectory 2 completed due to: ENV_DONE. Reward is 1.0. 
[0m
[32mTrajectory 6 completed due to: ENV_DONE. Reward is 1.0. 
[0m
[32mTrajectory 4 completed due to: ENV_DONE. Reward is 1.0. 
[0m
[32mTrajectory 7 completed due to: ENV_DONE. Reward is 1.0. 
[0m
[32mTrajectory 0 completed due to: ENV_DONE. Reward is 1.0. 
[0m
[32mTrajectory 5 completed due to: ENV_DONE. Reward is 1.0. 
[0m
[32mTrajectory 3 completed due to: ENV_DONE. Reward is 1.0. 
[0m
[36mNumber of Trajectories 1/8 completed[0m
[36mNumber of Trajectories 2/8 completed[0m
[36mNumber of Trajectories 3/8 completed[0m
[36mNumber of Trajectories 4/8 completed[0m
[36mNumber of Trajectories 5/8 completed[0m
[36mNumber of Trajectories 6/8 completed[0m
[36mNumber of Trajectories 7/8 completed[0m
[36mNumber of Trajectories 8/8 completed[0m
[32mTrajectory 7 completed due to: ENV_DONE. Reward is 1.0. 
[0m
[32mTrajectory 2 completed due to: ENV_DONE. Reward is 1.0. 
[0m
[32mTrajectory 3 completed due to: ENV_DONE. Reward is 1.0. 
[0m
[32mTrajectory 0 completed due to: ENV_DONE. Reward is 1.0. 
[0m
[32mTrajectory 5 completed due to: ENV_DONE. Reward is 1.0. 
[0m
[32mTrajectory 1 completed due to: ENV_DONE. Reward is 1.0. 
[0m
[32mTrajectory 4 completed due to: ENV_DONE. Reward is 1.0. 
[0m
[32mTrajectory 6 completed due to: ENV_DONE. Reward is 1.0. 
[0m
[36mNumber of Trajectories 1/8 completed[0m
[36mNumber of Trajectories 2/8 completed[0m
[36mNumber of Trajectories 3/8 completed[0m
[36mNumber of Trajectories 4/8 completed[0m
[36mNumber of Trajectories 5/8 completed[0m
[36mNumber of Trajectories 6/8 completed[0m
[36mNumber of Trajectories 7/8 completed[0m
[36mNumber of Trajectories 8/8 completed[0m
[33mTrajectory 0 completed due to: ENV_DONE. Reward is 0.0. 
[0m
[33mTrajectory 6 completed due to: ENV_DONE. Reward is 0.0. 
[0m
[33mTrajectory 2 completed due to: TRUNCATION. Reward is 0.0. 
[0m
[33mTrajectory 7 completed due to: TRUNCATION. Reward is 0.0. 
[0m
[33mTrajectory 4 completed due to: TRUNCATION. Reward is 0.0. 
[0m
[33mTrajectory 1 completed due to: ENV_DONE. Reward is 0.0. 
[0m
[33mTrajectory 5 completed due to: TRUNCATION. Reward is 0.0. 
[0m
[33mTrajectory 3 completed due to: ENV_DONE. Reward is 0.0. 
[0m
[36mNumber of Trajectories 1/8 completed[0m
[36mNumber of Trajectories 2/8 completed[0m
[36mNumber of Trajectories 3/8 completed[0m
[36mNumber of Trajectories 4/8 completed[0m
[36mNumber of Trajectories 5/8 completed[0m
[36mNumber of Trajectories 6/8 completed[0m
[36mNumber of Trajectories 7/8 completed[0m
[36mNumber of Trajectories 8/8 completed[0m
step:82 - grouping/num_groups:1 - grouping/num_samples:8 - advantage/mean:0.0 - advantage/std:0.0 - loss/grad_norm:0.0 - loss/policy:0.0 - policy/ratio_mean:0.982642650604248 - time/sample:6.007431745529175 - time/train:39.2072594165802 - time/total:45.22059941291809 - reward/mean:0.6666666865348816 - reward/max:1.0 - reward/min:1.0 - batch/num_episodes:1 - distributed/num_processes:3 - distributed/rank:0
[32mTrajectory 7 completed due to: ENV_DONE. Reward is 1.0. 
[0m
[32mTrajectory 2 completed due to: ENV_DONE. Reward is 1.0. 
[0m
[32mTrajectory 3 completed due to: ENV_DONE. Reward is 1.0. 
[0m
[32mTrajectory 0 completed due to: ENV_DONE. Reward is 1.0. 
[0m
[32mTrajectory 5 completed due to: ENV_DONE. Reward is 1.0. 
[0m
[32mTrajectory 1 completed due to: ENV_DONE. Reward is 1.0. 
[0m
[32mTrajectory 4 completed due to: ENV_DONE. Reward is 1.0. 
[0m
[32mTrajectory 6 completed due to: ENV_DONE. Reward is 1.0. 
[0m
[36mNumber of Trajectories 1/8 completed[0m
[36mNumber of Trajectories 2/8 completed[0m
[36mNumber of Trajectories 3/8 completed[0m
[36mNumber of Trajectories 4/8 completed[0m
[36mNumber of Trajectories 5/8 completed[0m
[36mNumber of Trajectories 6/8 completed[0m
[36mNumber of Trajectories 7/8 completed[0m
[36mNumber of Trajectories 8/8 completed[0m
[33mTrajectory 4 completed due to: ENV_DONE. Reward is 0.0. 
[0m
[33mTrajectory 3 completed due to: ENV_DONE. Reward is 0.0. 
[0m
[33mTrajectory 1 completed due to: ENV_DONE. Reward is 0.0. 
[0m
[33mTrajectory 7 completed due to: ENV_DONE. Reward is 0.0. 
[0m
[33mTrajectory 5 completed due to: ENV_DONE. Reward is 0.0. 
[0m
[33mTrajectory 6 completed due to: ENV_DONE. Reward is 0.0. 
[0m
[33mTrajectory 0 completed due to: ENV_DONE. Reward is 0.0. 
[0m
[33mTrajectory 2 completed due to: ENV_DONE. Reward is 0.0. 
[0m
[36mNumber of Trajectories 1/8 completed[0m
[36mNumber of Trajectories 2/8 completed[0m
[36mNumber of Trajectories 3/8 completed[0m
[36mNumber of Trajectories 4/8 completed[0m
[36mNumber of Trajectories 5/8 completed[0m
[36mNumber of Trajectories 6/8 completed[0m
[36mNumber of Trajectories 7/8 completed[0m
[36mNumber of Trajectories 8/8 completed[0m
[32mTrajectory 0 completed due to: ENV_DONE. Reward is 1.0. 
[0m
[32mTrajectory 6 completed due to: ENV_DONE. Reward is 1.0. 
[0m
[32mTrajectory 2 completed due to: ENV_DONE. Reward is 1.0. 
[0m
[32mTrajectory 7 completed due to: ENV_DONE. Reward is 1.0. 
[0m
[32mTrajectory 4 completed due to: ENV_DONE. Reward is 1.0. 
[0m
[33mTrajectory 1 completed due to: ENV_DONE. Reward is 0.0. 
[0m
[32mTrajectory 5 completed due to: ENV_DONE. Reward is 1.0. 
[0m
[32mTrajectory 3 completed due to: ENV_DONE. Reward is 1.0. 
[0m
[36mNumber of Trajectories 1/8 completed[0m
[36mNumber of Trajectories 2/8 completed[0m
[36mNumber of Trajectories 3/8 completed[0m
[36mNumber of Trajectories 4/8 completed[0m
[36mNumber of Trajectories 5/8 completed[0m
[36mNumber of Trajectories 6/8 completed[0m
[36mNumber of Trajectories 7/8 completed[0m
[36mNumber of Trajectories 8/8 completed[0m
step:83 - grouping/num_groups:1 - grouping/num_samples:8 - advantage/mean:0.0 - advantage/std:0.0 - loss/grad_norm:0.248046875 - loss/policy:0.0 - policy/ratio_mean:0.9898112416267395 - time/sample:20.32309103012085 - time/train:15.586522579193115 - time/total:35.91458225250244 - reward/mean:0.625 - reward/max:0.0 - reward/min:0.0 - batch/num_episodes:1 - distributed/num_processes:3 - distributed/rank:0
[32mTrajectory 0 completed due to: ENV_DONE. Reward is 1.0. 
[0m
[32mTrajectory 6 completed due to: ENV_DONE. Reward is 1.0. 
[0m
[32mTrajectory 2 completed due to: ENV_DONE. Reward is 1.0. 
[0m
[32mTrajectory 7 completed due to: ENV_DONE. Reward is 1.0. 
[0m
[32mTrajectory 4 completed due to: ENV_DONE. Reward is 1.0. 
[0m
[32mTrajectory 1 completed due to: ENV_DONE. Reward is 1.0. 
[0m
[32mTrajectory 5 completed due to: ENV_DONE. Reward is 1.0. 
[0m
[32mTrajectory 3 completed due to: ENV_DONE. Reward is 1.0. 
[0m
[36mNumber of Trajectories 1/8 completed[0m
[36mNumber of Trajectories 2/8 completed[0m
[36mNumber of Trajectories 3/8 completed[0m
[36mNumber of Trajectories 4/8 completed[0m
[36mNumber of Trajectories 5/8 completed[0m
[36mNumber of Trajectories 6/8 completed[0m
[36mNumber of Trajectories 7/8 completed[0m
[36mNumber of Trajectories 8/8 completed[0m
[33mTrajectory 4 completed due to: TRUNCATION. Reward is 0.0. 
[0m
[33mTrajectory 3 completed due to: TRUNCATION. Reward is 0.0. 
[0m
[33mTrajectory 1 completed due to: TRUNCATION. Reward is 0.0. 
[0m
[33mTrajectory 7 completed due to: TRUNCATION. Reward is 0.0. 
[0m
[33mTrajectory 5 completed due to: TRUNCATION. Reward is 0.0. 
[0m
[33mTrajectory 6 completed due to: TRUNCATION. Reward is 0.0. 
[0m
[33mTrajectory 0 completed due to: TRUNCATION. Reward is 0.0. 
[0m
[33mTrajectory 2 completed due to: TRUNCATION. Reward is 0.0. 
[0m
[36mNumber of Trajectories 1/8 completed[0m
[36mNumber of Trajectories 2/8 completed[0m
[36mNumber of Trajectories 3/8 completed[0m
[36mNumber of Trajectories 4/8 completed[0m
[36mNumber of Trajectories 5/8 completed[0m
[36mNumber of Trajectories 6/8 completed[0m
[36mNumber of Trajectories 7/8 completed[0m
[36mNumber of Trajectories 8/8 completed[0m
[33mTrajectory 7 completed due to: ENV_DONE. Reward is 0.0. 
[0m
[33mTrajectory 2 completed due to: ENV_DONE. Reward is 0.0. 
[0m
[33mTrajectory 3 completed due to: ENV_DONE. Reward is 0.0. 
[0m
[33mTrajectory 0 completed due to: ENV_DONE. Reward is 0.0. 
[0m
[33mTrajectory 5 completed due to: ENV_DONE. Reward is 0.0. 
[0m
[33mTrajectory 1 completed due to: ENV_DONE. Reward is 0.0. 
[0m
[33mTrajectory 4 completed due to: ENV_DONE. Reward is 0.0. 
[0m
[33mTrajectory 6 completed due to: ENV_DONE. Reward is 0.0. 
[0m
[36mNumber of Trajectories 1/8 completed[0m
[36mNumber of Trajectories 2/8 completed[0m
[36mNumber of Trajectories 3/8 completed[0m
[36mNumber of Trajectories 4/8 completed[0m
[36mNumber of Trajectories 5/8 completed[0m
[36mNumber of Trajectories 6/8 completed[0m
[36mNumber of Trajectories 7/8 completed[0m
[36mNumber of Trajectories 8/8 completed[0m
step:84 - grouping/num_groups:1 - grouping/num_samples:8 - advantage/mean:0.0 - advantage/std:0.0 - loss/grad_norm:0.0 - loss/policy:0.0 - policy/ratio_mean:0.9814775586128235 - time/sample:37.148329973220825 - time/train:11.264335632324219 - time/total:48.41964149475098 - reward/mean:0.3333333432674408 - reward/max:0.0 - reward/min:0.0 - batch/num_episodes:1 - distributed/num_processes:3 - distributed/rank:0
[32mTrajectory 7 completed due to: ENV_DONE. Reward is 1.0. 
[0m
[32mTrajectory 2 completed due to: ENV_DONE. Reward is 1.0. 
[0m
[32mTrajectory 3 completed due to: ENV_DONE. Reward is 1.0. 
[0m
[32mTrajectory 0 completed due to: ENV_DONE. Reward is 1.0. 
[0m
[32mTrajectory 5 completed due to: ENV_DONE. Reward is 1.0. 
[0m
[32mTrajectory 1 completed due to: ENV_DONE. Reward is 1.0. 
[0m
[32mTrajectory 4 completed due to: ENV_DONE. Reward is 1.0. 
[0m
[32mTrajectory 6 completed due to: ENV_DONE. Reward is 1.0. 
[0m
[36mNumber of Trajectories 1/8 completed[0m
[36mNumber of Trajectories 2/8 completed[0m
[36mNumber of Trajectories 3/8 completed[0m
[36mNumber of Trajectories 4/8 completed[0m
[36mNumber of Trajectories 5/8 completed[0m
[36mNumber of Trajectories 6/8 completed[0m
[36mNumber of Trajectories 7/8 completed[0m
[36mNumber of Trajectories 8/8 completed[0m
[32mTrajectory 1 completed due to: ENV_DONE. Reward is 1.0. 
[0m
[32mTrajectory 2 completed due to: ENV_DONE. Reward is 1.0. 
[0m
[32mTrajectory 6 completed due to: ENV_DONE. Reward is 1.0. 
[0m
[32mTrajectory 4 completed due to: ENV_DONE. Reward is 1.0. 
[0m
[32mTrajectory 7 completed due to: ENV_DONE. Reward is 1.0. 
[0m
[32mTrajectory 0 completed due to: ENV_DONE. Reward is 1.0. 
[0m
[32mTrajectory 5 completed due to: ENV_DONE. Reward is 1.0. 
[0m
[32mTrajectory 3 completed due to: ENV_DONE. Reward is 1.0. 
[0m
[36mNumber of Trajectories 1/8 completed[0m
[36mNumber of Trajectories 2/8 completed[0m
[36mNumber of Trajectories 3/8 completed[0m
[36mNumber of Trajectories 4/8 completed[0m
[36mNumber of Trajectories 5/8 completed[0m
[36mNumber of Trajectories 6/8 completed[0m
[36mNumber of Trajectories 7/8 completed[0m
[36mNumber of Trajectories 8/8 completed[0m
[32mTrajectory 0 completed due to: ENV_DONE. Reward is 1.0. 
[0m
[32mTrajectory 6 completed due to: ENV_DONE. Reward is 1.0. 
[0m
[32mTrajectory 2 completed due to: ENV_DONE. Reward is 1.0. 
[0m
[32mTrajectory 7 completed due to: ENV_DONE. Reward is 1.0. 
[0m
[32mTrajectory 4 completed due to: ENV_DONE. Reward is 1.0. 
[0m
[32mTrajectory 1 completed due to: ENV_DONE. Reward is 1.0. 
[0m
[32mTrajectory 5 completed due to: ENV_DONE. Reward is 1.0. 
[0m
[32mTrajectory 3 completed due to: ENV_DONE. Reward is 1.0. 
[0m
[36mNumber of Trajectories 1/8 completed[0m
[36mNumber of Trajectories 2/8 completed[0m
[36mNumber of Trajectories 3/8 completed[0m
[36mNumber of Trajectories 4/8 completed[0m
[36mNumber of Trajectories 5/8 completed[0m
[36mNumber of Trajectories 6/8 completed[0m
[36mNumber of Trajectories 7/8 completed[0m
[36mNumber of Trajectories 8/8 completed[0m
step:85 - grouping/num_groups:1 - grouping/num_samples:8 - advantage/mean:0.0 - advantage/std:0.0 - loss/grad_norm:0.0 - loss/policy:0.0 - policy/ratio_mean:0.9966690540313721 - time/sample:12.037837505340576 - time/train:19.20889711380005 - time/total:31.25234031677246 - reward/mean:1.0 - reward/max:1.0 - reward/min:1.0 - batch/num_episodes:1 - distributed/num_processes:3 - distributed/rank:0
[32mTrajectory 7 completed due to: ENV_DONE. Reward is 1.0. 
[0m
[32mTrajectory 2 completed due to: ENV_DONE. Reward is 1.0. 
[0m
[32mTrajectory 3 completed due to: ENV_DONE. Reward is 1.0. 
[0m
[32mTrajectory 0 completed due to: ENV_DONE. Reward is 1.0. 
[0m
[32mTrajectory 5 completed due to: ENV_DONE. Reward is 1.0. 
[0m
[32mTrajectory 1 completed due to: ENV_DONE. Reward is 1.0. 
[0m
[32mTrajectory 4 completed due to: ENV_DONE. Reward is 1.0. 
[0m
[32mTrajectory 6 completed due to: ENV_DONE. Reward is 1.0. 
[0m
[36mNumber of Trajectories 1/8 completed[0m
[36mNumber of Trajectories 2/8 completed[0m
[36mNumber of Trajectories 3/8 completed[0m
[36mNumber of Trajectories 4/8 completed[0m
[36mNumber of Trajectories 5/8 completed[0m
[36mNumber of Trajectories 6/8 completed[0m
[36mNumber of Trajectories 7/8 completed[0m
[36mNumber of Trajectories 8/8 completed[0m
[33mTrajectory 1 completed due to: ENV_DONE. Reward is 0.0. 
[0m
[33mTrajectory 2 completed due to: ENV_DONE. Reward is 0.0. 
[0m
[33mTrajectory 6 completed due to: ENV_DONE. Reward is 0.0. 
[0m
[33mTrajectory 4 completed due to: ENV_DONE. Reward is 0.0. 
[0m
[33mTrajectory 7 completed due to: ENV_DONE. Reward is 0.0. 
[0m
[33mTrajectory 0 completed due to: ENV_DONE. Reward is 0.0. 
[0m
[33mTrajectory 5 completed due to: ENV_DONE. Reward is 0.0. 
[0m
[33mTrajectory 3 completed due to: ENV_DONE. Reward is 0.0. 
[0m
[36mNumber of Trajectories 1/8 completed[0m
[36mNumber of Trajectories 2/8 completed[0m
[36mNumber of Trajectories 3/8 completed[0m
[36mNumber of Trajectories 4/8 completed[0m
[36mNumber of Trajectories 5/8 completed[0m
[36mNumber of Trajectories 6/8 completed[0m
[36mNumber of Trajectories 7/8 completed[0m
[36mNumber of Trajectories 8/8 completed[0m
[32mTrajectory 0 completed due to: ENV_DONE. Reward is 1.0. 
[0m
[32mTrajectory 6 completed due to: ENV_DONE. Reward is 1.0. 
[0m
[32mTrajectory 2 completed due to: ENV_DONE. Reward is 1.0. 
[0m
[32mTrajectory 7 completed due to: ENV_DONE. Reward is 1.0. 
[0m
[32mTrajectory 4 completed due to: ENV_DONE. Reward is 1.0. 
[0m
[32mTrajectory 1 completed due to: ENV_DONE. Reward is 1.0. 
[0m
[32mTrajectory 5 completed due to: ENV_DONE. Reward is 1.0. 
[0m
[33mTrajectory 3 completed due to: ENV_DONE. Reward is 0.0. 
[0m
[36mNumber of Trajectories 1/8 completed[0m
[36mNumber of Trajectories 2/8 completed[0m
[36mNumber of Trajectories 3/8 completed[0m
[36mNumber of Trajectories 4/8 completed[0m
[36mNumber of Trajectories 5/8 completed[0m
[36mNumber of Trajectories 6/8 completed[0m
[36mNumber of Trajectories 7/8 completed[0m
[36mNumber of Trajectories 8/8 completed[0m
step:86 - grouping/num_groups:1 - grouping/num_samples:8 - advantage/mean:0.0 - advantage/std:0.0 - loss/grad_norm:1.515625 - loss/policy:0.0 - policy/ratio_mean:0.9726995825767517 - time/sample:5.302239894866943 - time/train:25.07221531867981 - time/total:30.38090491294861 - reward/mean:0.625 - reward/max:0.0 - reward/min:0.0 - batch/num_episodes:1 - distributed/num_processes:3 - distributed/rank:0
[33mTrajectory 4 completed due to: ENV_DONE. Reward is 0.0. 
[0m
[33mTrajectory 3 completed due to: ENV_DONE. Reward is 0.0. 
[0m
[33mTrajectory 1 completed due to: ENV_DONE. Reward is 0.0. 
[0m
[33mTrajectory 7 completed due to: ENV_DONE. Reward is 0.0. 
[0m
[33mTrajectory 5 completed due to: ENV_DONE. Reward is 0.0. 
[0m
[33mTrajectory 6 completed due to: ENV_DONE. Reward is 0.0. 
[0m
[33mTrajectory 0 completed due to: ENV_DONE. Reward is 0.0. 
[0m
[36mNumber of Trajectories 1/8 completed[0m
[36mNumber of Trajectories 2/8 completed[0m
[36mNumber of Trajectories 3/8 completed[0m
[33mTrajectory 2 completed due to: ENV_DONE. Reward is 0.0. 
[0m
[36mNumber of Trajectories 4/8 completed[0m
[36mNumber of Trajectories 5/8 completed[0m
[36mNumber of Trajectories 6/8 completed[0m
[36mNumber of Trajectories 7/8 completed[0m
[36mNumber of Trajectories 8/8 completed[0m
[33mTrajectory 0 completed due to: TRUNCATION. Reward is 0.0. 
[0m
[33mTrajectory 6 completed due to: TRUNCATION. Reward is 0.0. 
[0m
[33mTrajectory 2 completed due to: TRUNCATION. Reward is 0.0. 
[0m
[33mTrajectory 7 completed due to: TRUNCATION. Reward is 0.0. 
[0m
[32mTrajectory 4 completed due to: ENV_DONE. Reward is 1.0. 
[0m
[33mTrajectory 1 completed due to: TRUNCATION. Reward is 0.0. 
[0m
[33mTrajectory 5 completed due to: TRUNCATION. Reward is 0.0. 
[0m
[33mTrajectory 3 completed due to: TRUNCATION. Reward is 0.0. 
[0m
[36mNumber of Trajectories 1/8 completed[0m
[36mNumber of Trajectories 2/8 completed[0m
[36mNumber of Trajectories 3/8 completed[0m
[36mNumber of Trajectories 4/8 completed[0m
[36mNumber of Trajectories 5/8 completed[0m
[36mNumber of Trajectories 6/8 completed[0m
[36mNumber of Trajectories 7/8 completed[0m
[36mNumber of Trajectories 8/8 completed[0m
[33mTrajectory 7 completed due to: ENV_DONE. Reward is 0.0. 
[0m
[33mTrajectory 2 completed due to: TRUNCATION. Reward is 0.0. 
[0m
[33mTrajectory 3 completed due to: TRUNCATION. Reward is 0.0. 
[0m
[33mTrajectory 0 completed due to: ENV_DONE. Reward is 0.0. 
[0m
[33mTrajectory 5 completed due to: ENV_DONE. Reward is 0.0. 
[0m
[33mTrajectory 1 completed due to: ENV_DONE. Reward is 0.0. 
[0m
[33mTrajectory 4 completed due to: ENV_DONE. Reward is 0.0. 
[0m
[33mTrajectory 6 completed due to: ENV_DONE. Reward is 0.0. 
[0m
[36mNumber of Trajectories 1/8 completed[0m
[36mNumber of Trajectories 2/8 completed[0m
[36mNumber of Trajectories 3/8 completed[0m
[36mNumber of Trajectories 4/8 completed[0m
[36mNumber of Trajectories 5/8 completed[0m
[36mNumber of Trajectories 6/8 completed[0m
[36mNumber of Trajectories 7/8 completed[0m
[36mNumber of Trajectories 8/8 completed[0m
step:87 - grouping/num_groups:1 - grouping/num_samples:8 - advantage/mean:0.0 - advantage/std:0.0 - loss/grad_norm:0.1337890625 - loss/policy:0.0 - policy/ratio_mean:0.9921011328697205 - time/sample:6.4774274826049805 - time/train:64.68762469291687 - time/total:71.17038464546204 - reward/mean:0.0416666679084301 - reward/max:0.0 - reward/min:0.0 - batch/num_episodes:1 - distributed/num_processes:3 - distributed/rank:0
[33mTrajectory 7 completed due to: ENV_DONE. Reward is 0.0. 
[0m
[33mTrajectory 2 completed due to: ENV_DONE. Reward is 0.0. 
[0m
[33mTrajectory 3 completed due to: ENV_DONE. Reward is 0.0. 
[0m
[33mTrajectory 0 completed due to: ENV_DONE. Reward is 0.0. 
[0m
[33mTrajectory 5 completed due to: ENV_DONE. Reward is 0.0. 
[0m
[33mTrajectory 1 completed due to: ENV_DONE. Reward is 0.0. 
[0m
[33mTrajectory 4 completed due to: ENV_DONE. Reward is 0.0. 
[0m
[33mTrajectory 6 completed due to: ENV_DONE. Reward is 0.0. 
[0m
[36mNumber of Trajectories 1/8 completed[0m
[36mNumber of Trajectories 2/8 completed[0m
[36mNumber of Trajectories 3/8 completed[0m
[36mNumber of Trajectories 4/8 completed[0m
[36mNumber of Trajectories 5/8 completed[0m
[36mNumber of Trajectories 6/8 completed[0m
[36mNumber of Trajectories 7/8 completed[0m
[36mNumber of Trajectories 8/8 completed[0m
[33mTrajectory 1 completed due to: ENV_DONE. Reward is 0.0. 
[0m
[33mTrajectory 7 completed due to: ENV_DONE. Reward is 0.0. 
[0m
[33mTrajectory 3 completed due to: ENV_DONE. Reward is 0.0. 
[0m
[33mTrajectory 0 completed due to: ENV_DONE. Reward is 0.0. 
[0m
[33mTrajectory 2 completed due to: ENV_DONE. Reward is 0.0. 
[0m
[33mTrajectory 6 completed due to: ENV_DONE. Reward is 0.0. 
[0m
[33mTrajectory 4 completed due to: ENV_DONE. Reward is 0.0. 
[0m
[33mTrajectory 5 completed due to: ENV_DONE. Reward is 0.0. 
[0m
[36mNumber of Trajectories 1/8 completed[0m
[36mNumber of Trajectories 2/8 completed[0m
[36mNumber of Trajectories 3/8 completed[0m
[36mNumber of Trajectories 4/8 completed[0m
[36mNumber of Trajectories 5/8 completed[0m
[36mNumber of Trajectories 6/8 completed[0m
[36mNumber of Trajectories 7/8 completed[0m
[36mNumber of Trajectories 8/8 completed[0m
[32mTrajectory 0 completed due to: ENV_DONE. Reward is 1.0. 
[0m
[32mTrajectory 6 completed due to: ENV_DONE. Reward is 1.0. 
[0m
[32mTrajectory 2 completed due to: ENV_DONE. Reward is 1.0. 
[0m
[32mTrajectory 7 completed due to: ENV_DONE. Reward is 1.0. 
[0m
[32mTrajectory 4 completed due to: ENV_DONE. Reward is 1.0. 
[0m
[32mTrajectory 1 completed due to: ENV_DONE. Reward is 1.0. 
[0m
[32mTrajectory 5 completed due to: ENV_DONE. Reward is 1.0. 
[0m
[36mNumber of Trajectories 1/8 completed[0m
[36mNumber of Trajectories 2/8 completed[0m
[36mNumber of Trajectories 3/8 completed[0m
[36mNumber of Trajectories 4/8 completed[0m
[36mNumber of Trajectories 5/8 completed[0m
[36mNumber of Trajectories 6/8 completed[0m
[36mNumber of Trajectories 7/8 completed[0m
[33mTrajectory 3 completed due to: TRUNCATION. Reward is 0.0. 
[0m
[36mNumber of Trajectories 8/8 completed[0m
step:88 - grouping/num_groups:1 - grouping/num_samples:8 - advantage/mean:0.0 - advantage/std:0.0 - loss/grad_norm:0.625 - loss/policy:0.0 - policy/ratio_mean:0.9910798072814941 - time/sample:32.59505224227905 - time/train:33.29357361793518 - time/total:65.89525175094604 - reward/mean:0.2916666865348816 - reward/max:0.0 - reward/min:0.0 - batch/num_episodes:1 - distributed/num_processes:3 - distributed/rank:0
[32mTrajectory 0 completed due to: ENV_DONE. Reward is 1.0. 
[0m
[32mTrajectory 6 completed due to: ENV_DONE. Reward is 1.0. 
[0m
[33mTrajectory 2 completed due to: TRUNCATION. Reward is 0.0. 
[0m
[33mTrajectory 7 completed due to: TRUNCATION. Reward is 0.0. 
[0m
[33mTrajectory 4 completed due to: TRUNCATION. Reward is 0.0. 
[0m
[33mTrajectory 1 completed due to: TRUNCATION. Reward is 0.0. 
[0m
[33mTrajectory 5 completed due to: TRUNCATION. Reward is 0.0. 
[0m
[33mTrajectory 3 completed due to: TRUNCATION. Reward is 0.0. 
[0m
[36mNumber of Trajectories 1/8 completed[0m
[36mNumber of Trajectories 2/8 completed[0m
[36mNumber of Trajectories 3/8 completed[0m
[36mNumber of Trajectories 4/8 completed[0m
[36mNumber of Trajectories 5/8 completed[0m
[36mNumber of Trajectories 6/8 completed[0m
[36mNumber of Trajectories 7/8 completed[0m
[36mNumber of Trajectories 8/8 completed[0m
[32mTrajectory 7 completed due to: ENV_DONE. Reward is 1.0. 
[0m
[32mTrajectory 2 completed due to: ENV_DONE. Reward is 1.0. 
[0m
[32mTrajectory 3 completed due to: ENV_DONE. Reward is 1.0. 
[0m
[32mTrajectory 0 completed due to: ENV_DONE. Reward is 1.0. 
[0m
[32mTrajectory 5 completed due to: ENV_DONE. Reward is 1.0. 
[0m
[32mTrajectory 1 completed due to: ENV_DONE. Reward is 1.0. 
[0m
[32mTrajectory 4 completed due to: ENV_DONE. Reward is 1.0. 
[0m
[32mTrajectory 6 completed due to: ENV_DONE. Reward is 1.0. 
[0m
[36mNumber of Trajectories 1/8 completed[0m
[36mNumber of Trajectories 2/8 completed[0m
[36mNumber of Trajectories 3/8 completed[0m
[36mNumber of Trajectories 4/8 completed[0m
[36mNumber of Trajectories 5/8 completed[0m
[36mNumber of Trajectories 6/8 completed[0m
[36mNumber of Trajectories 7/8 completed[0m
[36mNumber of Trajectories 8/8 completed[0m
[32mTrajectory 1 completed due to: ENV_DONE. Reward is 1.0. 
[0m
[33mTrajectory 4 completed due to: ENV_DONE. Reward is 0.0. 
[0m
[32mTrajectory 7 completed due to: ENV_DONE. Reward is 1.0. 
[0m
[33mTrajectory 3 completed due to: ENV_DONE. Reward is 0.0. 
[0m
[32mTrajectory 5 completed due to: TRUNCATION. Reward is 1.0. 
[0m
[32mTrajectory 6 completed due to: ENV_DONE. Reward is 1.0. 
[0m
[33mTrajectory 0 completed due to: TRUNCATION. Reward is 0.0. 
[0m
[33mTrajectory 2 completed due to: TRUNCATION. Reward is 0.0. 
[0m
[36mNumber of Trajectories 1/8 completed[0m
[36mNumber of Trajectories 2/8 completed[0m
[36mNumber of Trajectories 3/8 completed[0m
[36mNumber of Trajectories 4/8 completed[0m
[36mNumber of Trajectories 5/8 completed[0m
[36mNumber of Trajectories 6/8 completed[0m
[36mNumber of Trajectories 7/8 completed[0m
[36mNumber of Trajectories 8/8 completed[0m
step:89 - grouping/num_groups:1 - grouping/num_samples:8 - advantage/mean:0.0 - advantage/std:0.4841229182759271 - loss/grad_norm:0.349609375 - loss/policy:0.37172356247901917 - policy/ratio_mean:0.989205539226532 - time/sample:78.09218549728394 - time/train:4.9285728931427 - time/total:83.02653789520264 - reward/mean:0.5416666865348816 - reward/max:1.0 - reward/min:0.0 - batch/num_episodes:1 - distributed/num_processes:3 - distributed/rank:0
[33mTrajectory 4 completed due to: ENV_DONE. Reward is 0.0. 
[0m
[32mTrajectory 3 completed due to: ENV_DONE. Reward is 1.0. 
[0m
[32mTrajectory 1 completed due to: ENV_DONE. Reward is 1.0. 
[0m
[32mTrajectory 7 completed due to: ENV_DONE. Reward is 1.0. 
[0m
[32mTrajectory 5 completed due to: ENV_DONE. Reward is 1.0. 
[0m
[33mTrajectory 6 completed due to: ENV_DONE. Reward is 0.0. 
[0m
[33mTrajectory 0 completed due to: ENV_DONE. Reward is 0.0. 
[0m
[36mNumber of Trajectories 1/8 completed[0m
[36mNumber of Trajectories 2/8 completed[0m
[36mNumber of Trajectories 3/8 completed[0m
[32mTrajectory 2 completed due to: ENV_DONE. Reward is 1.0. 
[0m
[36mNumber of Trajectories 4/8 completed[0m
[36mNumber of Trajectories 5/8 completed[0m
[36mNumber of Trajectories 6/8 completed[0m
[36mNumber of Trajectories 7/8 completed[0m
[36mNumber of Trajectories 8/8 completed[0m
[33mTrajectory 7 completed due to: ENV_DONE. Reward is 0.0. 
[0m
[33mTrajectory 2 completed due to: ENV_DONE. Reward is 0.0. 
[0m
[32mTrajectory 3 completed due to: ENV_DONE. Reward is 1.0. 
[0m
[33mTrajectory 0 completed due to: ENV_DONE. Reward is 0.0. 
[0m
[33mTrajectory 5 completed due to: ENV_DONE. Reward is 0.0. 
[0m
[32mTrajectory 1 completed due to: ENV_DONE. Reward is 1.0. 
[0m
[33mTrajectory 4 completed due to: ENV_DONE. Reward is 0.0. 
[0m
[33mTrajectory 6 completed due to: ENV_DONE. Reward is 0.0. 
[0m
[36mNumber of Trajectories 1/8 completed[0m
[36mNumber of Trajectories 2/8 completed[0m
[36mNumber of Trajectories 3/8 completed[0m
[36mNumber of Trajectories 4/8 completed[0m
[36mNumber of Trajectories 5/8 completed[0m
[36mNumber of Trajectories 6/8 completed[0m
[36mNumber of Trajectories 7/8 completed[0m
[36mNumber of Trajectories 8/8 completed[0m
[33mTrajectory 0 completed due to: ENV_DONE. Reward is 0.0. 
[0m
[32mTrajectory 6 completed due to: TRUNCATION. Reward is 1.0. 
[0m
[33mTrajectory 2 completed due to: ENV_DONE. Reward is 0.0. 
[0m
[33mTrajectory 7 completed due to: TRUNCATION. Reward is 0.0. 
[0m
[32mTrajectory 4 completed due to: TRUNCATION. Reward is 1.0. 
[0m
[33mTrajectory 1 completed due to: ENV_DONE. Reward is 0.0. 
[0m
[33mTrajectory 5 completed due to: ENV_DONE. Reward is 0.0. 
[0m
[32mTrajectory 3 completed due to: TRUNCATION. Reward is 1.0. 
[0m
[36mNumber of Trajectories 1/8 completed[0m
[36mNumber of Trajectories 2/8 completed[0m
[36mNumber of Trajectories 3/8 completed[0m
[36mNumber of Trajectories 4/8 completed[0m
[36mNumber of Trajectories 5/8 completed[0m
[36mNumber of Trajectories 6/8 completed[0m
[36mNumber of Trajectories 7/8 completed[0m
[36mNumber of Trajectories 8/8 completed[0m
step:90 - grouping/num_groups:1 - grouping/num_samples:8 - advantage/mean:0.0 - advantage/std:0.4841229182759271 - loss/grad_norm:0.8046875 - loss/policy:-0.36663660407066345 - policy/ratio_mean:0.9849661588668823 - time/sample:7.334117889404297 - time/train:38.891719818115234 - time/total:46.23144268989563 - reward/mean:0.2916666865348816 - reward/max:1.0 - reward/min:0.0 - batch/num_episodes:1 - distributed/num_processes:3 - distributed/rank:0
[33mTrajectory 1 completed due to: TRUNCATION. Reward is 0.0. 
[0m
[33mTrajectory 2 completed due to: TRUNCATION. Reward is 0.0. 
[0m
[33mTrajectory 6 completed due to: TRUNCATION. Reward is 0.0. 
[0m
[33mTrajectory 4 completed due to: TRUNCATION. Reward is 0.0. 
[0m
[33mTrajectory 7 completed due to: TRUNCATION. Reward is 0.0. 
[0m
[33mTrajectory 0 completed due to: TRUNCATION. Reward is 0.0. 
[0m
[33mTrajectory 5 completed due to: TRUNCATION. Reward is 0.0. 
[0m
[33mTrajectory 3 completed due to: TRUNCATION. Reward is 0.0. 
[0m
[36mNumber of Trajectories 1/8 completed[0m
[36mNumber of Trajectories 2/8 completed[0m
[36mNumber of Trajectories 3/8 completed[0m
[36mNumber of Trajectories 4/8 completed[0m
[36mNumber of Trajectories 5/8 completed[0m
[36mNumber of Trajectories 6/8 completed[0m
[36mNumber of Trajectories 7/8 completed[0m
[36mNumber of Trajectories 8/8 completed[0m
[33mTrajectory 7 completed due to: ENV_DONE. Reward is 0.0. 
[0m
[33mTrajectory 2 completed due to: ENV_DONE. Reward is 0.0. 
[0m
[33mTrajectory 3 completed due to: ENV_DONE. Reward is 0.0. 
[0m
[33mTrajectory 0 completed due to: ENV_DONE. Reward is 0.0. 
[0m
[33mTrajectory 5 completed due to: ENV_DONE. Reward is 0.0. 
[0m
[33mTrajectory 1 completed due to: ENV_DONE. Reward is 0.0. 
[0m
[33mTrajectory 4 completed due to: ENV_DONE. Reward is 0.0. 
[0m
[33mTrajectory 6 completed due to: ENV_DONE. Reward is 0.0. 
[0m
[36mNumber of Trajectories 1/8 completed[0m
[36mNumber of Trajectories 2/8 completed[0m
[36mNumber of Trajectories 3/8 completed[0m
[36mNumber of Trajectories 4/8 completed[0m
[36mNumber of Trajectories 5/8 completed[0m
[36mNumber of Trajectories 6/8 completed[0m
[36mNumber of Trajectories 7/8 completed[0m
[36mNumber of Trajectories 8/8 completed[0m
[33mTrajectory 0 completed due to: TRUNCATION. Reward is 0.0. 
[0m
[33mTrajectory 6 completed due to: TRUNCATION. Reward is 0.0. 
[0m
[33mTrajectory 2 completed due to: TRUNCATION. Reward is 0.0. 
[0m
[33mTrajectory 7 completed due to: TRUNCATION. Reward is 0.0. 
[0m
[33mTrajectory 4 completed due to: TRUNCATION. Reward is 0.0. 
[0m
[33mTrajectory 1 completed due to: TRUNCATION. Reward is 0.0. 
[0m
[33mTrajectory 5 completed due to: TRUNCATION. Reward is 0.0. 
[0m
[33mTrajectory 3 completed due to: TRUNCATION. Reward is 0.0. 
[0m
[36mNumber of Trajectories 1/8 completed[0m
[36mNumber of Trajectories 2/8 completed[0m
[36mNumber of Trajectories 3/8 completed[0m
[36mNumber of Trajectories 4/8 completed[0m
[36mNumber of Trajectories 5/8 completed[0m
[36mNumber of Trajectories 6/8 completed[0m
[36mNumber of Trajectories 7/8 completed[0m
[36mNumber of Trajectories 8/8 completed[0m
step:91 - grouping/num_groups:1 - grouping/num_samples:8 - advantage/mean:0.0 - advantage/std:0.0 - loss/grad_norm:0.0 - loss/policy:0.0 - policy/ratio_mean:0.9621285796165466 - time/sample:31.798458337783813 - time/train:40.76176452636719 - time/total:72.56718826293945 - reward/mean:0.0 - reward/max:0.0 - reward/min:0.0 - batch/num_episodes:1 - distributed/num_processes:3 - distributed/rank:0
[32mTrajectory 1 completed due to: ENV_DONE. Reward is 1.0. 
[0m
[32mTrajectory 2 completed due to: ENV_DONE. Reward is 1.0. 
[0m
[32mTrajectory 6 completed due to: ENV_DONE. Reward is 1.0. 
[0m
[32mTrajectory 4 completed due to: ENV_DONE. Reward is 1.0. 
[0m
[32mTrajectory 7 completed due to: ENV_DONE. Reward is 1.0. 
[0m
[32mTrajectory 0 completed due to: ENV_DONE. Reward is 1.0. 
[0m
[32mTrajectory 5 completed due to: ENV_DONE. Reward is 1.0. 
[0m
[32mTrajectory 3 completed due to: ENV_DONE. Reward is 1.0. 
[0m
[36mNumber of Trajectories 1/8 completed[0m
[36mNumber of Trajectories 2/8 completed[0m
[36mNumber of Trajectories 3/8 completed[0m
[36mNumber of Trajectories 4/8 completed[0m
[36mNumber of Trajectories 5/8 completed[0m
[36mNumber of Trajectories 6/8 completed[0m
[36mNumber of Trajectories 7/8 completed[0m
[36mNumber of Trajectories 8/8 completed[0m
[32mTrajectory 7 completed due to: ENV_DONE. Reward is 1.0. 
[0m
[32mTrajectory 2 completed due to: ENV_DONE. Reward is 1.0. 
[0m
[32mTrajectory 3 completed due to: ENV_DONE. Reward is 1.0. 
[0m
[32mTrajectory 0 completed due to: ENV_DONE. Reward is 1.0. 
[0m
[32mTrajectory 5 completed due to: ENV_DONE. Reward is 1.0. 
[0m
[32mTrajectory 1 completed due to: ENV_DONE. Reward is 1.0. 
[0m
[32mTrajectory 4 completed due to: ENV_DONE. Reward is 1.0. 
[0m
[32mTrajectory 6 completed due to: ENV_DONE. Reward is 1.0. 
[0m
[36mNumber of Trajectories 1/8 completed[0m
[36mNumber of Trajectories 2/8 completed[0m
[36mNumber of Trajectories 3/8 completed[0m
[36mNumber of Trajectories 4/8 completed[0m
[36mNumber of Trajectories 5/8 completed[0m
[36mNumber of Trajectories 6/8 completed[0m
[36mNumber of Trajectories 7/8 completed[0m
[36mNumber of Trajectories 8/8 completed[0m
[33mTrajectory 0 completed due to: TRUNCATION. Reward is 0.0. 
[0m
[33mTrajectory 6 completed due to: TRUNCATION. Reward is 0.0. 
[0m
[33mTrajectory 2 completed due to: TRUNCATION. Reward is 0.0. 
[0m
[33mTrajectory 7 completed due to: TRUNCATION. Reward is 0.0. 
[0m
[33mTrajectory 4 completed due to: TRUNCATION. Reward is 0.0. 
[0m
[33mTrajectory 1 completed due to: TRUNCATION. Reward is 0.0. 
[0m
[33mTrajectory 5 completed due to: TRUNCATION. Reward is 0.0. 
[0m
[36mNumber of Trajectories 1/8 completed[0m
[36mNumber of Trajectories 2/8 completed[0m
[36mNumber of Trajectories 3/8 completed[0m
[33mTrajectory 3 completed due to: TRUNCATION. Reward is 0.0. 
[0m
[36mNumber of Trajectories 4/8 completed[0m
[36mNumber of Trajectories 5/8 completed[0m
[36mNumber of Trajectories 6/8 completed[0m
[36mNumber of Trajectories 7/8 completed[0m
[36mNumber of Trajectories 8/8 completed[0m
step:92 - grouping/num_groups:1 - grouping/num_samples:8 - advantage/mean:0.0 - advantage/std:0.0 - loss/grad_norm:0.0 - loss/policy:0.0 - policy/ratio_mean:0.9961025714874268 - time/sample:7.273375511169434 - time/train:59.175981521606445 - time/total:66.45481514930725 - reward/mean:0.6666666865348816 - reward/max:1.0 - reward/min:1.0 - batch/num_episodes:1 - distributed/num_processes:3 - distributed/rank:0
[32mTrajectory 1 completed due to: ENV_DONE. Reward is 1.0. 
[0m
[32mTrajectory 2 completed due to: ENV_DONE. Reward is 1.0. 
[0m
[32mTrajectory 6 completed due to: ENV_DONE. Reward is 1.0. 
[0m
[32mTrajectory 4 completed due to: ENV_DONE. Reward is 1.0. 
[0m
[32mTrajectory 7 completed due to: ENV_DONE. Reward is 1.0. 
[0m
[32mTrajectory 0 completed due to: ENV_DONE. Reward is 1.0. 
[0m
[32mTrajectory 5 completed due to: ENV_DONE. Reward is 1.0. 
[0m
[32mTrajectory 3 completed due to: ENV_DONE. Reward is 1.0. 
[0m
[36mNumber of Trajectories 1/8 completed[0m
[36mNumber of Trajectories 2/8 completed[0m
[36mNumber of Trajectories 3/8 completed[0m
[36mNumber of Trajectories 4/8 completed[0m
[36mNumber of Trajectories 5/8 completed[0m
[36mNumber of Trajectories 6/8 completed[0m
[36mNumber of Trajectories 7/8 completed[0m
[36mNumber of Trajectories 8/8 completed[0m
[32mTrajectory 7 completed due to: ENV_DONE. Reward is 1.0. 
[0m
[32mTrajectory 2 completed due to: ENV_DONE. Reward is 1.0. 
[0m
[32mTrajectory 3 completed due to: ENV_DONE. Reward is 1.0. 
[0m
[33mTrajectory 0 completed due to: ENV_DONE. Reward is 0.0. 
[0m
[32mTrajectory 5 completed due to: ENV_DONE. Reward is 1.0. 
[0m
[32mTrajectory 1 completed due to: ENV_DONE. Reward is 1.0. 
[0m
[32mTrajectory 4 completed due to: ENV_DONE. Reward is 1.0. 
[0m
[32mTrajectory 6 completed due to: ENV_DONE. Reward is 1.0. 
[0m
[36mNumber of Trajectories 1/8 completed[0m
[36mNumber of Trajectories 2/8 completed[0m
[36mNumber of Trajectories 3/8 completed[0m
[36mNumber of Trajectories 4/8 completed[0m
[36mNumber of Trajectories 5/8 completed[0m
[36mNumber of Trajectories 6/8 completed[0m
[36mNumber of Trajectories 7/8 completed[0m
[36mNumber of Trajectories 8/8 completed[0m
[33mTrajectory 0 completed due to: TRUNCATION. Reward is 0.0. 
[0m
[33mTrajectory 6 completed due to: TRUNCATION. Reward is 0.0. 
[0m
[33mTrajectory 2 completed due to: TRUNCATION. Reward is 0.0. 
[0m
[33mTrajectory 7 completed due to: TRUNCATION. Reward is 0.0. 
[0m
[33mTrajectory 4 completed due to: TRUNCATION. Reward is 0.0. 
[0m
[33mTrajectory 1 completed due to: TRUNCATION. Reward is 0.0. 
[0m
[33mTrajectory 5 completed due to: TRUNCATION. Reward is 0.0. 
[0m
[33mTrajectory 3 completed due to: TRUNCATION. Reward is 0.0. 
[0m
[36mNumber of Trajectories 1/8 completed[0m
[36mNumber of Trajectories 2/8 completed[0m
[36mNumber of Trajectories 3/8 completed[0m
[36mNumber of Trajectories 4/8 completed[0m
[36mNumber of Trajectories 5/8 completed[0m
[36mNumber of Trajectories 6/8 completed[0m
[36mNumber of Trajectories 7/8 completed[0m
[36mNumber of Trajectories 8/8 completed[0m
step:93 - grouping/num_groups:1 - grouping/num_samples:8 - advantage/mean:0.0 - advantage/std:0.0 - loss/grad_norm:0.1328125 - loss/policy:0.0 - policy/ratio_mean:0.975589394569397 - time/sample:19.909263610839844 - time/train:51.04926896095276 - time/total:70.96487307548523 - reward/mean:0.625 - reward/max:1.0 - reward/min:1.0 - batch/num_episodes:1 - distributed/num_processes:3 - distributed/rank:0
[33mTrajectory 4 completed due to: TRUNCATION. Reward is 0.0. 
[0m
[33mTrajectory 3 completed due to: TRUNCATION. Reward is 0.0. 
[0m
[33mTrajectory 1 completed due to: TRUNCATION. Reward is 0.0. 
[0m
[33mTrajectory 7 completed due to: TRUNCATION. Reward is 0.0. 
[0m
[33mTrajectory 5 completed due to: TRUNCATION. Reward is 0.0. 
[0m
[33mTrajectory 6 completed due to: TRUNCATION. Reward is 0.0. 
[0m
[33mTrajectory 0 completed due to: TRUNCATION. Reward is 0.0. 
[0m
[36mNumber of Trajectories 1/8 completed[0m
[36mNumber of Trajectories 2/8 completed[0m
[36mNumber of Trajectories 3/8 completed[0m
[33mTrajectory 2 completed due to: TRUNCATION. Reward is 0.0. 
[0m
[36mNumber of Trajectories 4/8 completed[0m
[36mNumber of Trajectories 5/8 completed[0m
[36mNumber of Trajectories 6/8 completed[0m
[36mNumber of Trajectories 7/8 completed[0m
[36mNumber of Trajectories 8/8 completed[0m
[32mTrajectory 0 completed due to: ENV_DONE. Reward is 1.0. 
[0m
[32mTrajectory 6 completed due to: ENV_DONE. Reward is 1.0. 
[0m
[32mTrajectory 2 completed due to: TRUNCATION. Reward is 1.0. 
[0m
[32mTrajectory 7 completed due to: ENV_DONE. Reward is 1.0. 
[0m
[32mTrajectory 4 completed due to: ENV_DONE. Reward is 1.0. 
[0m
[32mTrajectory 1 completed due to: ENV_DONE. Reward is 1.0. 
[0m
[32mTrajectory 5 completed due to: ENV_DONE. Reward is 1.0. 
[0m
[36mNumber of Trajectories 1/8 completed[0m
[36mNumber of Trajectories 2/8 completed[0m
[36mNumber of Trajectories 3/8 completed[0m
[32mTrajectory 3 completed due to: ENV_DONE. Reward is 1.0. 
[0m
[36mNumber of Trajectories 4/8 completed[0m
[36mNumber of Trajectories 5/8 completed[0m
[36mNumber of Trajectories 6/8 completed[0m
[36mNumber of Trajectories 7/8 completed[0m
[36mNumber of Trajectories 8/8 completed[0m
[32mTrajectory 7 completed due to: ENV_DONE. Reward is 1.0. 
[0m
[32mTrajectory 2 completed due to: ENV_DONE. Reward is 1.0. 
[0m
[32mTrajectory 3 completed due to: ENV_DONE. Reward is 1.0. 
[0m
[32mTrajectory 0 completed due to: ENV_DONE. Reward is 1.0. 
[0m
[32mTrajectory 5 completed due to: ENV_DONE. Reward is 1.0. 
[0m
[32mTrajectory 1 completed due to: ENV_DONE. Reward is 1.0. 
[0m
[32mTrajectory 4 completed due to: ENV_DONE. Reward is 1.0. 
[0m
[32mTrajectory 6 completed due to: ENV_DONE. Reward is 1.0. 
[0m
[36mNumber of Trajectories 1/8 completed[0m
[36mNumber of Trajectories 2/8 completed[0m
[36mNumber of Trajectories 3/8 completed[0m
[36mNumber of Trajectories 4/8 completed[0m
[36mNumber of Trajectories 5/8 completed[0m
[36mNumber of Trajectories 6/8 completed[0m
[36mNumber of Trajectories 7/8 completed[0m
[36mNumber of Trajectories 8/8 completed[0m
step:94 - grouping/num_groups:1 - grouping/num_samples:8 - advantage/mean:0.0 - advantage/std:0.0 - loss/grad_norm:0.1171875 - loss/policy:0.0 - policy/ratio_mean:0.9703891277313232 - time/sample:54.38722801208496 - time/train:29.915128231048584 - time/total:84.30789756774902 - reward/mean:0.625 - reward/max:0.0 - reward/min:0.0 - batch/num_episodes:1 - distributed/num_processes:3 - distributed/rank:0
[32mTrajectory 1 completed due to: ENV_DONE. Reward is 1.0. 
[0m
[32mTrajectory 2 completed due to: ENV_DONE. Reward is 1.0. 
[0m
[32mTrajectory 6 completed due to: ENV_DONE. Reward is 1.0. 
[0m
[32mTrajectory 4 completed due to: ENV_DONE. Reward is 1.0. 
[0m
[32mTrajectory 7 completed due to: ENV_DONE. Reward is 1.0. 
[0m
[32mTrajectory 0 completed due to: ENV_DONE. Reward is 1.0. 
[0m
[32mTrajectory 5 completed due to: ENV_DONE. Reward is 1.0. 
[0m
[32mTrajectory 3 completed due to: ENV_DONE. Reward is 1.0. 
[0m
[36mNumber of Trajectories 1/8 completed[0m
[36mNumber of Trajectories 2/8 completed[0m
[36mNumber of Trajectories 3/8 completed[0m
[36mNumber of Trajectories 4/8 completed[0m
[36mNumber of Trajectories 5/8 completed[0m
[36mNumber of Trajectories 6/8 completed[0m
[36mNumber of Trajectories 7/8 completed[0m
[36mNumber of Trajectories 8/8 completed[0m
[33mTrajectory 0 completed due to: TRUNCATION. Reward is 0.0. 
[0m
[33mTrajectory 6 completed due to: TRUNCATION. Reward is 0.0. 
[0m
[33mTrajectory 2 completed due to: TRUNCATION. Reward is 0.0. 
[0m
[33mTrajectory 7 completed due to: TRUNCATION. Reward is 0.0. 
[0m
[33mTrajectory 2 completed due to: TRUNCATION. Reward is 0.0. 
[0m
[33mTrajectory 3 completed due to: ENV_DONE. Reward is 0.0. 
[0m
[33mTrajectory 7 completed due to: TRUNCATION. Reward is 0.0. 
[0m
[33mTrajectory 4 completed due to: TRUNCATION. Reward is 0.0. 
[0m
[33mTrajectory 1 completed due to: TRUNCATION. Reward is 0.0. 
[0m
[33mTrajectory 5 completed due to: TRUNCATION. Reward is 0.0. 
[0m
[36mNumber of Trajectories 1/8 completed[0m
[36mNumber of Trajectories 2/8 completed[0m
[36mNumber of Trajectories 3/8 completed[0m
[33mTrajectory 3 completed due to: TRUNCATION. Reward is 0.0. 
[0m
[36mNumber of Trajectories 4/8 completed[0m
[36mNumber of Trajectories 5/8 completed[0m
[36mNumber of Trajectories 6/8 completed[0m
[36mNumber of Trajectories 7/8 completed[0m
[36mNumber of Trajectories 8/8 completed[0m
[33mTrajectory 0 completed due to: TRUNCATION. Reward is 0.0. 
[0m
[33mTrajectory 1 completed due to: TRUNCATION. Reward is 0.0. 
[0m
[32mTrajectory 4 completed due to: ENV_DONE. Reward is 1.0. 
[0m
[33mTrajectory 6 completed due to: TRUNCATION. Reward is 0.0. 
[0m
[33mTrajectory 5 completed due to: TRUNCATION. Reward is 0.0. 
[0m
[36mNumber of Trajectories 1/8 completed[0m
[36mNumber of Trajectories 2/8 completed[0m
[36mNumber of Trajectories 3/8 completed[0m
[36mNumber of Trajectories 4/8 completed[0m
[36mNumber of Trajectories 5/8 completed[0m
[36mNumber of Trajectories 6/8 completed[0m
[36mNumber of Trajectories 7/8 completed[0m
[36mNumber of Trajectories 8/8 completed[0m
step:95 - grouping/num_groups:1 - grouping/num_samples:8 - advantage/mean:0.0 - advantage/std:0.0 - loss/grad_norm:0.1533203125 - loss/policy:0.0 - policy/ratio_mean:0.9966947436332703 - time/sample:1.5447132587432861 - time/train:66.84953832626343 - time/total:68.40044355392456 - reward/mean:0.375 - reward/max:1.0 - reward/min:1.0 - batch/num_episodes:1 - distributed/num_processes:3 - distributed/rank:0
[32mTrajectory 0 completed due to: ENV_DONE. Reward is 1.0. 
[0m
[32mTrajectory 6 completed due to: ENV_DONE. Reward is 1.0. 
[0m
[32mTrajectory 2 completed due to: ENV_DONE. Reward is 1.0. 
[0m
[32mTrajectory 7 completed due to: ENV_DONE. Reward is 1.0. 
[0m
[32mTrajectory 4 completed due to: ENV_DONE. Reward is 1.0. 
[0m
[32mTrajectory 1 completed due to: ENV_DONE. Reward is 1.0. 
[0m
[32mTrajectory 5 completed due to: ENV_DONE. Reward is 1.0. 
[0m
[32mTrajectory 3 completed due to: ENV_DONE. Reward is 1.0. 
[0m
[36mNumber of Trajectories 1/8 completed[0m
[36mNumber of Trajectories 2/8 completed[0m
[36mNumber of Trajectories 3/8 completed[0m
[36mNumber of Trajectories 4/8 completed[0m
[36mNumber of Trajectories 5/8 completed[0m
[36mNumber of Trajectories 6/8 completed[0m
[36mNumber of Trajectories 7/8 completed[0m
[36mNumber of Trajectories 8/8 completed[0m
[32mTrajectory 4 completed due to: ENV_DONE. Reward is 1.0. 
[0m
[33mTrajectory 3 completed due to: TRUNCATION. Reward is 0.0. 
[0m
[32mTrajectory 1 completed due to: ENV_DONE. Reward is 1.0. 
[0m
[32mTrajectory 7 completed due to: ENV_DONE. Reward is 1.0. 
[0m
[33mTrajectory 5 completed due to: TRUNCATION. Reward is 0.0. 
[0m
[32mTrajectory 6 completed due to: ENV_DONE. Reward is 1.0. 
[0m
[32mTrajectory 0 completed due to: ENV_DONE. Reward is 1.0. 
[0m
[36mNumber of Trajectories 1/8 completed[0m
[36mNumber of Trajectories 2/8 completed[0m
[36mNumber of Trajectories 3/8 completed[0m
[36mNumber of Trajectories 4/8 completed[0m
[36mNumber of Trajectories 5/8 completed[0m
[36mNumber of Trajectories 6/8 completed[0m
[32mTrajectory 2 completed due to: ENV_DONE. Reward is 1.0. 
[0m
[36mNumber of Trajectories 7/8 completed[0m
[36mNumber of Trajectories 8/8 completed[0m
[33mTrajectory 7 completed due to: TRUNCATION. Reward is 0.0. 
[0m
[33mTrajectory 2 completed due to: TRUNCATION. Reward is 0.0. 
[0m
[33mTrajectory 3 completed due to: TRUNCATION. Reward is 0.0. 
[0m
[33mTrajectory 0 completed due to: TRUNCATION. Reward is 0.0. 
[0m
[33mTrajectory 5 completed due to: TRUNCATION. Reward is 0.0. 
[0m
[33mTrajectory 1 completed due to: TRUNCATION. Reward is 0.0. 
[0m
[33mTrajectory 4 completed due to: TRUNCATION. Reward is 0.0. 
[0m
[33mTrajectory 6 completed due to: TRUNCATION. Reward is 0.0. 
[0m
[36mNumber of Trajectories 1/8 completed[0m
[36mNumber of Trajectories 2/8 completed[0m
[36mNumber of Trajectories 3/8 completed[0m
[36mNumber of Trajectories 4/8 completed[0m
[36mNumber of Trajectories 5/8 completed[0m
[36mNumber of Trajectories 6/8 completed[0m
[36mNumber of Trajectories 7/8 completed[0m
[36mNumber of Trajectories 8/8 completed[0m
step:96 - grouping/num_groups:1 - grouping/num_samples:8 - advantage/mean:0.0 - advantage/std:0.4330127018922193 - loss/grad_norm:0.1689453125 - loss/policy:-0.244096040725708 - policy/ratio_mean:0.9848685264587402 - time/sample:32.427786350250244 - time/train:36.488967418670654 - time/total:68.92278933525085 - reward/mean:0.5833333730697632 - reward/max:1.0 - reward/min:0.0 - batch/num_episodes:1 - distributed/num_processes:3 - distributed/rank:0
[32mTrajectory 4 completed due to: ENV_DONE. Reward is 1.0. 
[0m
[32mTrajectory 3 completed due to: ENV_DONE. Reward is 1.0. 
[0m
[32mTrajectory 1 completed due to: ENV_DONE. Reward is 1.0. 
[0m
[32mTrajectory 7 completed due to: ENV_DONE. Reward is 1.0. 
[0m
[32mTrajectory 5 completed due to: ENV_DONE. Reward is 1.0. 
[0m
[32mTrajectory 6 completed due to: ENV_DONE. Reward is 1.0. 
[0m
[32mTrajectory 0 completed due to: ENV_DONE. Reward is 1.0. 
[0m
[36mNumber of Trajectories 1/8 completed[0m
[36mNumber of Trajectories 2/8 completed[0m
[36mNumber of Trajectories 3/8 completed[0m
[32mTrajectory 2 completed due to: ENV_DONE. Reward is 1.0. 
[0m
[36mNumber of Trajectories 4/8 completed[0m
[36mNumber of Trajectories 5/8 completed[0m
[36mNumber of Trajectories 6/8 completed[0m
[36mNumber of Trajectories 7/8 completed[0m
[36mNumber of Trajectories 8/8 completed[0m
[32mTrajectory 0 completed due to: ENV_DONE. Reward is 1.0. 
[0m
[32mTrajectory 6 completed due to: ENV_DONE. Reward is 1.0. 
[0m
[32mTrajectory 2 completed due to: ENV_DONE. Reward is 1.0. 
[0m
[32mTrajectory 7 completed due to: ENV_DONE. Reward is 1.0. 
[0m
[32mTrajectory 4 completed due to: ENV_DONE. Reward is 1.0. 
[0m
[32mTrajectory 1 completed due to: ENV_DONE. Reward is 1.0. 
[0m
[32mTrajectory 5 completed due to: ENV_DONE. Reward is 1.0. 
[0m
[36mNumber of Trajectories 1/8 completed[0m
[36mNumber of Trajectories 2/8 completed[0m
[36mNumber of Trajectories 3/8 completed[0m
[32mTrajectory 3 completed due to: ENV_DONE. Reward is 1.0. 
[0m
[36mNumber of Trajectories 4/8 completed[0m
[36mNumber of Trajectories 5/8 completed[0m
[36mNumber of Trajectories 6/8 completed[0m
[36mNumber of Trajectories 7/8 completed[0m
[36mNumber of Trajectories 8/8 completed[0m
[32mTrajectory 7 completed due to: ENV_DONE. Reward is 1.0. 
[0m
[32mTrajectory 2 completed due to: ENV_DONE. Reward is 1.0. 
[0m
[32mTrajectory 3 completed due to: TRUNCATION. Reward is 1.0. 
[0m
[32mTrajectory 0 completed due to: ENV_DONE. Reward is 1.0. 
[0m
[32mTrajectory 5 completed due to: ENV_DONE. Reward is 1.0. 
[0m
[32mTrajectory 1 completed due to: ENV_DONE. Reward is 1.0. 
[0m
[32mTrajectory 4 completed due to: ENV_DONE. Reward is 1.0. 
[0m
[32mTrajectory 6 completed due to: ENV_DONE. Reward is 1.0. 
[0m
[36mNumber of Trajectories 1/8 completed[0m
[36mNumber of Trajectories 2/8 completed[0m
[36mNumber of Trajectories 3/8 completed[0m
[36mNumber of Trajectories 4/8 completed[0m
[36mNumber of Trajectories 5/8 completed[0m
[36mNumber of Trajectories 6/8 completed[0m
[36mNumber of Trajectories 7/8 completed[0m
[36mNumber of Trajectories 8/8 completed[0m
step:97 - grouping/num_groups:1 - grouping/num_samples:8 - advantage/mean:0.0 - advantage/std:0.0 - loss/grad_norm:0.0693359375 - loss/policy:0.0 - policy/ratio_mean:0.9940075278282166 - time/sample:2.8840720653533936 - time/train:34.56278419494629 - time/total:37.45322513580322 - reward/mean:0.9583333730697632 - reward/max:1.0 - reward/min:1.0 - batch/num_episodes:1 - distributed/num_processes:3 - distributed/rank:0
[32mTrajectory 3 completed due to: ENV_DONE. Reward is 1.0. 
[0m
[32mTrajectory 7 completed due to: ENV_DONE. Reward is 1.0. 
[0m
[32mTrajectory 5 completed due to: ENV_DONE. Reward is 1.0. 
[0m
[32mTrajectory 0 completed due to: ENV_DONE. Reward is 1.0. 
[0m
[32mTrajectory 2 completed due to: ENV_DONE. Reward is 1.0. 
[0m
[32mTrajectory 4 completed due to: ENV_DONE. Reward is 1.0. 
[0m
[32mTrajectory 6 completed due to: ENV_DONE. Reward is 1.0. 
[0m
[32mTrajectory 1 completed due to: ENV_DONE. Reward is 1.0. 
[0m
[36mNumber of Trajectories 1/8 completed[0m
[36mNumber of Trajectories 2/8 completed[0m
[36mNumber of Trajectories 3/8 completed[0m
[36mNumber of Trajectories 4/8 completed[0m
[36mNumber of Trajectories 5/8 completed[0m
[36mNumber of Trajectories 6/8 completed[0m
[36mNumber of Trajectories 7/8 completed[0m
[36mNumber of Trajectories 8/8 completed[0m
[33mTrajectory 0 completed due to: ENV_DONE. Reward is 0.0. 
[0m
[33mTrajectory 6 completed due to: ENV_DONE. Reward is 0.0. 
[0m
[33mTrajectory 2 completed due to: ENV_DONE. Reward is 0.0. 
[0m
[33mTrajectory 7 completed due to: ENV_DONE. Reward is 0.0. 
[0m
[33mTrajectory 4 completed due to: ENV_DONE. Reward is 0.0. 
[0m
[33mTrajectory 1 completed due to: ENV_DONE. Reward is 0.0. 
[0m
[33mTrajectory 5 completed due to: ENV_DONE. Reward is 0.0. 
[0m
[33mTrajectory 3 completed due to: ENV_DONE. Reward is 0.0. 
[0m
[36mNumber of Trajectories 1/8 completed[0m
[36mNumber of Trajectories 2/8 completed[0m
[36mNumber of Trajectories 3/8 completed[0m
[36mNumber of Trajectories 4/8 completed[0m
[36mNumber of Trajectories 5/8 completed[0m
[36mNumber of Trajectories 6/8 completed[0m
[36mNumber of Trajectories 7/8 completed[0m
[36mNumber of Trajectories 8/8 completed[0m
[33mTrajectory 7 completed due to: TRUNCATION. Reward is 0.0. 
[0m
[32mTrajectory 2 completed due to: ENV_DONE. Reward is 1.0. 
[0m
[32mTrajectory 3 completed due to: ENV_DONE. Reward is 1.0. 
[0m
[32mTrajectory 0 completed due to: ENV_DONE. Reward is 1.0. 
[0m
[32mTrajectory 5 completed due to: ENV_DONE. Reward is 1.0. 
[0m
[32mTrajectory 1 completed due to: ENV_DONE. Reward is 1.0. 
[0m
[32mTrajectory 4 completed due to: ENV_DONE. Reward is 1.0. 
[0m
[36mNumber of Trajectories 1/8 completed[0m
[36mNumber of Trajectories 2/8 completed[0m
[36mNumber of Trajectories 3/8 completed[0m
[36mNumber of Trajectories 4/8 completed[0m
[36mNumber of Trajectories 5/8 completed[0m
[36mNumber of Trajectories 6/8 completed[0m
[36mNumber of Trajectories 7/8 completed[0m
[32mTrajectory 6 completed due to: ENV_DONE. Reward is 1.0. 
[0m
[36mNumber of Trajectories 8/8 completed[0m
step:98 - grouping/num_groups:1 - grouping/num_samples:8 - advantage/mean:0.0 - advantage/std:0.0 - loss/grad_norm:0.130859375 - loss/policy:0.0 - policy/ratio_mean:0.9979903697967529 - time/sample:2.3053791522979736 - time/train:37.68084740638733 - time/total:39.99060273170471 - reward/mean:0.625 - reward/max:1.0 - reward/min:1.0 - batch/num_episodes:1 - distributed/num_processes:3 - distributed/rank:0
[32mTrajectory 0 completed due to: ENV_DONE. Reward is 1.0. 
[0m
[32mTrajectory 6 completed due to: ENV_DONE. Reward is 1.0. 
[0m
[32mTrajectory 2 completed due to: ENV_DONE. Reward is 1.0. 
[0m
[32mTrajectory 7 completed due to: ENV_DONE. Reward is 1.0. 
[0m
[32mTrajectory 4 completed due to: ENV_DONE. Reward is 1.0. 
[0m
[32mTrajectory 1 completed due to: ENV_DONE. Reward is 1.0. 
[0m
[32mTrajectory 5 completed due to: ENV_DONE. Reward is 1.0. 
[0m
[32mTrajectory 3 completed due to: ENV_DONE. Reward is 1.0. 
[0m
[36mNumber of Trajectories 1/8 completed[0m
[36mNumber of Trajectories 2/8 completed[0m
[36mNumber of Trajectories 3/8 completed[0m
[36mNumber of Trajectories 4/8 completed[0m
[36mNumber of Trajectories 5/8 completed[0m
[36mNumber of Trajectories 6/8 completed[0m
[36mNumber of Trajectories 7/8 completed[0m
[36mNumber of Trajectories 8/8 completed[0m
[33mTrajectory 7 completed due to: TRUNCATION. Reward is 0.0. 
[0m
[33mTrajectory 2 completed due to: TRUNCATION. Reward is 0.0. 
[0m
[33mTrajectory 3 completed due to: TRUNCATION. Reward is 0.0. 
[0m
[33mTrajectory 0 completed due to: TRUNCATION. Reward is 0.0. 
[0m
[33mTrajectory 5 completed due to: TRUNCATION. Reward is 0.0. 
[0m
[33mTrajectory 1 completed due to: TRUNCATION. Reward is 0.0. 
[0m
[33mTrajectory 4 completed due to: TRUNCATION. Reward is 0.0. 
[0m
[33mTrajectory 6 completed due to: TRUNCATION. Reward is 0.0. 
[0m
[36mNumber of Trajectories 1/8 completed[0m
[36mNumber of Trajectories 2/8 completed[0m
[36mNumber of Trajectories 3/8 completed[0m
[36mNumber of Trajectories 4/8 completed[0m
[36mNumber of Trajectories 5/8 completed[0m
[36mNumber of Trajectories 6/8 completed[0m
[36mNumber of Trajectories 7/8 completed[0m
[36mNumber of Trajectories 8/8 completed[0m
[32mTrajectory 3 completed due to: ENV_DONE. Reward is 1.0. 
[0m
[32mTrajectory 7 completed due to: ENV_DONE. Reward is 1.0. 
[0m
[32mTrajectory 5 completed due to: ENV_DONE. Reward is 1.0. 
[0m
[32mTrajectory 0 completed due to: ENV_DONE. Reward is 1.0. 
[0m
[32mTrajectory 2 completed due to: ENV_DONE. Reward is 1.0. 
[0m
[32mTrajectory 4 completed due to: ENV_DONE. Reward is 1.0. 
[0m
[32mTrajectory 6 completed due to: ENV_DONE. Reward is 1.0. 
[0m
[32mTrajectory 1 completed due to: ENV_DONE. Reward is 1.0. 
[0m
[36mNumber of Trajectories 1/8 completed[0m
[36mNumber of Trajectories 2/8 completed[0m
[36mNumber of Trajectories 3/8 completed[0m
[36mNumber of Trajectories 4/8 completed[0m
[36mNumber of Trajectories 5/8 completed[0m
[36mNumber of Trajectories 6/8 completed[0m
[36mNumber of Trajectories 7/8 completed[0m
[36mNumber of Trajectories 8/8 completed[0m
step:99 - grouping/num_groups:1 - grouping/num_samples:8 - advantage/mean:0.0 - advantage/std:0.0 - loss/grad_norm:0.0 - loss/policy:0.0 - policy/ratio_mean:0.9886207580566406 - time/sample:61.66279458999634 - time/train:4.888807773590088 - time/total:66.558758020401 - reward/mean:0.6666666865348816 - reward/max:1.0 - reward/min:1.0 - batch/num_episodes:1 - distributed/num_processes:3 - distributed/rank:0
[32mTrajectory 3 completed due to: ENV_DONE. Reward is 1.0. 
[0m
[32mTrajectory 7 completed due to: ENV_DONE. Reward is 1.0. 
[0m
[32mTrajectory 5 completed due to: ENV_DONE. Reward is 1.0. 
[0m
[32mTrajectory 0 completed due to: ENV_DONE. Reward is 1.0. 
[0m
[32mTrajectory 2 completed due to: ENV_DONE. Reward is 1.0. 
[0m
[32mTrajectory 4 completed due to: ENV_DONE. Reward is 1.0. 
[0m
[32mTrajectory 6 completed due to: ENV_DONE. Reward is 1.0. 
[0m
[32mTrajectory 1 completed due to: ENV_DONE. Reward is 1.0. 
[0m
[36mNumber of Trajectories 1/8 completed[0m
[36mNumber of Trajectories 2/8 completed[0m
[36mNumber of Trajectories 3/8 completed[0m
[36mNumber of Trajectories 4/8 completed[0m
[36mNumber of Trajectories 5/8 completed[0m
[36mNumber of Trajectories 6/8 completed[0m
[36mNumber of Trajectories 7/8 completed[0m
[36mNumber of Trajectories 8/8 completed[0m
[32mTrajectory 0 completed due to: ENV_DONE. Reward is 1.0. 
[0m
[32mTrajectory 6 completed due to: ENV_DONE. Reward is 1.0. 
[0m
[32mTrajectory 2 completed due to: ENV_DONE. Reward is 1.0. 
[0m
[32mTrajectory 7 completed due to: ENV_DONE. Reward is 1.0. 
[0m
[32mTrajectory 4 completed due to: ENV_DONE. Reward is 1.0. 
[0m
[32mTrajectory 1 completed due to: ENV_DONE. Reward is 1.0. 
[0m
[32mTrajectory 5 completed due to: ENV_DONE. Reward is 1.0. 
[0m
[32mTrajectory 3 completed due to: ENV_DONE. Reward is 1.0. 
[0m
[36mNumber of Trajectories 1/8 completed[0m
[36mNumber of Trajectories 2/8 completed[0m
[36mNumber of Trajectories 3/8 completed[0m
[36mNumber of Trajectories 4/8 completed[0m
[36mNumber of Trajectories 5/8 completed[0m
[36mNumber of Trajectories 6/8 completed[0m
[36mNumber of Trajectories 7/8 completed[0m
[36mNumber of Trajectories 8/8 completed[0m
[33mTrajectory 7 completed due to: TRUNCATION. Reward is 0.0. 
[0m
[33mTrajectory 2 completed due to: TRUNCATION. Reward is 0.0. 
[0m
[33mTrajectory 3 completed due to: TRUNCATION. Reward is 0.0. 
[0m
[33mTrajectory 0 completed due to: TRUNCATION. Reward is 0.0. 
[0m
[33mTrajectory 5 completed due to: TRUNCATION. Reward is 0.0. 
[0m
[33mTrajectory 1 completed due to: TRUNCATION. Reward is 0.0. 
[0m
[33mTrajectory 4 completed due to: TRUNCATION. Reward is 0.0. 
[0m
[33mTrajectory 6 completed due to: TRUNCATION. Reward is 0.0. 
[0m
[36mNumber of Trajectories 1/8 completed[0m
[36mNumber of Trajectories 2/8 completed[0m
[36mNumber of Trajectories 3/8 completed[0m
[36mNumber of Trajectories 4/8 completed[0m
[36mNumber of Trajectories 5/8 completed[0m
[36mNumber of Trajectories 6/8 completed[0m
[36mNumber of Trajectories 7/8 completed[0m
[36mNumber of Trajectories 8/8 completed[0m
step:100 - grouping/num_groups:1 - grouping/num_samples:8 - advantage/mean:0.0 - advantage/std:0.0 - loss/grad_norm:0.0 - loss/policy:0.0 - policy/ratio_mean:1.0028005838394165 - time/sample:1.2564663887023926 - time/train:37.7521116733551 - time/total:39.015158891677856 - reward/mean:0.6666666865348816 - reward/max:1.0 - reward/min:1.0 - batch/num_episodes:1 - distributed/num_processes:3 - distributed/rank:0
[33mTrajectory 6 completed due to: TRUNCATION. Reward is 0.0. 
[0m
[33mTrajectory 1 completed due to: TRUNCATION. Reward is 0.0. 
[0m
[33mTrajectory 2 completed due to: TRUNCATION. Reward is 0.0. 
[0m
[33mTrajectory 4 completed due to: TRUNCATION. Reward is 0.0. 
[0m
[33mTrajectory 0 completed due to: TRUNCATION. Reward is 0.0. 
[0m
[32mTrajectory 3 completed due to: ENV_DONE. Reward is 1.0. 
[0m
[33mTrajectory 7 completed due to: TRUNCATION. Reward is 0.0. 
[0m
[33mTrajectory 5 completed due to: TRUNCATION. Reward is 0.0. 
[0m
[36mNumber of Trajectories 1/8 completed[0m
[36mNumber of Trajectories 2/8 completed[0m
[36mNumber of Trajectories 3/8 completed[0m
[36mNumber of Trajectories 4/8 completed[0m
[36mNumber of Trajectories 5/8 completed[0m
[36mNumber of Trajectories 6/8 completed[0m
[36mNumber of Trajectories 7/8 completed[0m
[36mNumber of Trajectories 8/8 completed[0m
[32mTrajectory 5 completed due to: ENV_DONE. Reward is 1.0. 
[0m
[33mTrajectory 7 completed due to: TRUNCATION. Reward is 0.0. 
[0m
[33mTrajectory 1 completed due to: TRUNCATION. Reward is 0.0. 
[0m
[33mTrajectory 6 completed due to: TRUNCATION. Reward is 0.0. 
[0m
[32mTrajectory 4 completed due to: ENV_DONE. Reward is 1.0. 
[0m
[33mTrajectory 2 completed due to: TRUNCATION. Reward is 0.0. 
[0m
[32mTrajectory 0 completed due to: ENV_DONE. Reward is 1.0. 
[0m
[36mNumber of Trajectories 1/8 completed[0m
[36mNumber of Trajectories 2/8 completed[0m
[36mNumber of Trajectories 3/8 completed[0m
[36mNumber of Trajectories 4/8 completed[0m
[36mNumber of Trajectories 5/8 completed[0m
[36mNumber of Trajectories 6/8 completed[0m
[36mNumber of Trajectories 7/8 completed[0m
[32mTrajectory 3 completed due to: ENV_DONE. Reward is 1.0. 
[0m
[36mNumber of Trajectories 8/8 completed[0m
[33mTrajectory 5 completed due to: TRUNCATION. Reward is 0.0. 
[0m
[33mTrajectory 1 completed due to: TRUNCATION. Reward is 0.0. 
[0m
[32mTrajectory 6 completed due to: ENV_DONE. Reward is 1.0. 
[0m
[33mTrajectory 3 completed due to: TRUNCATION. Reward is 0.0. 
[0m
[33mTrajectory 0 completed due to: TRUNCATION. Reward is 0.0. 
[0m
[33mTrajectory 4 completed due to: TRUNCATION. Reward is 0.0. 
[0m
[32mTrajectory 2 completed due to: ENV_DONE. Reward is 1.0. 
[0m
[33mTrajectory 7 completed due to: TRUNCATION. Reward is 0.0. 
[0m
[36mNumber of Trajectories 1/8 completed[0m
[36mNumber of Trajectories 2/8 completed[0m
[36mNumber of Trajectories 3/8 completed[0m
[36mNumber of Trajectories 4/8 completed[0m
[36mNumber of Trajectories 5/8 completed[0m
[36mNumber of Trajectories 6/8 completed[0m
[36mNumber of Trajectories 7/8 completed[0m
[36mNumber of Trajectories 8/8 completed[0m
[33mTrajectory 1 completed due to: TRUNCATION. Reward is 0.0. 
[0m
[32mTrajectory 0 completed due to: ENV_DONE. Reward is 1.0. 
[0m
[36mNumber of Trajectories 1/2 completed[0m
[36mNumber of Trajectories 2/2 completed[0m
[33mTrajectory 1 completed due to: TRUNCATION. Reward is 0.0. 
[0m
[33mTrajectory 0 completed due to: TRUNCATION. Reward is 0.0. 
[0m
[36mNumber of Trajectories 1/2 completed[0m
[36mNumber of Trajectories 2/2 completed[0m
[32mTrajectory 0 completed due to: ENV_DONE. Reward is 1.0. 
[0m
[33mTrajectory 1 completed due to: TRUNCATION. Reward is 0.0. 
[0m
[36mNumber of Trajectories 1/2 completed[0m
[36mNumber of Trajectories 2/2 completed[0m
step:100 - val/reward_mean:0.30000001192092896 - val/reward_std:0.5 - val/reward_min:0.0 - val/reward_max:1.0 - val/turns_mean:1.0
[33mTrajectory 2 completed due to: ENV_DONE. Reward is 0.0. 
[0m
[33mTrajectory 4 completed due to: ENV_DONE. Reward is 0.0. 
[0m
[33mTrajectory 0 completed due to: ENV_DONE. Reward is 0.0. 
[0m
[32mTrajectory 6 completed due to: ENV_DONE. Reward is 1.0. 
[0m
[33mTrajectory 1 completed due to: ENV_DONE. Reward is 0.0. 
[0m
[33mTrajectory 3 completed due to: ENV_DONE. Reward is 0.0. 
[0m
[33mTrajectory 7 completed due to: ENV_DONE. Reward is 0.0. 
[0m
[33mTrajectory 5 completed due to: ENV_DONE. Reward is 0.0. 
[0m
[36mNumber of Trajectories 1/8 completed[0m
[36mNumber of Trajectories 2/8 completed[0m
[36mNumber of Trajectories 3/8 completed[0m
[36mNumber of Trajectories 4/8 completed[0m
[36mNumber of Trajectories 5/8 completed[0m
[36mNumber of Trajectories 6/8 completed[0m
[36mNumber of Trajectories 7/8 completed[0m
[36mNumber of Trajectories 8/8 completed[0m
[33mTrajectory 4 completed due to: ENV_DONE. Reward is 0.0. 
[0m
[33mTrajectory 7 completed due to: ENV_DONE. Reward is 0.0. 
[0m
[33mTrajectory 1 completed due to: TRUNCATION. Reward is 0.0. 
[0m
[33mTrajectory 6 completed due to: ENV_DONE. Reward is 0.0. 
[0m
[33mTrajectory 0 completed due to: ENV_DONE. Reward is 0.0. 
[0m
[33mTrajectory 5 completed due to: ENV_DONE. Reward is 0.0. 
[0m
[33mTrajectory 3 completed due to: ENV_DONE. Reward is 0.0. 
[0m
[33mTrajectory 2 completed due to: ENV_DONE. Reward is 0.0. 
[0m
[36mNumber of Trajectories 1/8 completed[0m
[36mNumber of Trajectories 2/8 completed[0m
[36mNumber of Trajectories 3/8 completed[0m
[36mNumber of Trajectories 4/8 completed[0m
[36mNumber of Trajectories 5/8 completed[0m
[36mNumber of Trajectories 6/8 completed[0m
[36mNumber of Trajectories 7/8 completed[0m
[36mNumber of Trajectories 8/8 completed[0m
[33mTrajectory 0 completed due to: TRUNCATION. Reward is 0.0. 
[0m
[33mTrajectory 5 completed due to: TRUNCATION. Reward is 0.0. 
[0m
[32mTrajectory 2 completed due to: TRUNCATION. Reward is 1.0. 
[0m
[33mTrajectory 7 completed due to: TRUNCATION. Reward is 0.0. 
[0m
[33mTrajectory 3 completed due to: TRUNCATION. Reward is 0.0. 
[0m
[32mTrajectory 1 completed due to: TRUNCATION. Reward is 1.0. 
[0m
[33mTrajectory 6 completed due to: TRUNCATION. Reward is 0.0. 
[0m
[32mTrajectory 4 completed due to: TRUNCATION. Reward is 1.0. 
[0m
[36mNumber of Trajectories 1/8 completed[0m
[36mNumber of Trajectories 2/8 completed[0m
[36mNumber of Trajectories 3/8 completed[0m
[36mNumber of Trajectories 4/8 completed[0m
[36mNumber of Trajectories 5/8 completed[0m
[36mNumber of Trajectories 6/8 completed[0m
[36mNumber of Trajectories 7/8 completed[0m
[36mNumber of Trajectories 8/8 completed[0m
step:101 - grouping/num_groups:1 - grouping/num_samples:8 - advantage/mean:0.0 - advantage/std:0.0 - loss/grad_norm:0.3203125 - loss/policy:0.0 - policy/ratio_mean:0.9533740282058716 - time/sample:64.38266968727112 - time/train:4.91549825668335 - time/total:69.364417552948 - reward/mean:0.0416666679084301 - reward/max:0.0 - reward/min:0.0 - batch/num_episodes:1 - distributed/num_processes:3 - distributed/rank:0
[32mTrajectory 0 completed due to: ENV_DONE. Reward is 1.0. 
[0m
[32mTrajectory 2 completed due to: ENV_DONE. Reward is 1.0. 
[0m
[32mTrajectory 5 completed due to: ENV_DONE. Reward is 1.0. 
[0m
[32mTrajectory 7 completed due to: ENV_DONE. Reward is 1.0. 
[0m
[32mTrajectory 3 completed due to: ENV_DONE. Reward is 1.0. 
[0m
[32mTrajectory 1 completed due to: ENV_DONE. Reward is 1.0. 
[0m
[32mTrajectory 6 completed due to: ENV_DONE. Reward is 1.0. 
[0m
[36mNumber of Trajectories 1/8 completed[0m
[36mNumber of Trajectories 2/8 completed[0m
[36mNumber of Trajectories 3/8 completed[0m
[36mNumber of Trajectories 4/8 completed[0m
[36mNumber of Trajectories 5/8 completed[0m
[36mNumber of Trajectories 6/8 completed[0m
[32mTrajectory 4 completed due to: ENV_DONE. Reward is 1.0. 
[0m
[36mNumber of Trajectories 7/8 completed[0m
[36mNumber of Trajectories 8/8 completed[0m
[32mTrajectory 2 completed due to: ENV_DONE. Reward is 1.0. 
[0m
[32mTrajectory 4 completed due to: ENV_DONE. Reward is 1.0. 
[0m
[32mTrajectory 0 completed due to: ENV_DONE. Reward is 1.0. 
[0m
[32mTrajectory 6 completed due to: ENV_DONE. Reward is 1.0. 
[0m
[32mTrajectory 1 completed due to: ENV_DONE. Reward is 1.0. 
[0m
[32mTrajectory 3 completed due to: ENV_DONE. Reward is 1.0. 
[0m
[32mTrajectory 7 completed due to: ENV_DONE. Reward is 1.0. 
[0m
[32mTrajectory 5 completed due to: ENV_DONE. Reward is 1.0. 
[0m
[36mNumber of Trajectories 1/8 completed[0m
[36mNumber of Trajectories 2/8 completed[0m
[36mNumber of Trajectories 3/8 completed[0m
[36mNumber of Trajectories 4/8 completed[0m
[36mNumber of Trajectories 5/8 completed[0m
[36mNumber of Trajectories 6/8 completed[0m
[36mNumber of Trajectories 7/8 completed[0m
[36mNumber of Trajectories 8/8 completed[0m
[33mTrajectory 1 completed due to: TRUNCATION. Reward is 0.0. 
[0m
[33mTrajectory 7 completed due to: TRUNCATION. Reward is 0.0. 
[0m
[33mTrajectory 4 completed due to: TRUNCATION. Reward is 0.0. 
[0m
[33mTrajectory 5 completed due to: TRUNCATION. Reward is 0.0. 
[0m
[33mTrajectory 0 completed due to: TRUNCATION. Reward is 0.0. 
[0m
[33mTrajectory 2 completed due to: TRUNCATION. Reward is 0.0. 
[0m
[33mTrajectory 6 completed due to: TRUNCATION. Reward is 0.0. 
[0m
[36mNumber of Trajectories 1/8 completed[0m
[36mNumber of Trajectories 2/8 completed[0m
[36mNumber of Trajectories 3/8 completed[0m
[36mNumber of Trajectories 4/8 completed[0m
[36mNumber of Trajectories 5/8 completed[0m
[36mNumber of Trajectories 6/8 completed[0m
[36mNumber of Trajectories 7/8 completed[0m
[33mTrajectory 3 completed due to: TRUNCATION. Reward is 0.0. 
[0m
[36mNumber of Trajectories 8/8 completed[0m
step:102 - grouping/num_groups:1 - grouping/num_samples:8 - advantage/mean:0.0 - advantage/std:0.0 - loss/grad_norm:0.0 - loss/policy:0.0 - policy/ratio_mean:0.9830268621444702 - time/sample:59.27642846107483 - time/train:5.07440710067749 - time/total:64.35654306411743 - reward/mean:0.6666666865348816 - reward/max:0.0 - reward/min:0.0 - batch/num_episodes:1 - distributed/num_processes:3 - distributed/rank:0
[32mTrajectory 4 completed due to: ENV_DONE. Reward is 1.0. 
[0m
[32mTrajectory 7 completed due to: ENV_DONE. Reward is 1.0. 
[0m
[32mTrajectory 1 completed due to: ENV_DONE. Reward is 1.0. 
[0m
[32mTrajectory 6 completed due to: ENV_DONE. Reward is 1.0. 
[0m
[32mTrajectory 0 completed due to: ENV_DONE. Reward is 1.0. 
[0m
[32mTrajectory 5 completed due to: ENV_DONE. Reward is 1.0. 
[0m
[32mTrajectory 3 completed due to: ENV_DONE. Reward is 1.0. 
[0m
[36mNumber of Trajectories 1/8 completed[0m
[36mNumber of Trajectories 2/8 completed[0m
[36mNumber of Trajectories 3/8 completed[0m
[32mTrajectory 2 completed due to: ENV_DONE. Reward is 1.0. 
[0m
[36mNumber of Trajectories 4/8 completed[0m
[36mNumber of Trajectories 5/8 completed[0m
[36mNumber of Trajectories 6/8 completed[0m
[36mNumber of Trajectories 7/8 completed[0m
[36mNumber of Trajectories 8/8 completed[0m
[33mTrajectory 0 completed due to: TRUNCATION. Reward is 0.0. 
[0m
[33mTrajectory 5 completed due to: TRUNCATION. Reward is 0.0. 
[0m
[33mTrajectory 2 completed due to: TRUNCATION. Reward is 0.0. 
[0m
[33mTrajectory 7 completed due to: TRUNCATION. Reward is 0.0. 
[0m
[33mTrajectory 3 completed due to: TRUNCATION. Reward is 0.0. 
[0m
[33mTrajectory 1 completed due to: TRUNCATION. Reward is 0.0. 
[0m
[33mTrajectory 6 completed due to: TRUNCATION. Reward is 0.0. 
[0m
[33mTrajectory 4 completed due to: TRUNCATION. Reward is 0.0. 
[0m
[36mNumber of Trajectories 1/8 completed[0m
[36mNumber of Trajectories 2/8 completed[0m
[36mNumber of Trajectories 3/8 completed[0m
[36mNumber of Trajectories 4/8 completed[0m
[36mNumber of Trajectories 5/8 completed[0m
[36mNumber of Trajectories 6/8 completed[0m
[36mNumber of Trajectories 7/8 completed[0m
[36mNumber of Trajectories 8/8 completed[0m
[32mTrajectory 3 completed due to: ENV_DONE. Reward is 1.0. 
[0m
[32mTrajectory 5 completed due to: TRUNCATION. Reward is 1.0. 
[0m
[32mTrajectory 1 completed due to: ENV_DONE. Reward is 1.0. 
[0m
[33mTrajectory 7 completed due to: TRUNCATION. Reward is 0.0. 
[0m
[33mTrajectory 2 completed due to: TRUNCATION. Reward is 0.0. 
[0m
[32mTrajectory 4 completed due to: TRUNCATION. Reward is 1.0. 
[0m
[32mTrajectory 0 completed due to: ENV_DONE. Reward is 1.0. 
[0m
[32mTrajectory 6 completed due to: TRUNCATION. Reward is 1.0. 
[0m
[36mNumber of Trajectories 1/8 completed[0m
[36mNumber of Trajectories 2/8 completed[0m
[36mNumber of Trajectories 3/8 completed[0m
[36mNumber of Trajectories 4/8 completed[0m
[36mNumber of Trajectories 5/8 completed[0m
[36mNumber of Trajectories 6/8 completed[0m
[36mNumber of Trajectories 7/8 completed[0m
[36mNumber of Trajectories 8/8 completed[0m
step:103 - grouping/num_groups:1 - grouping/num_samples:8 - advantage/mean:0.0 - advantage/std:0.0 - loss/grad_norm:0.31640625 - loss/policy:0.0 - policy/ratio_mean:0.9883506894111633 - time/sample:23.403037786483765 - time/train:66.24692964553833 - time/total:89.656414270401 - reward/mean:0.4583333432674408 - reward/max:1.0 - reward/min:1.0 - batch/num_episodes:1 - distributed/num_processes:3 - distributed/rank:0
[32mTrajectory 0 completed due to: ENV_DONE. Reward is 1.0. 
[0m
[32mTrajectory 5 completed due to: ENV_DONE. Reward is 1.0. 
[0m
[32mTrajectory 2 completed due to: ENV_DONE. Reward is 1.0. 
[0m
[32mTrajectory 7 completed due to: ENV_DONE. Reward is 1.0. 
[0m
[32mTrajectory 3 completed due to: ENV_DONE. Reward is 1.0. 
[0m
[32mTrajectory 1 completed due to: ENV_DONE. Reward is 1.0. 
[0m
[32mTrajectory 6 completed due to: ENV_DONE. Reward is 1.0. 
[0m
[32mTrajectory 4 completed due to: ENV_DONE. Reward is 1.0. 
[0m
[36mNumber of Trajectories 1/8 completed[0m
[36mNumber of Trajectories 2/8 completed[0m
[36mNumber of Trajectories 3/8 completed[0m
[36mNumber of Trajectories 4/8 completed[0m
[36mNumber of Trajectories 5/8 completed[0m
[36mNumber of Trajectories 6/8 completed[0m
[36mNumber of Trajectories 7/8 completed[0m
[36mNumber of Trajectories 8/8 completed[0m
[33mTrajectory 1 completed due to: ENV_DONE. Reward is 0.0. 
[0m
[33mTrajectory 7 completed due to: ENV_DONE. Reward is 0.0. 
[0m
[33mTrajectory 4 completed due to: TRUNCATION. Reward is 0.0. 
[0m
[33mTrajectory 5 completed due to: ENV_DONE. Reward is 0.0. 
[0m
[33mTrajectory 0 completed due to: TRUNCATION. Reward is 0.0. 
[0m
[33mTrajectory 2 completed due to: ENV_DONE. Reward is 0.0. 
[0m
[33mTrajectory 6 completed due to: TRUNCATION. Reward is 0.0. 
[0m
[33mTrajectory 3 completed due to: TRUNCATION. Reward is 0.0. 
[0m
[36mNumber of Trajectories 1/8 completed[0m
[36mNumber of Trajectories 2/8 completed[0m
[36mNumber of Trajectories 3/8 completed[0m
[36mNumber of Trajectories 4/8 completed[0m
[36mNumber of Trajectories 5/8 completed[0m
[36mNumber of Trajectories 6/8 completed[0m
[36mNumber of Trajectories 7/8 completed[0m
[36mNumber of Trajectories 8/8 completed[0m
[33mTrajectory 3 completed due to: ENV_DONE. Reward is 0.0. 
[0m
[33mTrajectory 5 completed due to: ENV_DONE. Reward is 0.0. 
[0m
[33mTrajectory 7 completed due to: TRUNCATION. Reward is 0.0. 
[0m
[33mTrajectory 2 completed due to: ENV_DONE. Reward is 0.0. 
[0m
[33mTrajectory 1 completed due to: ENV_DONE. Reward is 0.0. 
[0m
[33mTrajectory 4 completed due to: ENV_DONE. Reward is 0.0. 
[0m
[32mTrajectory 0 completed due to: ENV_DONE. Reward is 1.0. 
[0m
[32mTrajectory 6 completed due to: ENV_DONE. Reward is 1.0. 
[0m
[36mNumber of Trajectories 1/8 completed[0m
[36mNumber of Trajectories 2/8 completed[0m
[36mNumber of Trajectories 3/8 completed[0m
[36mNumber of Trajectories 4/8 completed[0m
[36mNumber of Trajectories 5/8 completed[0m
[36mNumber of Trajectories 6/8 completed[0m
[36mNumber of Trajectories 7/8 completed[0m
[36mNumber of Trajectories 8/8 completed[0m
step:104 - grouping/num_groups:1 - grouping/num_samples:8 - advantage/mean:0.0 - advantage/std:0.0 - loss/grad_norm:0.5234375 - loss/policy:0.0 - policy/ratio_mean:0.9510752558708191 - time/sample:47.35081720352173 - time/train:31.19511914253235 - time/total:78.55306005477905 - reward/mean:0.4166666865348816 - reward/max:0.0 - reward/min:0.0 - batch/num_episodes:1 - distributed/num_processes:3 - distributed/rank:0
[33mTrajectory 3 completed due to: TRUNCATION. Reward is 0.0. 
[0m
[33mTrajectory 5 completed due to: TRUNCATION. Reward is 0.0. 
[0m
[32mTrajectory 1 completed due to: ENV_DONE. Reward is 1.0. 
[0m
[32mTrajectory 7 completed due to: ENV_DONE. Reward is 1.0. 
[0m
[33mTrajectory 2 completed due to: TRUNCATION. Reward is 0.0. 
[0m
[33mTrajectory 4 completed due to: TRUNCATION. Reward is 0.0. 
[0m
[33mTrajectory 0 completed due to: TRUNCATION. Reward is 0.0. 
[0m
[36mNumber of Trajectories 1/8 completed[0m
[36mNumber of Trajectories 2/8 completed[0m
[36mNumber of Trajectories 3/8 completed[0m
[32mTrajectory 6 completed due to: ENV_DONE. Reward is 1.0. 
[0m
[36mNumber of Trajectories 4/8 completed[0m
[36mNumber of Trajectories 5/8 completed[0m
[36mNumber of Trajectories 6/8 completed[0m
[36mNumber of Trajectories 7/8 completed[0m
[36mNumber of Trajectories 8/8 completed[0m
[32mTrajectory 1 completed due to: ENV_DONE. Reward is 1.0. 
[0m
[32mTrajectory 7 completed due to: ENV_DONE. Reward is 1.0. 
[0m
[32mTrajectory 4 completed due to: ENV_DONE. Reward is 1.0. 
[0m
[32mTrajectory 5 completed due to: ENV_DONE. Reward is 1.0. 
[0m
[32mTrajectory 0 completed due to: ENV_DONE. Reward is 1.0. 
[0m
[32mTrajectory 2 completed due to: ENV_DONE. Reward is 1.0. 
[0m
[32mTrajectory 6 completed due to: ENV_DONE. Reward is 1.0. 
[0m
[32mTrajectory 3 completed due to: ENV_DONE. Reward is 1.0. 
[0m
[36mNumber of Trajectories 1/8 completed[0m
[36mNumber of Trajectories 2/8 completed[0m
[36mNumber of Trajectories 3/8 completed[0m
[36mNumber of Trajectories 4/8 completed[0m
[36mNumber of Trajectories 5/8 completed[0m
[36mNumber of Trajectories 6/8 completed[0m
[36mNumber of Trajectories 7/8 completed[0m
[36mNumber of Trajectories 8/8 completed[0m
[33mTrajectory 0 completed due to: TRUNCATION. Reward is 0.0. 
[0m
[33mTrajectory 5 completed due to: TRUNCATION. Reward is 0.0. 
[0m
[33mTrajectory 2 completed due to: TRUNCATION. Reward is 0.0. 
[0m
[33mTrajectory 7 completed due to: TRUNCATION. Reward is 0.0. 
[0m
[33mTrajectory 3 completed due to: TRUNCATION. Reward is 0.0. 
[0m
[33mTrajectory 1 completed due to: TRUNCATION. Reward is 0.0. 
[0m
[33mTrajectory 6 completed due to: TRUNCATION. Reward is 0.0. 
[0m
[33mTrajectory 4 completed due to: TRUNCATION. Reward is 0.0. 
[0m
[36mNumber of Trajectories 1/8 completed[0m
[36mNumber of Trajectories 2/8 completed[0m
[36mNumber of Trajectories 3/8 completed[0m
[36mNumber of Trajectories 4/8 completed[0m
[36mNumber of Trajectories 5/8 completed[0m
[36mNumber of Trajectories 6/8 completed[0m
[36mNumber of Trajectories 7/8 completed[0m
[36mNumber of Trajectories 8/8 completed[0m
step:105 - grouping/num_groups:1 - grouping/num_samples:8 - advantage/mean:0.0 - advantage/std:0.0 - loss/grad_norm:0.455078125 - loss/policy:0.0 - policy/ratio_mean:0.9807841181755066 - time/sample:43.927170276641846 - time/train:36.7842903137207 - time/total:80.71753692626953 - reward/mean:0.4583333432674408 - reward/max:1.0 - reward/min:1.0 - batch/num_episodes:1 - distributed/num_processes:3 - distributed/rank:0
[33mTrajectory 3 completed due to: TRUNCATION. Reward is 0.0. 
[0m
[32mTrajectory 5 completed due to: ENV_DONE. Reward is 1.0. 
[0m
[32mTrajectory 1 completed due to: ENV_DONE. Reward is 1.0. 
[0m
[33mTrajectory 7 completed due to: TRUNCATION. Reward is 0.0. 
[0m
[32mTrajectory 2 completed due to: ENV_DONE. Reward is 1.0. 
[0m
[32mTrajectory 4 completed due to: ENV_DONE. Reward is 1.0. 
[0m
[32mTrajectory 0 completed due to: ENV_DONE. Reward is 1.0. 
[0m
[33mTrajectory 6 completed due to: TRUNCATION. Reward is 0.0. 
[0m
[36mNumber of Trajectories 1/8 completed[0m
[36mNumber of Trajectories 2/8 completed[0m
[36mNumber of Trajectories 3/8 completed[0m
[36mNumber of Trajectories 4/8 completed[0m
[36mNumber of Trajectories 5/8 completed[0m
[36mNumber of Trajectories 6/8 completed[0m
[36mNumber of Trajectories 7/8 completed[0m
[36mNumber of Trajectories 8/8 completed[0m
[33mTrajectory 0 completed due to: ENV_DONE. Reward is 0.0. 
[0m
[33mTrajectory 5 completed due to: ENV_DONE. Reward is 0.0. 
[0m
[33mTrajectory 2 completed due to: TRUNCATION. Reward is 0.0. 
[0m
[33mTrajectory 7 completed due to: ENV_DONE. Reward is 0.0. 
[0m
[33mTrajectory 3 completed due to: TRUNCATION. Reward is 0.0. 
[0m
[33mTrajectory 1 completed due to: ENV_DONE. Reward is 0.0. 
[0m
[33mTrajectory 6 completed due to: ENV_DONE. Reward is 0.0. 
[0m
[36mNumber of Trajectories 1/8 completed[0m
[36mNumber of Trajectories 2/8 completed[0m
[36mNumber of Trajectories 3/8 completed[0m
[33mTrajectory 4 completed due to: TRUNCATION. Reward is 0.0. 
[0m
[36mNumber of Trajectories 4/8 completed[0m
[36mNumber of Trajectories 5/8 completed[0m
[36mNumber of Trajectories 6/8 completed[0m
[36mNumber of Trajectories 7/8 completed[0m
[36mNumber of Trajectories 8/8 completed[0m
[33mTrajectory 1 completed due to: TRUNCATION. Reward is 0.0. 
[0m
[33mTrajectory 7 completed due to: TRUNCATION. Reward is 0.0. 
[0m
[33mTrajectory 4 completed due to: ENV_DONE. Reward is 0.0. 
[0m
[33mTrajectory 5 completed due to: TRUNCATION. Reward is 0.0. 
[0m
[33mTrajectory 0 completed due to: ENV_DONE. Reward is 0.0. 
[0m
[33mTrajectory 2 completed due to: ENV_DONE. Reward is 0.0. 
[0m
[33mTrajectory 6 completed due to: ENV_DONE. Reward is 0.0. 
[0m
[33mTrajectory 3 completed due to: TRUNCATION. Reward is 0.0. 
[0m
[36mNumber of Trajectories 1/8 completed[0m
[36mNumber of Trajectories 2/8 completed[0m
[36mNumber of Trajectories 3/8 completed[0m
[36mNumber of Trajectories 4/8 completed[0m
[36mNumber of Trajectories 5/8 completed[0m
[36mNumber of Trajectories 6/8 completed[0m
[36mNumber of Trajectories 7/8 completed[0m
[36mNumber of Trajectories 8/8 completed[0m
step:106 - grouping/num_groups:1 - grouping/num_samples:8 - advantage/mean:0.0 - advantage/std:0.0 - loss/grad_norm:0.6328125 - loss/policy:0.0 - policy/ratio_mean:0.946563720703125 - time/sample:89.17640280723572 - time/train:4.7506184577941895 - time/total:93.93181729316711 - reward/mean:0.2083333432674408 - reward/max:0.0 - reward/min:0.0 - batch/num_episodes:1 - distributed/num_processes:3 - distributed/rank:0
[33mTrajectory 0 completed due to: TRUNCATION. Reward is 0.0. 
[0m
[33mTrajectory 5 completed due to: TRUNCATION. Reward is 0.0. 
[0m
[33mTrajectory 2 completed due to: TRUNCATION. Reward is 0.0. 
[0m
[32mTrajectory 7 completed due to: ENV_DONE. Reward is 1.0. 
[0m
[33mTrajectory 3 completed due to: TRUNCATION. Reward is 0.0. 
[0m
[33mTrajectory 1 completed due to: ENV_DONE. Reward is 0.0. 
[0m
[33mTrajectory 6 completed due to: TRUNCATION. Reward is 0.0. 
[0m
[33mTrajectory 4 completed due to: TRUNCATION. Reward is 0.0. 
[0m
[36mNumber of Trajectories 1/8 completed[0m
[36mNumber of Trajectories 2/8 completed[0m
[36mNumber of Trajectories 3/8 completed[0m
[36mNumber of Trajectories 4/8 completed[0m
[36mNumber of Trajectories 5/8 completed[0m
[36mNumber of Trajectories 6/8 completed[0m
[36mNumber of Trajectories 7/8 completed[0m
[36mNumber of Trajectories 8/8 completed[0m
[33mTrajectory 3 completed due to: TRUNCATION. Reward is 0.0. 
[0m
[33mTrajectory 5 completed due to: TRUNCATION. Reward is 0.0. 
[0m
[33mTrajectory 1 completed due to: TRUNCATION. Reward is 0.0. 
[0m
[33mTrajectory 7 completed due to: TRUNCATION. Reward is 0.0. 
[0m
[33mTrajectory 2 completed due to: TRUNCATION. Reward is 0.0. 
[0m
[33mTrajectory 4 completed due to: TRUNCATION. Reward is 0.0. 
[0m
[33mTrajectory 0 completed due to: TRUNCATION. Reward is 0.0. 
[0m
[33mTrajectory 6 completed due to: TRUNCATION. Reward is 0.0. 
[0m
[36mNumber of Trajectories 1/8 completed[0m
[36mNumber of Trajectories 2/8 completed[0m
[36mNumber of Trajectories 3/8 completed[0m
[36mNumber of Trajectories 4/8 completed[0m
[36mNumber of Trajectories 5/8 completed[0m
[36mNumber of Trajectories 6/8 completed[0m
[36mNumber of Trajectories 7/8 completed[0m
[36mNumber of Trajectories 8/8 completed[0m
[33mTrajectory 1 completed due to: TRUNCATION. Reward is 0.0. 
[0m
[33mTrajectory 7 completed due to: TRUNCATION. Reward is 0.0. 
[0m
[33mTrajectory 4 completed due to: TRUNCATION. Reward is 0.0. 
[0m
[33mTrajectory 5 completed due to: TRUNCATION. Reward is 0.0. 
[0m
[33mTrajectory 0 completed due to: TRUNCATION. Reward is 0.0. 
[0m
[33mTrajectory 2 completed due to: TRUNCATION. Reward is 0.0. 
[0m
[33mTrajectory 6 completed due to: TRUNCATION. Reward is 0.0. 
[0m
[33mTrajectory 3 completed due to: TRUNCATION. Reward is 0.0. 
[0m
[36mNumber of Trajectories 1/8 completed[0m
[36mNumber of Trajectories 2/8 completed[0m
[36mNumber of Trajectories 3/8 completed[0m
[36mNumber of Trajectories 4/8 completed[0m
[36mNumber of Trajectories 5/8 completed[0m
[36mNumber of Trajectories 6/8 completed[0m
[36mNumber of Trajectories 7/8 completed[0m
[36mNumber of Trajectories 8/8 completed[0m
step:107 - grouping/num_groups:1 - grouping/num_samples:8 - advantage/mean:0.0 - advantage/std:0.0 - loss/grad_norm:0.0859375 - loss/policy:0.0 - policy/ratio_mean:0.9677430987358093 - time/sample:95.6942195892334 - time/train:5.038992404937744 - time/total:100.73851037025452 - reward/mean:0.0416666679084301 - reward/max:0.0 - reward/min:0.0 - batch/num_episodes:1 - distributed/num_processes:3 - distributed/rank:0
[32mTrajectory 0 completed due to: ENV_DONE. Reward is 1.0. 
[0m
[32mTrajectory 5 completed due to: ENV_DONE. Reward is 1.0. 
[0m
[32mTrajectory 2 completed due to: ENV_DONE. Reward is 1.0. 
[0m
[32mTrajectory 7 completed due to: ENV_DONE. Reward is 1.0. 
[0m
[32mTrajectory 3 completed due to: ENV_DONE. Reward is 1.0. 
[0m
[32mTrajectory 1 completed due to: ENV_DONE. Reward is 1.0. 
[0m
[32mTrajectory 6 completed due to: ENV_DONE. Reward is 1.0. 
[0m
[32mTrajectory 4 completed due to: ENV_DONE. Reward is 1.0. 
[0m
[36mNumber of Trajectories 1/8 completed[0m
[36mNumber of Trajectories 2/8 completed[0m
[36mNumber of Trajectories 3/8 completed[0m
[36mNumber of Trajectories 4/8 completed[0m
[36mNumber of Trajectories 5/8 completed[0m
[36mNumber of Trajectories 6/8 completed[0m
[36mNumber of Trajectories 7/8 completed[0m
[36mNumber of Trajectories 8/8 completed[0m
[33mTrajectory 1 completed due to: TRUNCATION. Reward is 0.0. 
[0m
[32mTrajectory 7 completed due to: ENV_DONE. Reward is 1.0. 
[0m
[32mTrajectory 4 completed due to: ENV_DONE. Reward is 1.0. 
[0m
[33mTrajectory 5 completed due to: TRUNCATION. Reward is 0.0. 
[0m
[32mTrajectory 0 completed due to: ENV_DONE. Reward is 1.0. 
[0m
[33mTrajectory 2 completed due to: TRUNCATION. Reward is 0.0. 
[0m
[33mTrajectory 6 completed due to: TRUNCATION. Reward is 0.0. 
[0m
[36mNumber of Trajectories 1/8 completed[0m
[36mNumber of Trajectories 2/8 completed[0m
[36mNumber of Trajectories 3/8 completed[0m
[33mTrajectory 3 completed due to: TRUNCATION. Reward is 0.0. 
[0m
[36mNumber of Trajectories 4/8 completed[0m
[36mNumber of Trajectories 5/8 completed[0m
[36mNumber of Trajectories 6/8 completed[0m
[36mNumber of Trajectories 7/8 completed[0m
[36mNumber of Trajectories 8/8 completed[0m
[33mTrajectory 3 completed due to: TRUNCATION. Reward is 0.0. 
[0m
[33mTrajectory 5 completed due to: TRUNCATION. Reward is 0.0. 
[0m
[32mTrajectory 1 completed due to: ENV_DONE. Reward is 1.0. 
[0m
[32mTrajectory 7 completed due to: ENV_DONE. Reward is 1.0. 
[0m
[33mTrajectory 2 completed due to: TRUNCATION. Reward is 0.0. 
[0m
[32mTrajectory 4 completed due to: ENV_DONE. Reward is 1.0. 
[0m
[33mTrajectory 0 completed due to: TRUNCATION. Reward is 0.0. 
[0m
[33mTrajectory 6 completed due to: TRUNCATION. Reward is 0.0. 
[0m
[36mNumber of Trajectories 1/8 completed[0m
[36mNumber of Trajectories 2/8 completed[0m
[36mNumber of Trajectories 3/8 completed[0m
[36mNumber of Trajectories 4/8 completed[0m
[36mNumber of Trajectories 5/8 completed[0m
[36mNumber of Trajectories 6/8 completed[0m
[36mNumber of Trajectories 7/8 completed[0m
[36mNumber of Trajectories 8/8 completed[0m
step:108 - grouping/num_groups:1 - grouping/num_samples:8 - advantage/mean:0.0 - advantage/std:0.4841229182759271 - loss/grad_norm:0.41796875 - loss/policy:0.36929017305374146 - policy/ratio_mean:0.980459451675415 - time/sample:35.12455654144287 - time/train:34.559797525405884 - time/total:69.68876457214355 - reward/mean:0.5833333730697632 - reward/max:1.0 - reward/min:0.0 - batch/num_episodes:1 - distributed/num_processes:3 - distributed/rank:0
[32mTrajectory 0 completed due to: ENV_DONE. Reward is 1.0. 
[0m
[32mTrajectory 5 completed due to: ENV_DONE. Reward is 1.0. 
[0m
[32mTrajectory 2 completed due to: ENV_DONE. Reward is 1.0. 
[0m
[32mTrajectory 7 completed due to: ENV_DONE. Reward is 1.0. 
[0m
[32mTrajectory 3 completed due to: ENV_DONE. Reward is 1.0. 
[0m
[32mTrajectory 1 completed due to: ENV_DONE. Reward is 1.0. 
[0m
[32mTrajectory 6 completed due to: ENV_DONE. Reward is 1.0. 
[0m
[32mTrajectory 4 completed due to: ENV_DONE. Reward is 1.0. 
[0m
[36mNumber of Trajectories 1/8 completed[0m
[36mNumber of Trajectories 2/8 completed[0m
[36mNumber of Trajectories 3/8 completed[0m
[36mNumber of Trajectories 4/8 completed[0m
[36mNumber of Trajectories 5/8 completed[0m
[36mNumber of Trajectories 6/8 completed[0m
[36mNumber of Trajectories 7/8 completed[0m
[36mNumber of Trajectories 8/8 completed[0m
[32mTrajectory 3 completed due to: ENV_DONE. Reward is 1.0. 
[0m
[32mTrajectory 5 completed due to: ENV_DONE. Reward is 1.0. 
[0m
[32mTrajectory 1 completed due to: ENV_DONE. Reward is 1.0. 
[0m
[32mTrajectory 7 completed due to: ENV_DONE. Reward is 1.0. 
[0m
[32mTrajectory 2 completed due to: ENV_DONE. Reward is 1.0. 
[0m
[32mTrajectory 4 completed due to: ENV_DONE. Reward is 1.0. 
[0m
[32mTrajectory 0 completed due to: ENV_DONE. Reward is 1.0. 
[0m
[32mTrajectory 6 completed due to: ENV_DONE. Reward is 1.0. 
[0m
[36mNumber of Trajectories 1/8 completed[0m
[36mNumber of Trajectories 2/8 completed[0m
[36mNumber of Trajectories 3/8 completed[0m
[36mNumber of Trajectories 4/8 completed[0m
[36mNumber of Trajectories 5/8 completed[0m
[36mNumber of Trajectories 6/8 completed[0m
[36mNumber of Trajectories 7/8 completed[0m
[36mNumber of Trajectories 8/8 completed[0m
[33mTrajectory 4 completed due to: TRUNCATION. Reward is 0.0. 
[0m
[33mTrajectory 7 completed due to: TRUNCATION. Reward is 0.0. 
[0m
[33mTrajectory 1 completed due to: TRUNCATION. Reward is 0.0. 
[0m
[33mTrajectory 6 completed due to: TRUNCATION. Reward is 0.0. 
[0m
[33mTrajectory 0 completed due to: TRUNCATION. Reward is 0.0. 
[0m
[33mTrajectory 5 completed due to: TRUNCATION. Reward is 0.0. 
[0m
[33mTrajectory 3 completed due to: TRUNCATION. Reward is 0.0. 
[0m
[36mNumber of Trajectories 1/8 completed[0m
[36mNumber of Trajectories 2/8 completed[0m
[36mNumber of Trajectories 3/8 completed[0m
[33mTrajectory 2 completed due to: TRUNCATION. Reward is 0.0. 
[0m
[36mNumber of Trajectories 4/8 completed[0m
[36mNumber of Trajectories 5/8 completed[0m
[36mNumber of Trajectories 6/8 completed[0m
[36mNumber of Trajectories 7/8 completed[0m
[36mNumber of Trajectories 8/8 completed[0m
step:109 - grouping/num_groups:1 - grouping/num_samples:8 - advantage/mean:0.0 - advantage/std:0.0 - loss/grad_norm:0.0 - loss/policy:0.0 - policy/ratio_mean:0.9679135084152222 - time/sample:37.231772661209106 - time/train:4.81610894203186 - time/total:42.051934480667114 - reward/mean:0.6666666865348816 - reward/max:0.0 - reward/min:0.0 - batch/num_episodes:1 - distributed/num_processes:3 - distributed/rank:0
[33mTrajectory 0 completed due to: ENV_DONE. Reward is 0.0. 
[0m
[33mTrajectory 5 completed due to: ENV_DONE. Reward is 0.0. 
[0m
[33mTrajectory 2 completed due to: ENV_DONE. Reward is 0.0. 
[0m
[33mTrajectory 7 completed due to: ENV_DONE. Reward is 0.0. 
[0m
[33mTrajectory 3 completed due to: ENV_DONE. Reward is 0.0. 
[0m
[33mTrajectory 1 completed due to: ENV_DONE. Reward is 0.0. 
[0m
[33mTrajectory 6 completed due to: ENV_DONE. Reward is 0.0. 
[0m
[36mNumber of Trajectories 1/8 completed[0m
[36mNumber of Trajectories 2/8 completed[0m
[36mNumber of Trajectories 3/8 completed[0m
[36mNumber of Trajectories 4/8 completed[0m
[36mNumber of Trajectories 5/8 completed[0m
[36mNumber of Trajectories 6/8 completed[0m
[36mNumber of Trajectories 7/8 completed[0m
[33mTrajectory 4 completed due to: ENV_DONE. Reward is 0.0. 
[0m
[36mNumber of Trajectories 8/8 completed[0m
[32mTrajectory 3 completed due to: ENV_DONE. Reward is 1.0. 
[0m
[32mTrajectory 5 completed due to: ENV_DONE. Reward is 1.0. 
[0m
[32mTrajectory 1 completed due to: ENV_DONE. Reward is 1.0. 
[0m
[32mTrajectory 7 completed due to: ENV_DONE. Reward is 1.0. 
[0m
[32mTrajectory 2 completed due to: ENV_DONE. Reward is 1.0. 
[0m
[33mTrajectory 4 completed due to: ENV_DONE. Reward is 0.0. 
[0m
[32mTrajectory 0 completed due to: ENV_DONE. Reward is 1.0. 
[0m
[32mTrajectory 6 completed due to: ENV_DONE. Reward is 1.0. 
[0m
[36mNumber of Trajectories 1/8 completed[0m
[36mNumber of Trajectories 2/8 completed[0m
[36mNumber of Trajectories 3/8 completed[0m
[36mNumber of Trajectories 4/8 completed[0m
[36mNumber of Trajectories 5/8 completed[0m
[36mNumber of Trajectories 6/8 completed[0m
[36mNumber of Trajectories 7/8 completed[0m
[36mNumber of Trajectories 8/8 completed[0m
[33mTrajectory 4 completed due to: TRUNCATION. Reward is 0.0. 
[0m
[33mTrajectory 7 completed due to: TRUNCATION. Reward is 0.0. 
[0m
[33mTrajectory 1 completed due to: TRUNCATION. Reward is 0.0. 
[0m
[33mTrajectory 6 completed due to: TRUNCATION. Reward is 0.0. 
[0m
[33mTrajectory 0 completed due to: TRUNCATION. Reward is 0.0. 
[0m
[33mTrajectory 5 completed due to: TRUNCATION. Reward is 0.0. 
[0m
[33mTrajectory 3 completed due to: TRUNCATION. Reward is 0.0. 
[0m
[33mTrajectory 2 completed due to: TRUNCATION. Reward is 0.0. 
[0m
[36mNumber of Trajectories 1/8 completed[0m
[36mNumber of Trajectories 2/8 completed[0m
[36mNumber of Trajectories 3/8 completed[0m
[36mNumber of Trajectories 4/8 completed[0m
[36mNumber of Trajectories 5/8 completed[0m
[36mNumber of Trajectories 6/8 completed[0m
[36mNumber of Trajectories 7/8 completed[0m
[36mNumber of Trajectories 8/8 completed[0m
step:110 - grouping/num_groups:1 - grouping/num_samples:8 - advantage/mean:0.0 - advantage/std:0.0 - loss/grad_norm:0.1083984375 - loss/policy:0.0 - policy/ratio_mean:0.9828425645828247 - time/sample:80.14162349700928 - time/train:5.127715349197388 - time/total:85.27501940727234 - reward/mean:0.2916666865348816 - reward/max:0.0 - reward/min:0.0 - batch/num_episodes:1 - distributed/num_processes:3 - distributed/rank:0
[32mTrajectory 3 completed due to: ENV_DONE. Reward is 1.0. 
[0m
[32mTrajectory 5 completed due to: ENV_DONE. Reward is 1.0. 
[0m
[32mTrajectory 1 completed due to: ENV_DONE. Reward is 1.0. 
[0m
[32mTrajectory 7 completed due to: ENV_DONE. Reward is 1.0. 
[0m
[32mTrajectory 2 completed due to: ENV_DONE. Reward is 1.0. 
[0m
[32mTrajectory 4 completed due to: ENV_DONE. Reward is 1.0. 
[0m
[32mTrajectory 0 completed due to: ENV_DONE. Reward is 1.0. 
[0m
[32mTrajectory 6 completed due to: ENV_DONE. Reward is 1.0. 
[0m
[36mNumber of Trajectories 1/8 completed[0m
[36mNumber of Trajectories 2/8 completed[0m
[36mNumber of Trajectories 3/8 completed[0m
[36mNumber of Trajectories 4/8 completed[0m
[36mNumber of Trajectories 5/8 completed[0m
[36mNumber of Trajectories 6/8 completed[0m
[36mNumber of Trajectories 7/8 completed[0m
[36mNumber of Trajectories 8/8 completed[0m
[33mTrajectory 4 completed due to: ENV_DONE. Reward is 0.0. 
[0m
[33mTrajectory 7 completed due to: ENV_DONE. Reward is 0.0. 
[0m
[33mTrajectory 1 completed due to: ENV_DONE. Reward is 0.0. 
[0m
[33mTrajectory 6 completed due to: ENV_DONE. Reward is 0.0. 
[0m
[33mTrajectory 0 completed due to: ENV_DONE. Reward is 0.0. 
[0m
[33mTrajectory 5 completed due to: ENV_DONE. Reward is 0.0. 
[0m
[33mTrajectory 3 completed due to: ENV_DONE. Reward is 0.0. 
[0m
[36mNumber of Trajectories 1/8 completed[0m
[36mNumber of Trajectories 2/8 completed[0m
[36mNumber of Trajectories 3/8 completed[0m
[33mTrajectory 2 completed due to: ENV_DONE. Reward is 0.0. 
[0m
[36mNumber of Trajectories 4/8 completed[0m
[36mNumber of Trajectories 5/8 completed[0m
[36mNumber of Trajectories 6/8 completed[0m
[36mNumber of Trajectories 7/8 completed[0m
[36mNumber of Trajectories 8/8 completed[0m
[33mTrajectory 0 completed due to: ENV_DONE. Reward is 0.0. 
[0m
[33mTrajectory 5 completed due to: ENV_DONE. Reward is 0.0. 
[0m
[33mTrajectory 2 completed due to: ENV_DONE. Reward is 0.0. 
[0m
[33mTrajectory 7 completed due to: ENV_DONE. Reward is 0.0. 
[0m
[33mTrajectory 3 completed due to: ENV_DONE. Reward is 0.0. 
[0m
[33mTrajectory 1 completed due to: ENV_DONE. Reward is 0.0. 
[0m
[33mTrajectory 6 completed due to: ENV_DONE. Reward is 0.0. 
[0m
[33mTrajectory 4 completed due to: ENV_DONE. Reward is 0.0. 
[0m
[36mNumber of Trajectories 1/8 completed[0m
[36mNumber of Trajectories 2/8 completed[0m
[36mNumber of Trajectories 3/8 completed[0m
[36mNumber of Trajectories 4/8 completed[0m
[36mNumber of Trajectories 5/8 completed[0m
[36mNumber of Trajectories 6/8 completed[0m
[36mNumber of Trajectories 7/8 completed[0m
[36mNumber of Trajectories 8/8 completed[0m
step:111 - grouping/num_groups:1 - grouping/num_samples:8 - advantage/mean:0.0 - advantage/std:0.0 - loss/grad_norm:0.0 - loss/policy:0.0 - policy/ratio_mean:0.95847487449646 - time/sample:23.799609184265137 - time/train:13.013952493667603 - time/total:36.81890940666199 - reward/mean:0.3333333432674408 - reward/max:0.0 - reward/min:0.0 - batch/num_episodes:1 - distributed/num_processes:3 - distributed/rank:0
[32mTrajectory 0 completed due to: ENV_DONE. Reward is 1.0. 
[0m
[32mTrajectory 5 completed due to: ENV_DONE. Reward is 1.0. 
[0m
[32mTrajectory 2 completed due to: ENV_DONE. Reward is 1.0. 
[0m
[32mTrajectory 7 completed due to: ENV_DONE. Reward is 1.0. 
[0m
[32mTrajectory 3 completed due to: ENV_DONE. Reward is 1.0. 
[0m
[32mTrajectory 1 completed due to: ENV_DONE. Reward is 1.0. 
[0m
[32mTrajectory 6 completed due to: ENV_DONE. Reward is 1.0. 
[0m
[32mTrajectory 4 completed due to: ENV_DONE. Reward is 1.0. 
[0m
[36mNumber of Trajectories 1/8 completed[0m
[36mNumber of Trajectories 2/8 completed[0m
[36mNumber of Trajectories 3/8 completed[0m
[36mNumber of Trajectories 4/8 completed[0m
[36mNumber of Trajectories 5/8 completed[0m
[36mNumber of Trajectories 6/8 completed[0m
[36mNumber of Trajectories 7/8 completed[0m
[36mNumber of Trajectories 8/8 completed[0m
[33mTrajectory 7 completed due to: ENV_DONE. Reward is 0.0. 
[0m
[33mTrajectory 1 completed due to: ENV_DONE. Reward is 0.0. 
[0m
[33mTrajectory 5 completed due to: ENV_DONE. Reward is 0.0. 
[0m
[33mTrajectory 0 completed due to: ENV_DONE. Reward is 0.0. 
[0m
[33mTrajectory 4 completed due to: ENV_DONE. Reward is 0.0. 
[0m
[33mTrajectory 2 completed due to: ENV_DONE. Reward is 0.0. 
[0m
[33mTrajectory 3 completed due to: ENV_DONE. Reward is 0.0. 
[0m
[33mTrajectory 6 completed due to: ENV_DONE. Reward is 0.0. 
[0m
[36mNumber of Trajectories 1/8 completed[0m
[36mNumber of Trajectories 2/8 completed[0m
[36mNumber of Trajectories 3/8 completed[0m
[36mNumber of Trajectories 4/8 completed[0m
[36mNumber of Trajectories 5/8 completed[0m
[36mNumber of Trajectories 6/8 completed[0m
[36mNumber of Trajectories 7/8 completed[0m
[36mNumber of Trajectories 8/8 completed[0m
[32mTrajectory 3 completed due to: ENV_DONE. Reward is 1.0. 
[0m
[32mTrajectory 5 completed due to: ENV_DONE. Reward is 1.0. 
[0m
[32mTrajectory 1 completed due to: ENV_DONE. Reward is 1.0. 
[0m
[32mTrajectory 7 completed due to: ENV_DONE. Reward is 1.0. 
[0m
[32mTrajectory 2 completed due to: ENV_DONE. Reward is 1.0. 
[0m
[32mTrajectory 4 completed due to: ENV_DONE. Reward is 1.0. 
[0m
[32mTrajectory 0 completed due to: ENV_DONE. Reward is 1.0. 
[0m
[36mNumber of Trajectories 1/8 completed[0m
[36mNumber of Trajectories 2/8 completed[0m
[36mNumber of Trajectories 3/8 completed[0m
[36mNumber of Trajectories 4/8 completed[0m
[36mNumber of Trajectories 5/8 completed[0m
[36mNumber of Trajectories 6/8 completed[0m
[36mNumber of Trajectories 7/8 completed[0m
[32mTrajectory 6 completed due to: ENV_DONE. Reward is 1.0. 
[0m
[36mNumber of Trajectories 8/8 completed[0m
step:112 - grouping/num_groups:1 - grouping/num_samples:8 - advantage/mean:0.0 - advantage/std:0.0 - loss/grad_norm:0.0 - loss/policy:0.0 - policy/ratio_mean:0.9676440358161926 - time/sample:6.386841535568237 - time/train:10.183696269989014 - time/total:16.5759220123291 - reward/mean:0.6666666865348816 - reward/max:0.0 - reward/min:0.0 - batch/num_episodes:1 - distributed/num_processes:3 - distributed/rank:0
[33mTrajectory 3 completed due to: ENV_DONE. Reward is 0.0. 
[0m
[33mTrajectory 5 completed due to: ENV_DONE. Reward is 0.0. 
[0m
[33mTrajectory 1 completed due to: ENV_DONE. Reward is 0.0. 
[0m
[33mTrajectory 7 completed due to: ENV_DONE. Reward is 0.0. 
[0m
[33mTrajectory 2 completed due to: TRUNCATION. Reward is 0.0. 
[0m
[33mTrajectory 4 completed due to: ENV_DONE. Reward is 0.0. 
[0m
[33mTrajectory 0 completed due to: ENV_DONE. Reward is 0.0. 
[0m
[36mNumber of Trajectories 1/8 completed[0m
[36mNumber of Trajectories 2/8 completed[0m
[36mNumber of Trajectories 3/8 completed[0m
[36mNumber of Trajectories 4/8 completed[0m
[36mNumber of Trajectories 5/8 completed[0m
[36mNumber of Trajectories 6/8 completed[0m
[36mNumber of Trajectories 7/8 completed[0m
[33mTrajectory 6 completed due to: ENV_DONE. Reward is 0.0. 
[0m
[36mNumber of Trajectories 8/8 completed[0m
[33mTrajectory 0 completed due to: TRUNCATION. Reward is 0.0. 
[0m
[33mTrajectory 3 completed due to: TRUNCATION. Reward is 0.0. 
[0m
[33mTrajectory 2 completed due to: TRUNCATION. Reward is 0.0. 
[0m
[33mTrajectory 1 completed due to: TRUNCATION. Reward is 0.0. 
[0m
[33mTrajectory 5 completed due to: TRUNCATION. Reward is 0.0. 
[0m
[33mTrajectory 4 completed due to: TRUNCATION. Reward is 0.0. 
[0m
[33mTrajectory 6 completed due to: TRUNCATION. Reward is 0.0. 
[0m
[36mNumber of Trajectories 1/8 completed[0m
[36mNumber of Trajectories 2/8 completed[0m
[36mNumber of Trajectories 3/8 completed[0m
[36mNumber of Trajectories 4/8 completed[0m
[36mNumber of Trajectories 5/8 completed[0m
[36mNumber of Trajectories 6/8 completed[0m
[36mNumber of Trajectories 7/8 completed[0m
[33mTrajectory 7 completed due to: TRUNCATION. Reward is 0.0. 
[0m
[36mNumber of Trajectories 8/8 completed[0m
[32mTrajectory 0 completed due to: ENV_DONE. Reward is 1.0. 
[0m
[32mTrajectory 5 completed due to: ENV_DONE. Reward is 1.0. 
[0m
[32mTrajectory 2 completed due to: ENV_DONE. Reward is 1.0. 
[0m
[32mTrajectory 7 completed due to: ENV_DONE. Reward is 1.0. 
[0m
[32mTrajectory 3 completed due to: ENV_DONE. Reward is 1.0. 
[0m
[32mTrajectory 1 completed due to: ENV_DONE. Reward is 1.0. 
[0m
[32mTrajectory 6 completed due to: ENV_DONE. Reward is 1.0. 
[0m
[32mTrajectory 4 completed due to: ENV_DONE. Reward is 1.0. 
[0m
[36mNumber of Trajectories 1/8 completed[0m
[36mNumber of Trajectories 2/8 completed[0m
[36mNumber of Trajectories 3/8 completed[0m
[36mNumber of Trajectories 4/8 completed[0m
[36mNumber of Trajectories 5/8 completed[0m
[36mNumber of Trajectories 6/8 completed[0m
[36mNumber of Trajectories 7/8 completed[0m
[36mNumber of Trajectories 8/8 completed[0m
step:113 - grouping/num_groups:1 - grouping/num_samples:8 - advantage/mean:0.0 - advantage/std:0.0 - loss/grad_norm:0.0 - loss/policy:0.0 - policy/ratio_mean:0.9703702926635742 - time/sample:57.92363429069519 - time/train:6.886291027069092 - time/total:64.81758046150208 - reward/mean:0.3333333432674408 - reward/max:0.0 - reward/min:0.0 - batch/num_episodes:1 - distributed/num_processes:3 - distributed/rank:0
[33mTrajectory 5 completed due to: ENV_DONE. Reward is 0.0. 
[0m
[33mTrajectory 2 completed due to: ENV_DONE. Reward is 0.0. 
[0m
[33mTrajectory 3 completed due to: ENV_DONE. Reward is 0.0. 
[0m
[33mTrajectory 4 completed due to: ENV_DONE. Reward is 0.0. 
[0m
[33mTrajectory 0 completed due to: ENV_DONE. Reward is 0.0. 
[0m
[33mTrajectory 1 completed due to: ENV_DONE. Reward is 0.0. 
[0m
[33mTrajectory 6 completed due to: ENV_DONE. Reward is 0.0. 
[0m
[33mTrajectory 7 completed due to: ENV_DONE. Reward is 0.0. 
[0m
[36mNumber of Trajectories 1/8 completed[0m
[36mNumber of Trajectories 2/8 completed[0m
[36mNumber of Trajectories 3/8 completed[0m
[36mNumber of Trajectories 4/8 completed[0m
[36mNumber of Trajectories 5/8 completed[0m
[36mNumber of Trajectories 6/8 completed[0m
[36mNumber of Trajectories 7/8 completed[0m
[36mNumber of Trajectories 8/8 completed[0m
[33mTrajectory 0 completed due to: ENV_DONE. Reward is 0.0. 
[0m
[33mTrajectory 5 completed due to: ENV_DONE. Reward is 0.0. 
[0m
[33mTrajectory 2 completed due to: ENV_DONE. Reward is 0.0. 
[0m
[33mTrajectory 7 completed due to: ENV_DONE. Reward is 0.0. 
[0m
[33mTrajectory 3 completed due to: ENV_DONE. Reward is 0.0. 
[0m
[33mTrajectory 1 completed due to: ENV_DONE. Reward is 0.0. 
[0m
[33mTrajectory 6 completed due to: ENV_DONE. Reward is 0.0. 
[0m
[33mTrajectory 4 completed due to: ENV_DONE. Reward is 0.0. 
[0m
[36mNumber of Trajectories 1/8 completed[0m
[36mNumber of Trajectories 2/8 completed[0m
[36mNumber of Trajectories 3/8 completed[0m
[36mNumber of Trajectories 4/8 completed[0m
[36mNumber of Trajectories 5/8 completed[0m
[36mNumber of Trajectories 6/8 completed[0m
[36mNumber of Trajectories 7/8 completed[0m
[36mNumber of Trajectories 8/8 completed[0m
[32mTrajectory 3 completed due to: ENV_DONE. Reward is 1.0. 
[0m
[32mTrajectory 5 completed due to: TRUNCATION. Reward is 1.0. 
[0m
[32mTrajectory 1 completed due to: ENV_DONE. Reward is 1.0. 
[0m
[32mTrajectory 7 completed due to: ENV_DONE. Reward is 1.0. 
[0m
[32mTrajectory 2 completed due to: ENV_DONE. Reward is 1.0. 
[0m
[32mTrajectory 4 completed due to: ENV_DONE. Reward is 1.0. 
[0m
[32mTrajectory 0 completed due to: ENV_DONE. Reward is 1.0. 
[0m
[32mTrajectory 6 completed due to: ENV_DONE. Reward is 1.0. 
[0m
[36mNumber of Trajectories 1/8 completed[0m
[36mNumber of Trajectories 2/8 completed[0m
[36mNumber of Trajectories 3/8 completed[0m
[36mNumber of Trajectories 4/8 completed[0m
[36mNumber of Trajectories 5/8 completed[0m
[36mNumber of Trajectories 6/8 completed[0m
[36mNumber of Trajectories 7/8 completed[0m
[36mNumber of Trajectories 8/8 completed[0m
step:114 - grouping/num_groups:1 - grouping/num_samples:8 - advantage/mean:0.0 - advantage/std:0.0 - loss/grad_norm:0.115234375 - loss/policy:0.0 - policy/ratio_mean:0.9795770645141602 - time/sample:7.361967086791992 - time/train:41.37340021133423 - time/total:48.74101686477661 - reward/mean:0.2916666865348816 - reward/max:0.0 - reward/min:0.0 - batch/num_episodes:1 - distributed/num_processes:3 - distributed/rank:0
[33mTrajectory 3 completed due to: TRUNCATION. Reward is 0.0. 
[0m
[33mTrajectory 5 completed due to: TRUNCATION. Reward is 0.0. 
[0m
[33mTrajectory 1 completed due to: ENV_DONE. Reward is 0.0. 
[0m
[33mTrajectory 7 completed due to: TRUNCATION. Reward is 0.0. 
[0m
[33mTrajectory 7 completed due to: TRUNCATION. Reward is 0.0. 
[0m
[33mTrajectory 6 completed due to: TRUNCATION. Reward is 0.0. 
[0m
[33mTrajectory 4 completed due to: TRUNCATION. Reward is 0.0. 
[0m
[33mTrajectory 2 completed due to: TRUNCATION. Reward is 0.0. 
[0m
[33mTrajectory 4 completed due to: ENV_DONE. Reward is 0.0. 
[0m
[33mTrajectory 0 completed due to: TRUNCATION. Reward is 0.0. 
[0m
[33mTrajectory 6 completed due to: TRUNCATION. Reward is 0.0. 
[0m
[36mNumber of Trajectories 1/8 completed[0m
[36mNumber of Trajectories 2/8 completed[0m
[36mNumber of Trajectories 3/8 completed[0m
[36mNumber of Trajectories 4/8 completed[0m
[36mNumber of Trajectories 5/8 completed[0m
[36mNumber of Trajectories 6/8 completed[0m
[36mNumber of Trajectories 7/8 completed[0m
[36mNumber of Trajectories 8/8 completed[0m
[33mTrajectory 1 completed due to: TRUNCATION. Reward is 0.0. 
[0m
[33mTrajectory 0 completed due to: TRUNCATION. Reward is 0.0. 
[0m
[33mTrajectory 2 completed due to: TRUNCATION. Reward is 0.0. 
[0m
[33mTrajectory 5 completed due to: TRUNCATION. Reward is 0.0. 
[0m
[33mTrajectory 3 completed due to: TRUNCATION. Reward is 0.0. 
[0m
[36mNumber of Trajectories 1/8 completed[0m
[36mNumber of Trajectories 2/8 completed[0m
[36mNumber of Trajectories 3/8 completed[0m
[36mNumber of Trajectories 4/8 completed[0m
[36mNumber of Trajectories 5/8 completed[0m
[36mNumber of Trajectories 6/8 completed[0m
[36mNumber of Trajectories 7/8 completed[0m
[36mNumber of Trajectories 8/8 completed[0m
[33mTrajectory 0 completed due to: TRUNCATION. Reward is 0.0. 
[0m
[33mTrajectory 5 completed due to: TRUNCATION. Reward is 0.0. 
[0m
[33mTrajectory 2 completed due to: TRUNCATION. Reward is 0.0. 
[0m
[33mTrajectory 7 completed due to: TRUNCATION. Reward is 0.0. 
[0m
[33mTrajectory 3 completed due to: TRUNCATION. Reward is 0.0. 
[0m
[33mTrajectory 1 completed due to: TRUNCATION. Reward is 0.0. 
[0m
[33mTrajectory 6 completed due to: TRUNCATION. Reward is 0.0. 
[0m
[33mTrajectory 4 completed due to: TRUNCATION. Reward is 0.0. 
[0m
[36mNumber of Trajectories 1/8 completed[0m
[36mNumber of Trajectories 2/8 completed[0m
[36mNumber of Trajectories 3/8 completed[0m
[36mNumber of Trajectories 4/8 completed[0m
[36mNumber of Trajectories 5/8 completed[0m
[36mNumber of Trajectories 6/8 completed[0m
[36mNumber of Trajectories 7/8 completed[0m
[36mNumber of Trajectories 8/8 completed[0m
step:115 - grouping/num_groups:1 - grouping/num_samples:8 - advantage/mean:0.0 - advantage/std:0.0 - loss/grad_norm:0.0 - loss/policy:0.0 - policy/ratio_mean:0.9668395519256592 - time/sample:62.59214949607849 - time/train:35.76984167098999 - time/total:98.36998701095581 - reward/mean:0.0 - reward/max:0.0 - reward/min:0.0 - batch/num_episodes:1 - distributed/num_processes:3 - distributed/rank:0
[32mTrajectory 7 completed due to: ENV_DONE. Reward is 1.0. 
[0m
[32mTrajectory 6 completed due to: ENV_DONE. Reward is 1.0. 
[0m
[32mTrajectory 4 completed due to: ENV_DONE. Reward is 1.0. 
[0m
[32mTrajectory 1 completed due to: ENV_DONE. Reward is 1.0. 
[0m
[32mTrajectory 0 completed due to: ENV_DONE. Reward is 1.0. 
[0m
[32mTrajectory 2 completed due to: ENV_DONE. Reward is 1.0. 
[0m
[32mTrajectory 5 completed due to: ENV_DONE. Reward is 1.0. 
[0m
[32mTrajectory 3 completed due to: ENV_DONE. Reward is 1.0. 
[0m
[36mNumber of Trajectories 1/8 completed[0m
[36mNumber of Trajectories 2/8 completed[0m
[36mNumber of Trajectories 3/8 completed[0m
[36mNumber of Trajectories 4/8 completed[0m
[36mNumber of Trajectories 5/8 completed[0m
[36mNumber of Trajectories 6/8 completed[0m
[36mNumber of Trajectories 7/8 completed[0m
[36mNumber of Trajectories 8/8 completed[0m
[32mTrajectory 0 completed due to: ENV_DONE. Reward is 1.0. 
[0m
[32mTrajectory 5 completed due to: ENV_DONE. Reward is 1.0. 
[0m
[32mTrajectory 2 completed due to: ENV_DONE. Reward is 1.0. 
[0m
[32mTrajectory 7 completed due to: ENV_DONE. Reward is 1.0. 
[0m
[32mTrajectory 3 completed due to: ENV_DONE. Reward is 1.0. 
[0m
[32mTrajectory 1 completed due to: ENV_DONE. Reward is 1.0. 
[0m
[32mTrajectory 6 completed due to: ENV_DONE. Reward is 1.0. 
[0m
[32mTrajectory 4 completed due to: ENV_DONE. Reward is 1.0. 
[0m
[36mNumber of Trajectories 1/8 completed[0m
[36mNumber of Trajectories 2/8 completed[0m
[36mNumber of Trajectories 3/8 completed[0m
[36mNumber of Trajectories 4/8 completed[0m
[36mNumber of Trajectories 5/8 completed[0m
[36mNumber of Trajectories 6/8 completed[0m
[36mNumber of Trajectories 7/8 completed[0m
[36mNumber of Trajectories 8/8 completed[0m
[33mTrajectory 3 completed due to: TRUNCATION. Reward is 0.0. 
[0m
[33mTrajectory 5 completed due to: TRUNCATION. Reward is 0.0. 
[0m
[33mTrajectory 1 completed due to: TRUNCATION. Reward is 0.0. 
[0m
[33mTrajectory 7 completed due to: TRUNCATION. Reward is 0.0. 
[0m
[33mTrajectory 2 completed due to: TRUNCATION. Reward is 0.0. 
[0m
[33mTrajectory 4 completed due to: TRUNCATION. Reward is 0.0. 
[0m
[33mTrajectory 0 completed due to: TRUNCATION. Reward is 0.0. 
[0m
[33mTrajectory 6 completed due to: TRUNCATION. Reward is 0.0. 
[0m
[36mNumber of Trajectories 1/8 completed[0m
[36mNumber of Trajectories 2/8 completed[0m
[36mNumber of Trajectories 3/8 completed[0m
[36mNumber of Trajectories 4/8 completed[0m
[36mNumber of Trajectories 5/8 completed[0m
[36mNumber of Trajectories 6/8 completed[0m
[36mNumber of Trajectories 7/8 completed[0m
[36mNumber of Trajectories 8/8 completed[0m
step:116 - grouping/num_groups:1 - grouping/num_samples:8 - advantage/mean:0.0 - advantage/std:0.0 - loss/grad_norm:0.0 - loss/policy:0.0 - policy/ratio_mean:0.9891877770423889 - time/sample:5.704823970794678 - time/train:44.77153921127319 - time/total:50.482728719711304 - reward/mean:0.6666666865348816 - reward/max:1.0 - reward/min:1.0 - batch/num_episodes:1 - distributed/num_processes:3 - distributed/rank:0
[33mTrajectory 7 completed due to: TRUNCATION. Reward is 0.0. 
[0m
[33mTrajectory 6 completed due to: TRUNCATION. Reward is 0.0. 
[0m
[33mTrajectory 4 completed due to: TRUNCATION. Reward is 0.0. 
[0m
[33mTrajectory 1 completed due to: TRUNCATION. Reward is 0.0. 
[0m
[33mTrajectory 0 completed due to: TRUNCATION. Reward is 0.0. 
[0m
[33mTrajectory 2 completed due to: TRUNCATION. Reward is 0.0. 
[0m
[33mTrajectory 5 completed due to: TRUNCATION. Reward is 0.0. 
[0m
[33mTrajectory 3 completed due to: TRUNCATION. Reward is 0.0. 
[0m
[36mNumber of Trajectories 1/8 completed[0m
[36mNumber of Trajectories 2/8 completed[0m
[36mNumber of Trajectories 3/8 completed[0m
[36mNumber of Trajectories 4/8 completed[0m
[36mNumber of Trajectories 5/8 completed[0m
[36mNumber of Trajectories 6/8 completed[0m
[36mNumber of Trajectories 7/8 completed[0m
[36mNumber of Trajectories 8/8 completed[0m
[32mTrajectory 3 completed due to: ENV_DONE. Reward is 1.0. 
[0m
[32mTrajectory 5 completed due to: ENV_DONE. Reward is 1.0. 
[0m
[33mTrajectory 1 completed due to: TRUNCATION. Reward is 0.0. 
[0m
[32mTrajectory 7 completed due to: TRUNCATION. Reward is 1.0. 
[0m
[33mTrajectory 2 completed due to: TRUNCATION. Reward is 0.0. 
[0m
[32mTrajectory 4 completed due to: TRUNCATION. Reward is 1.0. 
[0m
[32mTrajectory 0 completed due to: ENV_DONE. Reward is 1.0. 
[0m
[33mTrajectory 6 completed due to: TRUNCATION. Reward is 0.0. 
[0m
[36mNumber of Trajectories 1/8 completed[0m
[36mNumber of Trajectories 2/8 completed[0m
[36mNumber of Trajectories 3/8 completed[0m
[36mNumber of Trajectories 4/8 completed[0m
[36mNumber of Trajectories 5/8 completed[0m
[36mNumber of Trajectories 6/8 completed[0m
[36mNumber of Trajectories 7/8 completed[0m
[36mNumber of Trajectories 8/8 completed[0m
[33mTrajectory 0 completed due to: TRUNCATION. Reward is 0.0. 
[0m
[33mTrajectory 5 completed due to: TRUNCATION. Reward is 0.0. 
[0m
[33mTrajectory 2 completed due to: TRUNCATION. Reward is 0.0. 
[0m
[33mTrajectory 7 completed due to: TRUNCATION. Reward is 0.0. 
[0m
[33mTrajectory 3 completed due to: TRUNCATION. Reward is 0.0. 
[0m
[33mTrajectory 1 completed due to: TRUNCATION. Reward is 0.0. 
[0m
[33mTrajectory 6 completed due to: TRUNCATION. Reward is 0.0. 
[0m
[36mNumber of Trajectories 1/8 completed[0m
[36mNumber of Trajectories 2/8 completed[0m
[36mNumber of Trajectories 3/8 completed[0m
[36mNumber of Trajectories 4/8 completed[0m
[33mTrajectory 4 completed due to: TRUNCATION. Reward is 0.0. 
[0m
[36mNumber of Trajectories 5/8 completed[0m
[36mNumber of Trajectories 6/8 completed[0m
[36mNumber of Trajectories 7/8 completed[0m
[36mNumber of Trajectories 8/8 completed[0m
step:117 - grouping/num_groups:1 - grouping/num_samples:8 - advantage/mean:0.0 - advantage/std:0.0 - loss/grad_norm:0.220703125 - loss/policy:0.0 - policy/ratio_mean:0.9833256006240845 - time/sample:62.015289306640625 - time/train:36.14927005767822 - time/total:98.1709668636322 - reward/mean:0.125 - reward/max:0.0 - reward/min:0.0 - batch/num_episodes:1 - distributed/num_processes:3 - distributed/rank:0
[33mTrajectory 7 completed due to: TRUNCATION. Reward is 0.0. 
[0m
[33mTrajectory 6 completed due to: ENV_DONE. Reward is 0.0. 
[0m
[33mTrajectory 4 completed due to: ENV_DONE. Reward is 0.0. 
[0m
[33mTrajectory 1 completed due to: TRUNCATION. Reward is 0.0. 
[0m
[33mTrajectory 0 completed due to: ENV_DONE. Reward is 0.0. 
[0m
[33mTrajectory 2 completed due to: ENV_DONE. Reward is 0.0. 
[0m
[33mTrajectory 5 completed due to: TRUNCATION. Reward is 0.0. 
[0m
[36mNumber of Trajectories 1/8 completed[0m
[36mNumber of Trajectories 2/8 completed[0m
[36mNumber of Trajectories 3/8 completed[0m
[33mTrajectory 3 completed due to: ENV_DONE. Reward is 0.0. 
[0m
[36mNumber of Trajectories 4/8 completed[0m
[36mNumber of Trajectories 5/8 completed[0m
[36mNumber of Trajectories 6/8 completed[0m
[36mNumber of Trajectories 7/8 completed[0m
[36mNumber of Trajectories 8/8 completed[0m
[33mTrajectory 0 completed due to: TRUNCATION. Reward is 0.0. 
[0m
[33mTrajectory 5 completed due to: TRUNCATION. Reward is 0.0. 
[0m
[33mTrajectory 2 completed due to: TRUNCATION. Reward is 0.0. 
[0m
[33mTrajectory 7 completed due to: TRUNCATION. Reward is 0.0. 
[0m
[33mTrajectory 3 completed due to: TRUNCATION. Reward is 0.0. 
[0m
[33mTrajectory 1 completed due to: TRUNCATION. Reward is 0.0. 
[0m
[33mTrajectory 6 completed due to: TRUNCATION. Reward is 0.0. 
[0m
[33mTrajectory 4 completed due to: TRUNCATION. Reward is 0.0. 
[0m
[36mNumber of Trajectories 1/8 completed[0m
[36mNumber of Trajectories 2/8 completed[0m
[36mNumber of Trajectories 3/8 completed[0m
[36mNumber of Trajectories 4/8 completed[0m
[36mNumber of Trajectories 5/8 completed[0m
[36mNumber of Trajectories 6/8 completed[0m
[36mNumber of Trajectories 7/8 completed[0m
[36mNumber of Trajectories 8/8 completed[0m
[33mTrajectory 3 completed due to: TRUNCATION. Reward is 0.0. 
[0m
[33mTrajectory 5 completed due to: TRUNCATION. Reward is 0.0. 
[0m
[33mTrajectory 1 completed due to: TRUNCATION. Reward is 0.0. 
[0m
[33mTrajectory 7 completed due to: TRUNCATION. Reward is 0.0. 
[0m
[33mTrajectory 2 completed due to: TRUNCATION. Reward is 0.0. 
[0m
[33mTrajectory 4 completed due to: TRUNCATION. Reward is 0.0. 
[0m
[33mTrajectory 0 completed due to: TRUNCATION. Reward is 0.0. 
[0m
[33mTrajectory 6 completed due to: TRUNCATION. Reward is 0.0. 
[0m
[36mNumber of Trajectories 1/8 completed[0m
[36mNumber of Trajectories 2/8 completed[0m
[36mNumber of Trajectories 3/8 completed[0m
[36mNumber of Trajectories 4/8 completed[0m
[36mNumber of Trajectories 5/8 completed[0m
[36mNumber of Trajectories 6/8 completed[0m
[36mNumber of Trajectories 7/8 completed[0m
[36mNumber of Trajectories 8/8 completed[0m
step:118 - grouping/num_groups:1 - grouping/num_samples:8 - advantage/mean:0.0 - advantage/std:0.0 - loss/grad_norm:0.0 - loss/policy:0.0 - policy/ratio_mean:0.9729907512664795 - time/sample:60.30881071090698 - time/train:36.4683039188385 - time/total:96.78346300125122 - reward/mean:0.0 - reward/max:0.0 - reward/min:0.0 - batch/num_episodes:1 - distributed/num_processes:3 - distributed/rank:0
[32mTrajectory 3 completed due to: ENV_DONE. Reward is 1.0. 
[0m
[32mTrajectory 5 completed due to: ENV_DONE. Reward is 1.0. 
[0m
[32mTrajectory 1 completed due to: ENV_DONE. Reward is 1.0. 
[0m
[32mTrajectory 7 completed due to: ENV_DONE. Reward is 1.0. 
[0m
[32mTrajectory 2 completed due to: ENV_DONE. Reward is 1.0. 
[0m
[32mTrajectory 4 completed due to: ENV_DONE. Reward is 1.0. 
[0m
[32mTrajectory 0 completed due to: ENV_DONE. Reward is 1.0. 
[0m
[32mTrajectory 6 completed due to: ENV_DONE. Reward is 1.0. 
[0m
[36mNumber of Trajectories 1/8 completed[0m
[36mNumber of Trajectories 2/8 completed[0m
[36mNumber of Trajectories 3/8 completed[0m
[36mNumber of Trajectories 4/8 completed[0m
[36mNumber of Trajectories 5/8 completed[0m
[36mNumber of Trajectories 6/8 completed[0m
[36mNumber of Trajectories 7/8 completed[0m
[36mNumber of Trajectories 8/8 completed[0m
[33mTrajectory 7 completed due to: TRUNCATION. Reward is 0.0. 
[0m
[33mTrajectory 6 completed due to: TRUNCATION. Reward is 0.0. 
[0m
[33mTrajectory 4 completed due to: TRUNCATION. Reward is 0.0. 
[0m
[33mTrajectory 1 completed due to: TRUNCATION. Reward is 0.0. 
[0m
[33mTrajectory 0 completed due to: TRUNCATION. Reward is 0.0. 
[0m
[33mTrajectory 2 completed due to: TRUNCATION. Reward is 0.0. 
[0m
[33mTrajectory 5 completed due to: TRUNCATION. Reward is 0.0. 
[0m
[32mTrajectory 3 completed due to: ENV_DONE. Reward is 1.0. 
[0m
[36mNumber of Trajectories 1/8 completed[0m
[36mNumber of Trajectories 2/8 completed[0m
[36mNumber of Trajectories 3/8 completed[0m
[36mNumber of Trajectories 4/8 completed[0m
[36mNumber of Trajectories 5/8 completed[0m
[36mNumber of Trajectories 6/8 completed[0m
[36mNumber of Trajectories 7/8 completed[0m
[36mNumber of Trajectories 8/8 completed[0m
[33mTrajectory 0 completed due to: TRUNCATION. Reward is 0.0. 
[0m
[32mTrajectory 5 completed due to: ENV_DONE. Reward is 1.0. 
[0m
[33mTrajectory 2 completed due to: TRUNCATION. Reward is 0.0. 
[0m
[32mTrajectory 7 completed due to: ENV_DONE. Reward is 1.0. 
[0m
[32mTrajectory 3 completed due to: ENV_DONE. Reward is 1.0. 
[0m
[33mTrajectory 1 completed due to: ENV_DONE. Reward is 0.0. 
[0m
[33mTrajectory 6 completed due to: TRUNCATION. Reward is 0.0. 
[0m
[33mTrajectory 4 completed due to: TRUNCATION. Reward is 0.0. 
[0m
[36mNumber of Trajectories 1/8 completed[0m
[36mNumber of Trajectories 2/8 completed[0m
[36mNumber of Trajectories 3/8 completed[0m
[36mNumber of Trajectories 4/8 completed[0m
[36mNumber of Trajectories 5/8 completed[0m
[36mNumber of Trajectories 6/8 completed[0m
[36mNumber of Trajectories 7/8 completed[0m
[36mNumber of Trajectories 8/8 completed[0m
step:119 - grouping/num_groups:1 - grouping/num_samples:8 - advantage/mean:0.0 - advantage/std:0.33071891388307384 - loss/grad_norm:0.6015625 - loss/policy:-0.8583993911743164 - policy/ratio_mean:0.986998975276947 - time/sample:32.683003664016724 - time/train:34.70457482337952 - time/total:67.39268589019775 - reward/mean:0.5 - reward/max:1.0 - reward/min:0.0 - batch/num_episodes:1 - distributed/num_processes:3 - distributed/rank:0
[33mTrajectory 6 completed due to: ENV_DONE. Reward is 0.0. 
[0m
[33mTrajectory 7 completed due to: ENV_DONE. Reward is 0.0. 
[0m
[33mTrajectory 1 completed due to: ENV_DONE. Reward is 0.0. 
[0m
[33mTrajectory 4 completed due to: ENV_DONE. Reward is 0.0. 
[0m
[33mTrajectory 5 completed due to: ENV_DONE. Reward is 0.0. 
[0m
[33mTrajectory 3 completed due to: ENV_DONE. Reward is 0.0. 
[0m
[33mTrajectory 0 completed due to: ENV_DONE. Reward is 0.0. 
[0m
[36mNumber of Trajectories 1/8 completed[0m
[36mNumber of Trajectories 2/8 completed[0m
[36mNumber of Trajectories 3/8 completed[0m
[33mTrajectory 2 completed due to: ENV_DONE. Reward is 0.0. 
[0m
[36mNumber of Trajectories 4/8 completed[0m
[36mNumber of Trajectories 5/8 completed[0m
[36mNumber of Trajectories 6/8 completed[0m
[36mNumber of Trajectories 7/8 completed[0m
[36mNumber of Trajectories 8/8 completed[0m
[33mTrajectory 7 completed due to: ENV_DONE. Reward is 0.0. 
[0m
[33mTrajectory 0 completed due to: ENV_DONE. Reward is 0.0. 
[0m
[33mTrajectory 5 completed due to: ENV_DONE. Reward is 0.0. 
[0m
[33mTrajectory 3 completed due to: TRUNCATION. Reward is 0.0. 
[0m
[33mTrajectory 4 completed due to: TRUNCATION. Reward is 0.0. 
[0m
[33mTrajectory 2 completed due to: ENV_DONE. Reward is 0.0. 
[0m
[33mTrajectory 6 completed due to: ENV_DONE. Reward is 0.0. 
[0m
[33mTrajectory 1 completed due to: ENV_DONE. Reward is 0.0. 
[0m
[36mNumber of Trajectories 1/8 completed[0m
[36mNumber of Trajectories 2/8 completed[0m
[36mNumber of Trajectories 3/8 completed[0m
[36mNumber of Trajectories 4/8 completed[0m
[36mNumber of Trajectories 5/8 completed[0m
[36mNumber of Trajectories 6/8 completed[0m
[36mNumber of Trajectories 7/8 completed[0m
[36mNumber of Trajectories 8/8 completed[0m
[32mTrajectory 3 completed due to: TRUNCATION. Reward is 1.0. 
[0m
[33mTrajectory 5 completed due to: TRUNCATION. Reward is 0.0. 
[0m
[33mTrajectory 1 completed due to: TRUNCATION. Reward is 0.0. 
[0m
[33mTrajectory 7 completed due to: TRUNCATION. Reward is 0.0. 
[0m
[32mTrajectory 2 completed due to: ENV_DONE. Reward is 1.0. 
[0m
[33mTrajectory 4 completed due to: TRUNCATION. Reward is 0.0. 
[0m
[33mTrajectory 0 completed due to: TRUNCATION. Reward is 0.0. 
[0m
[33mTrajectory 6 completed due to: TRUNCATION. Reward is 0.0. 
[0m
[36mNumber of Trajectories 1/8 completed[0m
[36mNumber of Trajectories 2/8 completed[0m
[36mNumber of Trajectories 3/8 completed[0m
[36mNumber of Trajectories 4/8 completed[0m
[36mNumber of Trajectories 5/8 completed[0m
[36mNumber of Trajectories 6/8 completed[0m
[36mNumber of Trajectories 7/8 completed[0m
[36mNumber of Trajectories 8/8 completed[0m
step:120 - grouping/num_groups:1 - grouping/num_samples:8 - advantage/mean:0.0 - advantage/std:0.0 - loss/grad_norm:0.12890625 - loss/policy:0.0 - policy/ratio_mean:0.9956074953079224 - time/sample:3.063394069671631 - time/train:65.90020489692688 - time/total:68.9688675403595 - reward/mean:0.0416666679084301 - reward/max:0.0 - reward/min:0.0 - batch/num_episodes:1 - distributed/num_processes:3 - distributed/rank:0
[33mTrajectory 4 completed due to: TRUNCATION. Reward is 0.0. 
[0m
[33mTrajectory 1 completed due to: TRUNCATION. Reward is 0.0. 
[0m
[33mTrajectory 6 completed due to: TRUNCATION. Reward is 0.0. 
[0m
[33mTrajectory 2 completed due to: TRUNCATION. Reward is 0.0. 
[0m
[33mTrajectory 4 completed due to: TRUNCATION. Reward is 0.0. 
[0m
[33mTrajectory 0 completed due to: TRUNCATION. Reward is 0.0. 
[0m
[33mTrajectory 6 completed due to: TRUNCATION. Reward is 0.0. 
[0m
[33mTrajectory 1 completed due to: TRUNCATION. Reward is 0.0. 
[0m
[32mTrajectory 3 completed due to: ENV_DONE. Reward is 1.0. 
[0m
[33mTrajectory 7 completed due to: TRUNCATION. Reward is 0.0. 
[0m
[36mNumber of Trajectories 1/8 completed[0m
[36mNumber of Trajectories 2/8 completed[0m
[36mNumber of Trajectories 3/8 completed[0m
[36mNumber of Trajectories 4/8 completed[0m
[36mNumber of Trajectories 5/8 completed[0m
[36mNumber of Trajectories 6/8 completed[0m
[36mNumber of Trajectories 7/8 completed[0m
[33mTrajectory 5 completed due to: TRUNCATION. Reward is 0.0. 
[0m
[36mNumber of Trajectories 8/8 completed[0m
[32mTrajectory 2 completed due to: ENV_DONE. Reward is 1.0. 
[0m
[33mTrajectory 7 completed due to: TRUNCATION. Reward is 0.0. 
[0m
[33mTrajectory 0 completed due to: TRUNCATION. Reward is 0.0. 
[0m
[33mTrajectory 5 completed due to: TRUNCATION. Reward is 0.0. 
[0m
[36mNumber of Trajectories 1/8 completed[0m
[36mNumber of Trajectories 2/8 completed[0m
[36mNumber of Trajectories 3/8 completed[0m
[33mTrajectory 3 completed due to: TRUNCATION. Reward is 0.0. 
[0m
[36mNumber of Trajectories 4/8 completed[0m
[36mNumber of Trajectories 5/8 completed[0m
[36mNumber of Trajectories 6/8 completed[0m
[36mNumber of Trajectories 7/8 completed[0m
[36mNumber of Trajectories 8/8 completed[0m
[33mTrajectory 6 completed due to: TRUNCATION. Reward is 0.0. 
[0m
[32mTrajectory 5 completed due to: ENV_DONE. Reward is 1.0. 
[0m
[32mTrajectory 3 completed due to: ENV_DONE. Reward is 1.0. 
[0m
[33mTrajectory 7 completed due to: TRUNCATION. Reward is 0.0. 
[0m
[32mTrajectory 0 completed due to: ENV_DONE. Reward is 1.0. 
[0m
[33mTrajectory 1 completed due to: TRUNCATION. Reward is 0.0. 
[0m
[32mTrajectory 4 completed due to: ENV_DONE. Reward is 1.0. 
[0m
[36mNumber of Trajectories 1/8 completed[0m
[36mNumber of Trajectories 2/8 completed[0m
[36mNumber of Trajectories 3/8 completed[0m
[36mNumber of Trajectories 4/8 completed[0m
[33mTrajectory 2 completed due to: TRUNCATION. Reward is 0.0. 
[0m
[36mNumber of Trajectories 5/8 completed[0m
[36mNumber of Trajectories 6/8 completed[0m
[36mNumber of Trajectories 7/8 completed[0m
[36mNumber of Trajectories 8/8 completed[0m
[33mTrajectory 1 completed due to: TRUNCATION. Reward is 0.0. 
[0m
[33mTrajectory 0 completed due to: TRUNCATION. Reward is 0.0. 
[0m
[36mNumber of Trajectories 1/2 completed[0m
[36mNumber of Trajectories 2/2 completed[0m
[33mTrajectory 1 completed due to: TRUNCATION. Reward is 0.0. 
[0m
[32mTrajectory 0 completed due to: ENV_DONE. Reward is 1.0. 
[0m
[36mNumber of Trajectories 1/2 completed[0m
[36mNumber of Trajectories 2/2 completed[0m
[32mTrajectory 0 completed due to: ENV_DONE. Reward is 1.0. 
[0m
[33mTrajectory 1 completed due to: TRUNCATION. Reward is 0.0. 
[0m
[36mNumber of Trajectories 1/2 completed[0m
[36mNumber of Trajectories 2/2 completed[0m
step:120 - val/reward_mean:0.2666666805744171 - val/reward_std:0.5 - val/reward_min:0.0 - val/reward_max:1.0 - val/turns_mean:1.0
[33mTrajectory 0 completed due to: ENV_DONE. Reward is 0.0. 
[0m
[33mTrajectory 6 completed due to: ENV_DONE. Reward is 0.0. 
[0m
[33mTrajectory 2 completed due to: ENV_DONE. Reward is 0.0. 
[0m
[33mTrajectory 7 completed due to: ENV_DONE. Reward is 0.0. 
[0m
[33mTrajectory 4 completed due to: ENV_DONE. Reward is 0.0. 
[0m
[33mTrajectory 1 completed due to: ENV_DONE. Reward is 0.0. 
[0m
[33mTrajectory 5 completed due to: ENV_DONE. Reward is 0.0. 
[0m
[33mTrajectory 3 completed due to: ENV_DONE. Reward is 0.0. 
[0m
[36mNumber of Trajectories 1/8 completed[0m
[36mNumber of Trajectories 2/8 completed[0m
[36mNumber of Trajectories 3/8 completed[0m
[36mNumber of Trajectories 4/8 completed[0m
[36mNumber of Trajectories 5/8 completed[0m
[36mNumber of Trajectories 6/8 completed[0m
[36mNumber of Trajectories 7/8 completed[0m
[36mNumber of Trajectories 8/8 completed[0m
[32mTrajectory 7 completed due to: ENV_DONE. Reward is 1.0. 
[0m
[33mTrajectory 4 completed due to: TRUNCATION. Reward is 0.0. 
[0m
[33mTrajectory 2 completed due to: TRUNCATION. Reward is 0.0. 
[0m
[33mTrajectory 0 completed due to: TRUNCATION. Reward is 0.0. 
[0m
[32mTrajectory 1 completed due to: ENV_DONE. Reward is 1.0. 
[0m
[32mTrajectory 5 completed due to: ENV_DONE. Reward is 1.0. 
[0m
[33mTrajectory 3 completed due to: TRUNCATION. Reward is 0.0. 
[0m
[36mNumber of Trajectories 1/8 completed[0m
[36mNumber of Trajectories 2/8 completed[0m
[36mNumber of Trajectories 3/8 completed[0m
[32mTrajectory 6 completed due to: ENV_DONE. Reward is 1.0. 
[0m
[36mNumber of Trajectories 4/8 completed[0m
[36mNumber of Trajectories 5/8 completed[0m
[36mNumber of Trajectories 6/8 completed[0m
[36mNumber of Trajectories 7/8 completed[0m
[36mNumber of Trajectories 8/8 completed[0m
[32mTrajectory 4 completed due to: ENV_DONE. Reward is 1.0. 
[0m
[32mTrajectory 6 completed due to: ENV_DONE. Reward is 1.0. 
[0m
[32mTrajectory 1 completed due to: ENV_DONE. Reward is 1.0. 
[0m
[32mTrajectory 7 completed due to: ENV_DONE. Reward is 1.0. 
[0m
[32mTrajectory 2 completed due to: ENV_DONE. Reward is 1.0. 
[0m
[32mTrajectory 3 completed due to: ENV_DONE. Reward is 1.0. 
[0m
[32mTrajectory 0 completed due to: ENV_DONE. Reward is 1.0. 
[0m
[32mTrajectory 5 completed due to: ENV_DONE. Reward is 1.0. 
[0m
[36mNumber of Trajectories 1/8 completed[0m
[36mNumber of Trajectories 2/8 completed[0m
[36mNumber of Trajectories 3/8 completed[0m
[36mNumber of Trajectories 4/8 completed[0m
[36mNumber of Trajectories 5/8 completed[0m
[36mNumber of Trajectories 6/8 completed[0m
[36mNumber of Trajectories 7/8 completed[0m
[36mNumber of Trajectories 8/8 completed[0m
step:121 - grouping/num_groups:1 - grouping/num_samples:8 - advantage/mean:0.0 - advantage/std:0.5 - loss/grad_norm:0.455078125 - loss/policy:-0.4835173487663269 - policy/ratio_mean:0.9757952094078064 - time/sample:46.686110973358154 - time/train:7.217704772949219 - time/total:53.97543668746948 - reward/mean:0.5 - reward/max:1.0 - reward/min:0.0 - batch/num_episodes:1 - distributed/num_processes:3 - distributed/rank:0
[32mTrajectory 7 completed due to: ENV_DONE. Reward is 1.0. 
[0m
[32mTrajectory 1 completed due to: ENV_DONE. Reward is 1.0. 
[0m
[32mTrajectory 3 completed due to: ENV_DONE. Reward is 1.0. 
[0m
[32mTrajectory 6 completed due to: ENV_DONE. Reward is 1.0. 
[0m
[32mTrajectory 5 completed due to: ENV_DONE. Reward is 1.0. 
[0m
[32mTrajectory 4 completed due to: ENV_DONE. Reward is 1.0. 
[0m
[32mTrajectory 0 completed due to: ENV_DONE. Reward is 1.0. 
[0m
[32mTrajectory 2 completed due to: ENV_DONE. Reward is 1.0. 
[0m
[36mNumber of Trajectories 1/8 completed[0m
[36mNumber of Trajectories 2/8 completed[0m
[36mNumber of Trajectories 3/8 completed[0m
[36mNumber of Trajectories 4/8 completed[0m
[36mNumber of Trajectories 5/8 completed[0m
[36mNumber of Trajectories 6/8 completed[0m
[36mNumber of Trajectories 7/8 completed[0m
[36mNumber of Trajectories 8/8 completed[0m
[33mTrajectory 4 completed due to: TRUNCATION. Reward is 0.0. 
[0m
[32mTrajectory 6 completed due to: ENV_DONE. Reward is 1.0. 
[0m
[32mTrajectory 1 completed due to: ENV_DONE. Reward is 1.0. 
[0m
[32mTrajectory 7 completed due to: ENV_DONE. Reward is 1.0. 
[0m
[33mTrajectory 2 completed due to: TRUNCATION. Reward is 0.0. 
[0m
[32mTrajectory 3 completed due to: ENV_DONE. Reward is 1.0. 
[0m
[33mTrajectory 0 completed due to: TRUNCATION. Reward is 0.0. 
[0m
[32mTrajectory 5 completed due to: ENV_DONE. Reward is 1.0. 
[0m
[36mNumber of Trajectories 1/8 completed[0m
[36mNumber of Trajectories 2/8 completed[0m
[36mNumber of Trajectories 3/8 completed[0m
[36mNumber of Trajectories 4/8 completed[0m
[36mNumber of Trajectories 5/8 completed[0m
[36mNumber of Trajectories 6/8 completed[0m
[36mNumber of Trajectories 7/8 completed[0m
[36mNumber of Trajectories 8/8 completed[0m
[32mTrajectory 0 completed due to: ENV_DONE. Reward is 1.0. 
[0m
[32mTrajectory 6 completed due to: ENV_DONE. Reward is 1.0. 
[0m
[32mTrajectory 2 completed due to: ENV_DONE. Reward is 1.0. 
[0m
[32mTrajectory 7 completed due to: ENV_DONE. Reward is 1.0. 
[0m
[32mTrajectory 4 completed due to: ENV_DONE. Reward is 1.0. 
[0m
[32mTrajectory 1 completed due to: ENV_DONE. Reward is 1.0. 
[0m
[32mTrajectory 5 completed due to: ENV_DONE. Reward is 1.0. 
[0m
[32mTrajectory 3 completed due to: ENV_DONE. Reward is 1.0. 
[0m
[36mNumber of Trajectories 1/8 completed[0m
[36mNumber of Trajectories 2/8 completed[0m
[36mNumber of Trajectories 3/8 completed[0m
[36mNumber of Trajectories 4/8 completed[0m
[36mNumber of Trajectories 5/8 completed[0m
[36mNumber of Trajectories 6/8 completed[0m
[36mNumber of Trajectories 7/8 completed[0m
[36mNumber of Trajectories 8/8 completed[0m
step:122 - grouping/num_groups:1 - grouping/num_samples:8 - advantage/mean:0.0 - advantage/std:0.0 - loss/grad_norm:0.3671875 - loss/policy:0.0 - policy/ratio_mean:0.9891701340675354 - time/sample:21.380274057388306 - time/train:55.297600746154785 - time/total:76.68413829803467 - reward/mean:0.875 - reward/max:1.0 - reward/min:1.0 - batch/num_episodes:1 - distributed/num_processes:3 - distributed/rank:0
